smiles,true_dent,pred_dent,dent_correct,molecular_acc,balanced_acc,donor_recall,neg_acc,overall_acc,tp,fp,tn,fn
Fc1ccnc(-c2[c]c3ccccc3s2)c1,2,2,1.0,1.0,1.0,1.0,1.0,1.0,2,0,14,0
CC1(C)C(P(C2=C(P(c3ccccc3)c3ccccc3)c3ccccc3C2(C)C)c2ccccc2)=C(P(c2ccccc2)c2ccccc2)c2ccccc21,3,3,1.0,1.0,1.0,1.0,1.0,1.0,3,0,52,0
CC1(C)C(P(C2=C(P(c3ccccc3)c3ccccc3)c3ccc4ccccc4c3C2(C)C)c2ccccc2)=C(P(c2ccccc2)c2ccccc2)c2ccc3ccccc3c21,3,3,1.0,1.0,1.0,1.0,1.0,1.0,3,0,60,0
CC(C)(C)/C([O-])=N\c1ccccc1,2,2,1.0,1.0,1.0,1.0,1.0,1.0,2,0,11,0
Cc1ccc(-n2c(-c3ccccc3)nnc2-c2ccccn2)cc1,2,2,1.0,1.0,1.0,1.0,1.0,1.0,2,0,22,0
Cc1ccc(-n2c(-c3ccccc3)nnc2-c2ccncn2)cc1,2,2,1.0,1.0,1.0,1.0,1.0,1.0,2,0,22,0
Cc1ccc(-n2c(-c3ccccc3)nnc2-c2cnccn2)cc1,2,2,1.0,1.0,1.0,1.0,1.0,1.0,2,0,22,0
C1=N/c2ccccc2/N=C/c2ccccc2[N-]c2ccccc2[N-]c2ccccc2/1,4,4,1.0,1.0,1.0,1.0,1.0,1.0,4,0,26,0
COc1c(OC)c(C(c2ccccc2)c2ccccc2)c(/N=C2C(=N/c3c(C)cccc3C)/c3cccc4cccc/2c34)c(C(c2ccccc2)c2ccccc2)c1OC,2,2,1.0,1.0,1.0,1.0,1.0,1.0,2,0,58,0
COc1c(OC)c(C(c2ccccc2)c2ccccc2)c(/N=C2C(=N/c3c(C)cc(C)cc3C)/c3cccc4cccc/2c34)c(C(c2ccccc2)c2ccccc2)c1OC,2,2,1.0,1.0,1.0,1.0,1.0,1.0,2,0,59,0
CP(C)C,1,1,1.0,1.0,1.0,1.0,1.0,1.0,1,0,3,0
Cc1ccncc1,1,1,1.0,1.0,1.0,1.0,1.0,1.0,1,0,6,0
CC(C)(C)c1cc(/C=N/[C@@H](c2ccccc2)[C@@H](/N=C/c2cc(C(C)(C)C)cc(C(C)(C)C)c2[O-])c2ccccc2)c([O-])c(C(C)(C)C)c1,4,4,1.0,1.0,1.0,1.0,1.0,1.0,4,0,44,0
O=C(OPC(c1ccccc1)(c1ccccc1)c1ccccc1)C(F)(F)F,1,1,1.0,1.0,1.0,1.0,1.0,1.0,1,0,26,0
[C]c1ccc(C)cc1,1,1,1.0,1.0,1.0,1.0,1.0,1.0,1,0,7,0
[O-]/C(=N\N=C\c1ccc2ccccc2n1)c1ccccc1O,3,3,1.0,1.0,1.0,1.0,1.0,1.0,3,0,19,0
N#C[C@@]1(Cc2ccccc2)CCc2ccc(-c3ccccn3)nc21,2,2,1.0,1.0,1.0,1.0,1.0,1.0,2,0,22,0
Cc1cc(C)[nH]n1,1,1,1.0,1.0,1.0,1.0,1.0,1.0,1,0,6,0
COc1ccc(C(c2ccc(OC)cc2)c2cc(OC(F)(F)F)cc(C(c3ccc(OC)cc3)c3ccc(OC)cc3)c2/N=C2C(=N/c3ccc(C)cc3C)/c3cccc4cccc/2c34)cc1,2,2,1.0,1.0,1.0,1.0,1.0,1.0,2,0,65,0
COc1ccc(C(c2ccc(OC)cc2)c2cc(OC(F)(F)F)cc(C(c3ccc(OC)cc3)c3ccc(OC)cc3)c2/N=C2C(=N/c3c(C)cc(C)cc3C)/c3cccc4cccc/2c34)cc1,2,2,1.0,1.0,1.0,1.0,1.0,1.0,2,0,66,0
O=[N+]([O-])c1ccc(-c2c3nc(c(-c4c(F)cccc4F)c4ccc([n-]4)c(-c4ccc([N+](=O)[O-])cc4)c4ccc([n-]4)c4ccc2[n-]4)C=C3)cc1,4,4,1.0,1.0,1.0,1.0,1.0,1.0,4,0,45,0
O=P([N-]c1ccccn1)(c1ccccc1)c1ccccc1,2,3,0.0,0.0,0.9736842105263157,1.0,0.9473684210526315,0.9523809523809523,2,1,18,0
Cc1[c]cccc1,1,1,1.0,1.0,1.0,1.0,1.0,1.0,1,0,6,0
[O-]c1c(Cl)cc(Cl)c2cccnc12,2,2,1.0,1.0,1.0,1.0,1.0,1.0,2,0,11,0
[S-]/C(=C(\[S-])c1ccccc1)c1ccccc1,2,2,1.0,1.0,1.0,1.0,1.0,1.0,2,0,14,0
CN/C([S-])=N/N=C/c1cc(Br)ccc1[O-],3,3,1.0,1.0,1.0,1.0,1.0,1.0,3,0,12,0
CCP(CC)CCP(CC)CC,2,2,1.0,1.0,1.0,1.0,1.0,1.0,2,0,10,0
Cc1cc(C)c([O-])c(CN(C)CCN(C)Cc2cc(C)cc(C)c2[O-])c1,4,4,1.0,1.0,1.0,1.0,1.0,1.0,4,0,22,0
C=C/C(=C\c1ccccc1)[S@](=O)c1ccccc1,4,5,0.0,0.0,0.8035714285714286,0.75,0.8571428571428571,0.8333333333333334,3,2,12,1
Oc1cccc(F)n1,1,2,0.0,0.0,0.9285714285714286,1.0,0.8571428571428571,0.875,1,1,6,0
CC(C)c1cccc(C(C)C)c1N1[C][C@]2(C[C@H](C)CC[C@H]2C(C)C)CC1(C)C,1,1,1.0,1.0,1.0,1.0,1.0,1.0,1,0,27,0
Cc1ccc([S-])c([S-])c1,2,2,1.0,1.0,1.0,1.0,1.0,1.0,2,0,7,0
CC(C)(C)c1ccc([S-])c([S-])c1,2,2,1.0,1.0,1.0,1.0,1.0,1.0,2,0,10,0
[O-]c1cc(O)ccc1/C=N/c1ccccc1[O-],3,3,1.0,1.0,1.0,1.0,1.0,1.0,3,0,14,0
CC(C)[C@@H](N)c1ccccn1,2,2,1.0,1.0,1.0,1.0,1.0,1.0,2,0,9,0
F[C](OC(F)(F)F)C(F)(F)C(F)(F)[C](F)OC(F)(F)F,2,2,1.0,1.0,1.0,1.0,1.0,1.0,2,0,18,0
CC1(C)c2cccc([C](F)C(F)(F)C(F)(F)[C](F)P(c3ccccc3)c3ccccc3)c2Oc2c(P(c3ccccc3)c3ccccc3)cccc21,4,5,0.0,0.0,0.9895833333333333,1.0,0.9791666666666666,0.9807692307692307,4,1,47,0
CC(C)OP(OC(C)C)OC(C)C,1,1,1.0,1.0,1.0,1.0,1.0,1.0,1,0,12,0
FC(F)=C(F)OC(F)(F)F,2,2,1.0,1.0,1.0,1.0,1.0,1.0,2,0,8,0
O=c1c([S-])c([S-])c1=O,2,2,1.0,1.0,1.0,1.0,1.0,1.0,2,0,6,0
O=C(N/N=C/c1cc2ccccc2c2ccc[c]c12)c1ccccc1,3,3,1.0,1.0,1.0,1.0,1.0,1.0,3,0,22,0
COc1ccc(C(=O)N/N=C/c2cc3ccccc3c3ccc[c]c23)cc1,3,3,1.0,1.0,1.0,1.0,1.0,1.0,3,0,24,0
O=[N+]([O-])c1ccc(/C([O-])=N/N=C/c2cc3ccccc3c3ccc[c]c23)cc1,3,3,1.0,1.0,1.0,1.0,1.0,1.0,3,0,25,0
CC(C)(N)[P+](=O)(=O)[O-],2,4,0.0,0.0,0.8333333333333333,1.0,0.6666666666666666,0.75,2,2,4,0
NCCNCC[O-],3,3,1.0,1.0,1.0,1.0,1.0,1.0,3,0,4,0
NCCNCCCl,2,2,1.0,1.0,1.0,1.0,1.0,1.0,2,0,5,0
COC(=O)c1cc(OP(C(C)(C)C)C(C)(C)C)[c]c(OP(C(C)(C)C)C(C)(C)C)c1,3,3,1.0,1.0,1.0,1.0,1.0,1.0,3,0,27,0
Cc1ncc(CO)c(/C=N/CCOCCOCC/N=C/c2c(CO)cnc(C)c2[O-])c1[O-],6,6,1.0,1.0,1.0,1.0,1.0,1.0,6,0,26,0
Cc1ccc2c(Cl)cc(Cl)c([O-])c2n1,2,2,1.0,1.0,1.0,1.0,1.0,1.0,2,0,12,0
c1ccc2cnncc2c1,1,2,0.0,0.0,0.9444444444444444,1.0,0.8888888888888888,0.9,1,1,8,0
CC1=C(C)[N+](=c2n(C(C)C)c(C)c(C)n2C(C)C)B(N[C]=O)N1c1c(C(C)C)cccc1C(C)C,1,1,1.0,1.0,1.0,1.0,1.0,1.0,1,0,34,0
Cc1ccnc(-c2[c]cc(F)cc2F)c1,2,2,1.0,1.0,1.0,1.0,1.0,1.0,2,0,13,0
CO[C]Nc1ccc(C#N)cc1,1,1,1.0,1.0,1.0,1.0,1.0,1.0,1,0,11,0
C(=N/[C@H]1C[C@@H](/N=C/c2cc3ccccc3[nH]2)C[C@@H](/N=C/c2cc3ccccc3[nH]2)C1)\c1cc2ccccc2[nH]1,3,3,1.0,1.0,1.0,1.0,1.0,1.0,3,0,36,0
C(=N/[C@H]1C[C@@H](/N=C/c2cc3ccccc3[nH]2)C[C@@H](/N=C/c2cc3ccccc3[nH]2)C1)\c1cc2ccccc2[n-]1,4,4,1.0,1.0,1.0,1.0,1.0,1.0,4,0,35,0
[S-]/C(=N\N=C(\C=C\c1ccccc1)c1ccccc1)Nc1ccccc1,2,2,1.0,1.0,1.0,1.0,1.0,1.0,2,0,24,0
O=C([O-])[C@@H](O)[C@H](O)C(=O)O,2,4,0.0,0.0,0.875,1.0,0.75,0.8,2,2,6,0
O=C([O-])CNS(=O)(=O)c1ccc(Cl)cc1,1,2,0.0,0.0,0.9642857142857143,1.0,0.9285714285714286,0.9333333333333333,1,1,13,0
Fc1ccc(-c2ccccn2)c(F)c1,1,1,1.0,1.0,1.0,1.0,1.0,1.0,1,0,13,0
CC(C)(C)[O-],1,1,1.0,1.0,1.0,1.0,1.0,1.0,1,0,4,0
CN1CCN(C)CCN(CCCN2C(=O)C=CC2=O)CCN(C)CC1,4,4,1.0,1.0,1.0,1.0,1.0,1.0,4,0,21,0
CC(C)(C)c1cc(/C=N/NC(=O)c2ccccc2O)c([O-])c(C(C)(C)C)c1,3,3,1.0,1.0,1.0,1.0,1.0,1.0,3,0,24,0
c1ccc2c(c1)[n-]c1ccccc12,1,1,1.0,1.0,1.0,1.0,1.0,1.0,1,0,12,0
CN(C)C/C(=C/P(c1ccccc1)c1ccccc1)P(c1ccccc1)c1ccccc1,2,3,0.0,0.0,0.9833333333333334,1.0,0.9666666666666667,0.96875,2,1,29,0
O=C(Nc1cccc(I)c1)c1cccnc1,1,1,1.0,1.0,1.0,1.0,1.0,1.0,1,0,15,0
O=C(Nc1cccc(Cl)c1)c1cccnc1,1,1,1.0,1.0,1.0,1.0,1.0,1.0,1,0,15,0
O=C1Nc2cc1c(-c1c(F)c(F)c(F)c(F)c1F)c1ccc([n-]1)c(-c1c(F)c(F)c(F)c(F)c1F)c1nc(c(-c3c(F)c(F)c(F)c(F)c3F)c3[c]cc(s3)c3ccc(s3)c(-c3c(F)c(F)c(F)c(F)c3F)c3nc(c2-c2c(F)c(F)c(F)c(F)c2F)C=C3)C=C1,4,3,0.0,0.0,0.875,0.75,1.0,0.989010989010989,3,0,87,1
O=C1[N-]c2cc1c(-c1c(F)c(F)c(F)c(F)c1F)c1ccc([nH]1)c(-c1c(F)c(F)c(F)c(F)c1F)c1nc(c(-c3c(F)c(F)c(F)c(F)c3F)c3ccc(s3)c3ccc(s3)c(-c3c(F)c(F)c(F)c(F)c3F)c3nc(c2-c2c(F)c(F)c(F)c(F)c2F)C=C3)C=C1,2,4,0.0,0.0,0.9887640449438202,1.0,0.9775280898876404,0.978021978021978,2,2,87,0
O=C1Nc2cc1c(-c1c(F)c(F)c(F)c(F)c1F)c1ccc([n-]1)c1ccc([n-]1)c(-c1c(F)c(F)c(F)c(F)c1F)c1ccc(s1)c1ccc(s1)c(-c1c(F)c(F)c(F)c(F)c1F)c1nc(c2-c2c(F)c(F)c(F)c(F)c2F)C=C1,4,4,1.0,0.0,0.8683333333333334,0.75,0.9866666666666667,0.9746835443037974,3,1,74,1
CC(C)CCn1c(-c2[c]cc(F)cc2)nc2ccccc21,2,2,1.0,1.0,1.0,1.0,1.0,1.0,2,0,19,0
c1ccc2c(c1)Sc1ccccc1N2c1ccnc2c1ccc1c(N3c4ccccc4Sc4ccccc43)ccnc12,2,4,0.0,0.0,0.975,1.0,0.95,0.9523809523809523,2,2,38,0
c1ccc(P(=Nc2ccccc2-c2nc3ccccc3s2)([N-]c2ccccc2-c2nc3ccccc3s2)c2ccccc2)cc1,4,4,1.0,1.0,1.0,1.0,1.0,1.0,4,0,41,0
CC(C)c1cccc(C(C)C)c1N1[C][C@@]2(C)CC[C@]1(C)C[C@H]2C,1,1,1.0,1.0,1.0,1.0,1.0,1.0,1,0,22,0
CC(C)c1cccc(C(C)C)c1N1[C][C@]2(C(C)C)CC[C@@]1(C)C[C@@H]2C,1,1,1.0,1.0,1.0,1.0,1.0,1.0,1,0,24,0
Clc1ccc(CO[C@@H](Cn2ccnc2)c2ccc(Cl)cc2Cl)cc1,1,1,1.0,1.0,1.0,1.0,1.0,1.0,1,0,23,0
N[C](~[S-2])~[S-2],2,2,1.0,1.0,1.0,1.0,1.0,1.0,2,0,2,0
Fc1c[c]c(-c2ccccn2)c(F)c1,2,2,1.0,1.0,1.0,1.0,1.0,1.0,2,0,12,0
[S-]c1cnccn1,2,2,1.0,1.0,1.0,1.0,1.0,1.0,2,0,5,0
CC(c1ccccn1)(c1ccccn1)c1ccc2ccc(CP(c3ccccc3)c3ccccc3)nc2n1,2,5,0.0,0.0,0.9583333333333333,1.0,0.9166666666666666,0.9210526315789473,2,3,33,0
S=P(c1ccccc1)(c1ccccc1)c1ccc2ccccc2n1,2,2,1.0,1.0,1.0,1.0,1.0,1.0,2,0,22,0
Cc1cc([C@]23C[C@H]4C[C@H](C[C@H](C4)C2)C3)c([O-])c2c1CC[C@H]2N(C)CCN(C)[C@@H]1CCc2c(C)cc([C@]34C[C@H]5C[C@H](C[C@H](C5)C3)C4)c([O-])c21,4,4,1.0,1.0,1.0,1.0,1.0,1.0,4,0,44,0
CN/C([S-])=N/N=C\c1ccc(C)s1,2,3,0.0,0.0,0.9545454545454546,1.0,0.9090909090909091,0.9230769230769231,2,1,10,0
[NH3+]Cc1ccncc1,1,1,1.0,1.0,1.0,1.0,1.0,1.0,1,0,7,0
C[C@@H](/N=C/c1ccccc1OCC(=O)[O-])C(=O)[O-],4,6,0.0,0.0,0.9285714285714286,1.0,0.8571428571428571,0.8888888888888888,4,2,12,0
Cc1cc(C)c(/C2=C3\C=CC(=N3)c3cc([N+](=O)[O-])c([n-]3)/C(c3c(C)cc(C)cc3C)=C3\N=C(C=C3NCc3ccccc3)c3cc([N+](=O)[O-])c2[n-]3)c(C)c1,4,4,1.0,1.0,1.0,1.0,1.0,1.0,4,0,50,0
COc1ccc([C](~[CH]~[CH]~[N-2]c2ccc(I)cc2)~[N-2]c2ccc(I)cc2)cc1,2,2,1.0,1.0,1.0,1.0,1.0,1.0,2,0,25,0
Fc1ccc(P(c2ccc(F)cc2)c2ccc(F)cc2)cc1,1,1,1.0,1.0,1.0,1.0,1.0,1.0,1,0,21,0
c1ccc(CN(Cc2ccccn2)Cc2ccc3ccccc3n2)nc1,4,4,1.0,1.0,1.0,1.0,1.0,1.0,4,0,22,0
Cc1ccc(-n2cc(-c3ccccn3)nn2)cc1,2,2,1.0,1.0,1.0,1.0,1.0,1.0,2,0,16,0
CCC(C)(C)C1=CC(=O)C(C(C)(C)CC)=CC1=O,4,4,1.0,1.0,1.0,1.0,1.0,1.0,4,0,14,0
O=C1NCCN1,1,1,1.0,1.0,1.0,1.0,1.0,1.0,1,0,5,0
[c]1cc(-c2ccccc2-c2ccc(N(c3ccccc3)c3ccccc3)cc2)ccc1-c1nc2ccccc2n1-c1ccccc1,2,2,1.0,1.0,1.0,1.0,1.0,1.0,2,0,44,0
[c]1cc(-c2ccc(-c3ccc(N(c4ccccc4)c4ccccc4)cc3)cc2)ccc1-c1nc2ccccc2n1-c1ccccc1,2,2,1.0,1.0,1.0,1.0,1.0,1.0,2,0,44,0
[c]1cc(-c2ccccc2)ccc1-c1nc2ccccc2n1-c1ccccc1,2,2,1.0,1.0,1.0,1.0,1.0,1.0,2,0,25,0
n1n[n-]c(Nc2nc(Nc3nnn[n-]3)nc(Nc3nnn[nH]3)n2)n1,3,6,0.0,0.0,0.9285714285714286,1.0,0.8571428571428571,0.875,3,3,18,0
O=S1(=O)N=C(NCC/N=C/c2cc(Br)cc(Br)c2[O-])c2ccccc21,2,2,1.0,1.0,1.0,1.0,1.0,1.0,2,0,23,0
C1=CN2C(=[N+]1)n1c(-c3ccccn3)cnc1-n1ccnc12,2,2,1.0,0.0,0.7236842105263157,0.5,0.9473684210526315,0.9047619047619048,1,1,18,1
C/C(=N\Cc1ncc[nH]1)C(=O)[O-],3,4,0.0,0.0,0.9444444444444444,1.0,0.8888888888888888,0.9166666666666666,3,1,8,0
C[C](~[O-2])~[C](Br)~[C](C)~[O-2],2,2,1.0,1.0,1.0,1.0,1.0,1.0,2,0,6,0
C1CCC(P(CCCP(C2CCCCC2)C2CCCCC2)C2CCCCC2)CC1,2,2,1.0,1.0,1.0,1.0,1.0,1.0,2,0,27,0
C1CCC(P(CCCCP(C2CCCCC2)C2CCCCC2)C2CCCCC2)CC1,2,2,1.0,1.0,1.0,1.0,1.0,1.0,2,0,28,0
Cc1ccc(COc2ccc(/C([O-])=N/N=C\C(C)C)cc2)cc1,2,2,1.0,1.0,1.0,1.0,1.0,1.0,2,0,21,0
CC/C=N\N=C(/[O-])c1ccc(OCc2ccc(C)cc2)cc1,2,2,1.0,1.0,1.0,1.0,1.0,1.0,2,0,20,0
C=N/N=C(\[O-])c1ccc(OCc2ccc(C)cc2)cc1,2,2,1.0,1.0,1.0,1.0,1.0,1.0,2,0,18,0
[S-]/C(=N\N=C/C=C/c1ccccc1)Nc1ccccc1,2,2,1.0,1.0,1.0,1.0,1.0,1.0,2,0,18,0
COc1ccc(/C=N/[C@@H](C)c2ccc(Br)cc2)cc1,1,1,1.0,1.0,1.0,1.0,1.0,1.0,1,0,18,0
[c]1c(-c2ccccn2)sc2ccccc12,2,2,1.0,1.0,1.0,1.0,1.0,1.0,2,0,13,0
[CH2]c1c(-c2ccccc2)c(C)c(-c2ccccc2)[n+](-c2c(C)cc(C)cc2C)c1-c1ccccc1,1,1,1.0,1.0,1.0,1.0,1.0,1.0,1,0,34,0
CC(C)(C)c1cc(C(c2ccccc2)c2ccccc2)c(-n2c(-c3ccccc3)[n+](-c3c(C(c4ccccc4)c4ccccc4)cc(C(C)(C)C)cc3C(c3ccccc3)c3ccccc3)[p-]c2=O)c(C(c2ccccc2)c2ccccc2)c1,1,1,1.0,1.0,1.0,1.0,1.0,1.0,1,0,83,0
COC(=O)c1ccc2cnn(Cn3ncc4ccc(C(=O)OC)cc43)c2c1,2,2,1.0,1.0,1.0,1.0,1.0,1.0,2,0,25,0
[C]#[N+]C(C)(C)C,1,1,1.0,1.0,1.0,1.0,1.0,1.0,1,0,5,0
COc1c2nc3cc-2c2cc(-c4cc(C(C)(C)C)cc(C(C)(C)C)c4)cc(n2)c2ccc([nH]2)c2cc(-c4cc(C(C)(C)C)cc(C(C)(C)C)c4)cc(n2)c2cc([n-]c12)c(-c1cc(C(C)(C)C)cc(C(C)(C)C)c1)c1nc(c(-c2cc(C(C)(C)C)cc(C(C)(C)C)c2)c2ccc([n-]2)c3-c2cc(C(C)(C)C)cc(C(C)(C)C)c2)C=C1,4,4,1.0,1.0,1.0,1.0,1.0,1.0,4,0,109,0
COc1c2nc3cc-2c2cc(-c4cc(C(C)(C)C)cc(C(C)(C)C)c4)cc(n2)c2ccc([nH]2)c2cc(-c4cc(C(C)(C)C)cc(C(C)(C)C)c4)cc(n2)c2cc([n-]c12)c(-c1cc(C(C)(C)C)cc(C(C)(C)C)c1)c1cc2c4cc(-c5cc(C(C)(C)C)cc(C(C)(C)C)c5)cc(n4)c4ccc([nH]4)c4cc(-c5cc(C(C)(C)C)cc(C(C)(C)C)c5)cc(n4)c4cc([n-]c4c(OC)c-2n1)c3-c1cc(C(C)(C)C)cc(C(C)(C)C)c1,4,4,1.0,1.0,1.0,1.0,1.0,1.0,4,0,142,0
CC(C)(C)c1cc(-c2cc3nc(c2)c2ccc([nH]2)c2cc(-c4cc(C(C)(C)C)cc(C(C)(C)C)c4)cc(n2)c2cc4[n-]c2c(O)c2nc(cc3-2)c(-c2cc(C(C)(C)C)cc(C(C)(C)C)c2)c2ccc([n-]2)c(-c2cc(C(C)(C)C)cc(C(C)(C)C)c2)c2nc(c4-c3cc(C(C)(C)C)cc(C(C)(C)C)c3)C=C2)cc(C(C)(C)C)c1,4,5,0.0,0.0,0.9953703703703703,1.0,0.9907407407407407,0.9910714285714286,4,1,107,0
CN1C(=N)/C(=N\[N-]c2cccc3cccnc23)C(=O)N(C)C1=O,3,3,1.0,1.0,1.0,1.0,1.0,1.0,3,0,20,0
[O-]c1ccccc1/C=N/c1ccccc1[O-],3,3,1.0,1.0,1.0,1.0,1.0,1.0,3,0,13,0
Cc1ncc(CO)c(/C=N/c2ccccc2[O-])c1[O-],3,3,1.0,1.0,1.0,1.0,1.0,1.0,3,0,16,0
[O-]c1ccc(F)cc1/C=N/[C@H]1CCCC[C@@H]1/N=C/c1cc(F)ccc1[O-],4,4,1.0,1.0,1.0,1.0,1.0,1.0,4,0,22,0
COc1ccc([S+](=O)=O)cc1,1,1,1.0,1.0,1.0,1.0,1.0,1.0,1,0,10,0
[c]1cccc2ccc3cccnc3c12,2,2,1.0,1.0,1.0,1.0,1.0,1.0,2,0,12,0
O=[N+]([O-])c1ccc(-c2[c]cccc2)nc1,2,2,1.0,1.0,1.0,1.0,1.0,1.0,2,0,13,0
CC(C)CCC[C@@H](C)[C@H]1CC[C@H]2[C@@H]3CC[C@H]4C[C@@H](/N=C/c5cc(Br)ccc5[O-])CC[C@]4(C)[C@H]3CC[C@]12C,2,2,1.0,1.0,1.0,1.0,1.0,1.0,2,0,35,0
Cc1ccc2cccc([N-][C@@H](C)c3cc(C(C)(C)C)cc(C(C)(C)C)c3[O-])c2n1,3,3,1.0,1.0,1.0,1.0,1.0,1.0,3,0,26,0
CC(=O)c1ccc(-c2cc3cccnc3c3ncccc23)cc1,2,2,1.0,1.0,1.0,1.0,1.0,1.0,2,0,21,0
[c]1cccc2ccc3cc4ccc5ccccc5c4nc3c12,1,2,0.0,0.0,0.9761904761904762,1.0,0.9523809523809523,0.9545454545454546,1,1,20,0
CCN(C)/C([S-])=N/N=C(c1ccccn1)c1ccccn1,3,4,0.0,0.0,0.9722222222222222,1.0,0.9444444444444444,0.9523809523809523,3,1,17,0
CCN(C)C(=S)NN=C(c1ccccn1)c1ccccn1,2,4,0.0,0.0,0.9473684210526316,1.0,0.8947368421052632,0.9047619047619048,2,2,17,0
CCN(C)/C([S-])=N/N=C(/c1ccccn1)c1cccc[nH+]1,3,3,1.0,1.0,1.0,1.0,1.0,1.0,3,0,18,0
CC(C)[N+](=C/[C]=C1/C2=[C]c3ccccc3C(c3ccccc3)=C[C@H]2c2ccccc21)C(C)C,2,2,1.0,1.0,1.0,1.0,1.0,1.0,2,0,31,0
CC(C)[N+](=C/[C]=C1/C2=[C]c3ccccc3C(c3ccccc3)=C[C@@]2(O)c2ccccc21)C(C)C,2,2,1.0,1.0,1.0,1.0,1.0,1.0,2,0,32,0
COc1ccc(C2=C[C@@]3(O)C(=[C]c4ccccc42)/C(=[C]/C=[N+](C(C)C)C(C)C)c2ccccc23)cc1,2,2,1.0,1.0,1.0,1.0,1.0,1.0,2,0,34,0
Cc1cc(C)n(-c2[c]c(-n3nc(C)cc3C)ccc2)n1,3,3,1.0,1.0,1.0,1.0,1.0,1.0,3,0,17,0
Cc1cccnc1C(=O)[O-],2,3,0.0,0.0,0.9375,1.0,0.875,0.9,2,1,7,0
O=C(O)[CH][C@H](O)C(=O)[O-],2,3,0.0,0.0,0.9285714285714286,1.0,0.8571428571428571,0.8888888888888888,2,1,6,0
C(=N/c1ccccc1-c1nc2ccccc2[nH]1)\c1ccccn1,3,3,1.0,1.0,1.0,1.0,1.0,1.0,3,0,20,0
CCN([C]Nc1ccc(OC)cc1)CC,1,1,1.0,1.0,1.0,1.0,1.0,1.0,1,0,14,0
c1ccc2c(c1)[n-]c1c2ccc2ccoc21,1,1,1.0,1.0,1.0,1.0,1.0,1.0,1,0,15,0
c1ccc2c(c1)[n-]c1c2ccc2c3ccccc3oc21,1,1,1.0,1.0,1.0,1.0,1.0,1.0,1,0,19,0
CC(C)N(B(Cl)P(C(C)(C)C)C(C)(C)C)C(C)C,1,1,1.0,1.0,1.0,1.0,1.0,1.0,1,0,17,0
Cc1cc(C)cc(C2=C(c3ccccc3)C(c3ccccc3)=C(c3cc(C)cc(C)c3)C2=O)c1,4,5,0.0,0.0,0.9833333333333334,1.0,0.9666666666666667,0.9705882352941176,4,1,29,0
O=C(Nc1ccccc1)c1cccc(-c2cccc(C(=O)Nc3ccccc3)n2)n1,4,4,1.0,1.0,1.0,1.0,1.0,1.0,4,0,26,0
Cc1cc(C)n(Cn2nc(C)cc2C)n1,2,2,1.0,1.0,1.0,1.0,1.0,1.0,2,0,13,0
C[N-2],1,1,1.0,1.0,1.0,1.0,1.0,1.0,1,0,1,0
CC(C)(C)C#Cc1ccccc1,2,2,1.0,1.0,1.0,1.0,1.0,1.0,2,0,10,0
CCC(CC)(C1=N[C@H]2c3ccccc3C[C@H]2O1)C1=N[C@H]2c3ccccc3C[C@H]2O1,2,2,1.0,1.0,1.0,1.0,1.0,1.0,2,0,27,0
CC(C)(C)c1cc(-c2[c]oc3c(C(C)(C)C)cc(C(C)(C)C)cc23)c([O-])c(C(C)(C)C)c1,2,2,1.0,1.0,1.0,1.0,1.0,1.0,2,0,30,0
Cc1[nH][nH+]c(C)c1C(=O)NN,2,2,1.0,1.0,1.0,1.0,1.0,1.0,2,0,9,0
c1ccc2c(c1)ccc1[n-]c3ccc4ccccc4c3c12,1,1,1.0,1.0,1.0,1.0,1.0,1.0,1,0,20,0
COc1ccc2[n-]c3ccc(OC)cc3c2c1,1,1,1.0,1.0,1.0,1.0,1.0,1.0,1,0,16,0
O=C([O-])[C@H](Cc1c[nH]c2ccccc12)/N=C/c1cc(Cl)ccc1[O-],3,4,0.0,0.0,0.9761904761904762,1.0,0.9523809523809523,0.9583333333333334,3,1,20,0
O=C([O-])[C@H](Cc1c[nH]c2ccccc12)/N=C/c1cc(Cl)cc(Cl)c1[O-],3,4,0.0,0.0,0.9772727272727273,1.0,0.9545454545454546,0.96,3,1,21,0
[CH]c1ccccc1/N=C/c1ccccc1,2,2,1.0,1.0,1.0,1.0,1.0,1.0,2,0,13,0
COc1ccc([O-])c(/C=N/c2cccc3cccnc23)c1,3,3,1.0,1.0,1.0,1.0,1.0,1.0,3,0,18,0
CCOC(=O)c1nc(-c2ccccn2)n(C)n1,2,3,0.0,0.0,0.9666666666666667,1.0,0.9333333333333333,0.9411764705882353,2,1,14,0
CN(C)/C([S-])=N\[Si](C)(C)C,2,2,1.0,1.0,1.0,1.0,1.0,1.0,2,0,8,0
CCN(CC)P(Oc1ccccc1)Oc1ccccc1,1,1,1.0,1.0,1.0,1.0,1.0,1.0,1,0,19,0
Cc1cc(C)c([O-])c(C[NH+](CC[N+](C)(C)C)Cc2cc(C)cc(C)c2[O-])c1,2,2,1.0,1.0,1.0,1.0,1.0,1.0,2,0,25,0
Cc1cc(C)c([O-])c(C[NH+](CCN(C)C)Cc2cc(C)cc(C)c2[O-])c1,2,2,1.0,1.0,1.0,1.0,1.0,1.0,2,0,24,0
CC(C)(C)/C=C1\C=C(C(C)(C)C)C=C1C(C)(C)C,5,6,0.0,0.0,0.9615384615384616,1.0,0.9230769230769231,0.9444444444444444,5,1,12,0
CC(=N)n1cccn1,2,2,1.0,1.0,1.0,1.0,1.0,1.0,2,0,6,0
CC(C)P(C(C)C)N1c2ccccc2C=Cc2ccccc21,1,3,0.0,0.0,0.9523809523809523,1.0,0.9047619047619048,0.9090909090909091,1,2,19,0
[S-2]~[C](N/N=C/c1ccccc1P(c1ccccc1)c1ccccc1)Nc1ccccc1,3,3,1.0,1.0,1.0,1.0,1.0,1.0,3,0,28,0
[O-]c1ccc(C(F)(F)F)cc1C1=NCCS1,2,2,1.0,1.0,1.0,1.0,1.0,1.0,2,0,14,0
C[C](~[CH]~[C](C)~[N-2]c1c(C)cc(C)cc1C)~[N-2]c1c(C)cc(C)cc1C,2,2,1.0,1.0,1.0,1.0,1.0,1.0,2,0,23,0
c1ccc(-c2cn(CCOCCOc3ccc4ccccc4c3)nn2)nc1,2,2,1.0,1.0,1.0,1.0,1.0,1.0,2,0,25,0
Fc1c(F)c(F)c(-c2c3nc(c(-c4c(F)c(F)c(F)c(F)c4F)c4ccc([n-]4)c4ccc([n-]4)c(-c4c(F)c(F)c(F)c(F)c4F)c4ccc2[n-]4)C=C3)c(F)c1F,4,4,1.0,1.0,1.0,1.0,1.0,1.0,4,0,52,0
C[C@]12CC[C@@H]3c4ccc(O)cc4CC[C@H]3[C@@H]1CC[C@@]2(O)C#Cc1ccc(-c2cc(-c3ccccn3)nc(-c3ccccn3)c2)cc1,3,9,0.0,0.0,0.9302325581395349,1.0,0.8604651162790697,0.8695652173913043,3,6,37,0
[c]1ccccc1-c1cccc(-c2[c]cccc2)n1,3,3,1.0,1.0,1.0,1.0,1.0,1.0,3,0,15,0
[c]1cccc2ccc3cc4ccc5ccc[c]c5c4nc3c12,3,3,1.0,1.0,1.0,1.0,1.0,1.0,3,0,19,0
CSC,1,1,1.0,1.0,1.0,1.0,1.0,1.0,1,0,2,0
C[Si-](C)Cl,1,1,1.0,1.0,1.0,1.0,1.0,1.0,1,0,3,0
[O-]c1ccccc1/C=N/N=c1\[n-]nc(-c2ccccc2O)n1/N=C/c1ccccc1O,3,4,0.0,0.0,0.9821428571428572,1.0,0.9642857142857143,0.967741935483871,3,1,27,0
c1ccc(CNc2cccc3cccnc23)nc1,3,3,1.0,1.0,1.0,1.0,1.0,1.0,3,0,15,0
C[Si](C)(C)CSc1ccc2ccccc2c1,1,1,1.0,1.0,1.0,1.0,1.0,1.0,1,0,15,0
CN(C)C(=[N+]CCN(Cc1cc(N(C)C)ccn1)Cc1cc(N(C)C)ccn1)N(C)C,4,4,1.0,1.0,1.0,1.0,1.0,1.0,4,0,27,0
Cc1cccc(C)c1/N=C/c1cc(C(C)(C)C)cc(/C=N/c2c(C)cccc2C)c1[O-],2,3,0.0,0.0,0.9827586206896552,1.0,0.9655172413793104,0.967741935483871,2,1,28,0
CN1CCN(C)C1=[N+]c1cccc2cccc([N+]=C3N(C)CCN3C)c12,2,2,1.0,1.0,1.0,1.0,1.0,1.0,2,0,24,0
CN(C)C(=[N+]CCC[N+]=C(N(C)C)N(C)C)N(C)C,2,2,1.0,1.0,1.0,1.0,1.0,1.0,2,0,17,0
CC(C)/[N+]=C(/[N-]C(C)C)N(C)C,2,2,1.0,1.0,1.0,1.0,1.0,1.0,2,0,10,0
CN(CCN(C)Cc1ccccc1)Cc1ccccc1,2,2,1.0,1.0,1.0,1.0,1.0,1.0,2,0,18,0
Cc1cc(C)c([N-2])c(C)c1,1,1,1.0,1.0,1.0,1.0,1.0,1.0,1,0,9,0
CCN(CC)c1ccc2[c]c(-c3nc4ccccc4s3)c(=O)oc2c1,2,2,1.0,1.0,1.0,1.0,1.0,1.0,2,0,23,0
C/C(=N\CCN1CCCCC1)c1ccccn1,3,3,1.0,1.0,1.0,1.0,1.0,1.0,3,0,14,0
C/C(=N\CCN1CCOCC1)c1ccccn1,3,4,0.0,0.0,0.9642857142857143,1.0,0.9285714285714286,0.9411764705882353,3,1,13,0
COc1ccc(/C([O-])=N/N=C2\CCCc3c2[n-]c2ccccc32)cc1,3,3,1.0,1.0,1.0,1.0,1.0,1.0,3,0,22,0
[O-]/C(=N\N=C1/CCCc2c1[n-]c1ccccc21)c1ccc(Cl)cc1,3,3,1.0,1.0,1.0,1.0,1.0,1.0,3,0,21,0
CN(C)NC(N)=S,2,2,1.0,1.0,1.0,1.0,1.0,1.0,2,0,5,0
O=C([O-])Cc1cn2ccccc2n1,2,3,0.0,0.0,0.9545454545454546,1.0,0.9090909090909091,0.9230769230769231,2,1,10,0
[c]1c(OP(c2ccccc2)c2ccccc2)cccc1OP(c1ccccc1)c1ccccc1,3,3,1.0,1.0,1.0,1.0,1.0,1.0,3,0,31,0
C1=C[N-]/C(=C\P(c2ccccc2)c2ccccc2)C=C1,2,2,1.0,1.0,1.0,1.0,1.0,1.0,2,0,18,0
CC1(C)O[C]C(c2ccccc2)=C1C#N,1,1,1.0,1.0,1.0,1.0,1.0,1.0,1,0,14,0
C/C([O-])=C/C(C)=N/N=C(\[O-])c1ccccc1,3,3,1.0,1.0,1.0,1.0,1.0,1.0,3,0,13,0
CC(C)(C)c1cc([C@]23C[C@H]4C[C@H](C[C@H](C4)C2)C3)c([O-])c([C@]23C[C@H]4C[C@H](C[C@H](C4)C2)C3)c1,1,1,1.0,1.0,1.0,1.0,1.0,1.0,1,0,30,0
Cc1ccn[nH]1,1,1,1.0,1.0,1.0,1.0,1.0,1.0,1,0,5,0
Oc1ccccc1-c1ccn[nH]1,1,1,1.0,1.0,1.0,1.0,1.0,1.0,1,0,11,0
[O-]c1ccccc1-c1cc[nH]n1,2,2,1.0,1.0,1.0,1.0,1.0,1.0,2,0,10,0
COC(=O)c1ccc(-c2cccc3cccc(C)c23)cc1,6,7,0.0,0.0,0.8500000000000001,0.8333333333333334,0.8666666666666667,0.8571428571428571,5,2,13,1
FC(F)(F)c1ccccc1/N=C/c1ccccn1,2,2,1.0,1.0,1.0,1.0,1.0,1.0,2,0,16,0
Cc1nc2ccccc2[nH]1,1,1,1.0,1.0,1.0,1.0,1.0,1.0,1,0,9,0
NCc1nc2ccccc2[nH]1,2,2,1.0,1.0,1.0,1.0,1.0,1.0,2,0,9,0
CC(C)([C@@H]([NH3+])C(=O)[O-])[S+](=O)=O,2,3,0.0,0.0,0.9444444444444444,1.0,0.8888888888888888,0.9090909090909091,2,1,8,0
CC(C)([C@@H](N)C(=O)O)[S+](=O)=O,2,2,1.0,1.0,1.0,1.0,1.0,1.0,2,0,9,0
C1=N/CCOc2ccccc2/C=N/CCOc2ccccc2/1,4,4,1.0,1.0,1.0,1.0,1.0,1.0,4,0,18,0
c1ccc(-c2cccnc2)cc1,1,1,1.0,1.0,1.0,1.0,1.0,1.0,1,0,11,0
Cc1cccc(Oc2ccccc2/N=C/c2c([O-])ccc3ccccc23)c1Oc1ccccc1/N=C/c1c([O-])ccc2ccccc12,5,5,1.0,1.0,1.0,1.0,1.0,1.0,5,0,42,0
CC(C)OC#Cc1ccccc1,2,2,1.0,1.0,1.0,1.0,1.0,1.0,2,0,10,0
Brc1ccc(-c2cnc(-c3cc(-c4ccccn4)nc(-c4ccccn4)c3)nc2)cc1,3,3,1.0,1.0,1.0,1.0,1.0,1.0,3,0,28,0
CC(C)/N=C/c1[c]c(/C=N/C(C)C)ccc1,3,3,1.0,1.0,1.0,1.0,1.0,1.0,3,0,13,0
CC(C)(C)/N=C/c1[c]c(/C=N/C(C)(C)C)ccc1,3,3,1.0,1.0,1.0,1.0,1.0,1.0,3,0,15,0
Cc1[c]cc(C)cc1,1,1,1.0,1.0,1.0,1.0,1.0,1.0,1,0,7,0
O=Nc1c([O-])c2ccccc2c2ccccc12,2,2,1.0,1.0,1.0,1.0,1.0,1.0,2,0,15,0
N=c1cc[nH]c(=O)[nH]1,1,1,1.0,1.0,1.0,1.0,1.0,1.0,1,0,7,0
CCN(CC)C(=S)c1cccc(C(=S)N(CC)CC)n1,3,3,1.0,1.0,1.0,1.0,1.0,1.0,3,0,17,0
CCC(=N)O,1,1,1.0,1.0,1.0,1.0,1.0,1.0,1,0,4,0
NCC[N-]S(=O)(=O)C(F)(F)F,2,2,1.0,1.0,1.0,1.0,1.0,1.0,2,0,9,0
Cc1c[c]c(N[C]Nc2ccc(C)cc2)cc1,2,2,1.0,1.0,1.0,1.0,1.0,1.0,2,0,15,0
Cc1cc([Si](C)(C)C)c(OC(C)C)oc1=O,4,4,1.0,1.0,1.0,1.0,1.0,1.0,4,0,12,0
[C]C[Si](C)(C)C,1,1,1.0,1.0,1.0,1.0,1.0,1.0,1,0,5,0
COC(=O)/C(=C(\C(=O)OC)P1N(Cc2ccccc2)[C@@H]2CCCC[C@H]2N1Cc1ccccc1)P(c1ccccc1)c1ccccc1,2,2,1.0,1.0,1.0,1.0,1.0,1.0,2,0,44,0
Cc1ccnc(-c2nc3ccccc3[nH]2)c1,2,2,1.0,1.0,1.0,1.0,1.0,1.0,2,0,14,0
Cc1ccnc(-c2nc3ccccc3[n-]2)c1,2,2,1.0,1.0,1.0,1.0,1.0,1.0,2,0,14,0
C[C@H](N)C(=O)[O-],2,3,0.0,0.0,0.875,1.0,0.75,0.8333333333333334,2,1,3,0
C/C(=N\c1ccc(C(C)(C)C)cc1)c1cccc(/C(C)=N/c2ccc(C(C)(C)C)cc2)n1,3,3,1.0,1.0,1.0,1.0,1.0,1.0,3,0,29,0
C/C(=[C]\c1ccccc1)c1ccccc1,1,1,1.0,1.0,1.0,1.0,1.0,1.0,1,0,14,0
CNC=O,1,2,0.0,0.0,0.8333333333333333,1.0,0.6666666666666666,0.75,1,1,2,0
COCCP1CCCP(CCOC)CCCP(CCOC)CCC1,3,3,1.0,1.0,1.0,1.0,1.0,1.0,3,0,21,0
COCCP1CCCPCCCPCCC1,3,3,1.0,1.0,1.0,1.0,1.0,1.0,3,0,13,0
C(=N/Cc1ccncc1)\c1c2ccccc2cc2ccccc12,1,2,0.0,0.0,0.9772727272727273,1.0,0.9545454545454546,0.9565217391304348,1,1,21,0
CO[C@H]1OC(c2ccccn2)=[C]c2ccccc21,2,2,1.0,1.0,1.0,1.0,1.0,1.0,2,0,16,0
S=C(N/N=C/c1ccco1)Nc1ccccc1,1,2,0.0,0.0,0.96875,1.0,0.9375,0.9411764705882353,1,1,15,0
C/C(=N\NC(=O)c1cc(C)[nH]n1)c1ccccn1,3,4,0.0,0.0,0.9666666666666667,1.0,0.9333333333333333,0.9444444444444444,3,1,14,0
NC(=O)c1ccncc1,1,1,1.0,1.0,1.0,1.0,1.0,1.0,1,0,8,0
CP(C)O,1,1,1.0,1.0,1.0,1.0,1.0,1.0,1,0,3,0
CN(CCCSCc1[c]cccc1)CCCN1CCOCC1,4,5,0.0,0.0,0.9722222222222222,1.0,0.9444444444444444,0.9545454545454546,4,1,17,0
[c]1ccccc1CSCCCNCCCN1CCOCC1,4,5,0.0,0.0,0.9705882352941176,1.0,0.9411764705882353,0.9523809523809523,4,1,16,0
Nc1ncnc2c1ncn2[C@H]1C[C@H](O)[C@@H](CO)O1,1,3,0.0,0.0,0.9411764705882353,1.0,0.8823529411764706,0.8888888888888888,1,2,15,0
Nc1ncccn1,1,2,0.0,0.0,0.9166666666666667,1.0,0.8333333333333334,0.8571428571428571,1,1,5,0
O=C([O-])CN(CCN(Cc1ccccn1)Cc1ccccn1)Cc1cccc[nH+]1,5,6,0.0,0.0,0.9791666666666667,1.0,0.9583333333333334,0.9655172413793104,5,1,23,0
[CH2]C(=O)[O-],2,3,0.0,0.0,0.75,1.0,0.5,0.75,2,1,1,0
c1ccc(SCCCP(c2ccccc2)c2ccccc2)cc1,2,2,1.0,1.0,1.0,1.0,1.0,1.0,2,0,21,0
C/C(=N\c1c(C(C)C)cccc1C(C)C)c1ccccn1,2,2,1.0,1.0,1.0,1.0,1.0,1.0,2,0,19,0
Cc1ccc(/N=C/c2ccccn2)cc1,2,2,1.0,1.0,1.0,1.0,1.0,1.0,2,0,13,0
CC(/C=C(\[O-])c1ccccc1)=N\N=C(/[O-])c1ccccc1N,3,3,1.0,1.0,1.0,1.0,1.0,1.0,3,0,19,0
CC(=N)/C=c1\[n-]/c(=[C]/[Si](C)(C)C)cc1[Si](C)(C)C,3,3,1.0,1.0,1.0,1.0,1.0,1.0,3,0,15,0
COC(=O)[C@H](CCSC)NP(c1ccccc1)c1ccccc1,2,2,1.0,1.0,1.0,1.0,1.0,1.0,2,0,21,0
[CH2]C(=O)O,1,1,1.0,1.0,1.0,1.0,1.0,1.0,1,0,3,0
SP(c1ccccc1)c1ccccc1,1,1,1.0,1.0,1.0,1.0,1.0,1.0,1,0,13,0
CC(C)(C)P(/N=c1/cccc(-c2ccccn2)[n-]1)C(C)(C)C,3,3,1.0,1.0,1.0,1.0,1.0,1.0,3,0,19,0
FC(F)(F)c1cc(-c2cccc(-c3cc(C(F)(F)F)cc(C(F)(F)F)c3)c2/N=C2C(=N/c3ccccc3)/[C@H]3c4ccccc4[C@@H]/2c2ccccc23)cc(C(F)(F)F)c1,2,2,1.0,1.0,1.0,1.0,1.0,1.0,2,0,56,0
NC[C@H]1CCCCN1,2,2,1.0,1.0,1.0,1.0,1.0,1.0,2,0,6,0
C/C=C/Cn1cnc2cc([N+](=O)[O-])ccc21,1,1,1.0,1.0,1.0,1.0,1.0,1.0,1,0,15,0
[C]#[N+]C(C)C,1,1,1.0,1.0,1.0,1.0,1.0,1.0,1,0,4,0
[CH]=Cc1[c]cccc1,2,2,1.0,1.0,1.0,1.0,1.0,1.0,2,0,6,0
C/N=C(C)/C=C(/C)[O-],2,2,1.0,1.0,1.0,1.0,1.0,1.0,2,0,6,0
FC(F)(F)c1ccccc1P(c1ccccc1C(F)(F)F)c1ccccc1C(F)(F)F,1,1,1.0,1.0,1.0,1.0,1.0,1.0,1,0,30,0
Cc1cc(/C(=N/c2c(C(C)C)cccc2C(C)C)c2ccccc2)nc(/C(=N/c2c(C(C)C)cccc2C(C)C)c2ccccc2)n1,3,3,1.0,1.0,1.0,1.0,1.0,1.0,3,0,44,0
[S-]S[S-],2,2,1.0,1.0,1.0,1.0,1.0,1.0,2,0,1,0
O=P(CN(c1ccccn1)P(c1ccccc1)c1ccccc1)(c1ccccc1)c1ccccc1,2,2,1.0,1.0,1.0,1.0,1.0,1.0,2,0,33,0
O=[N+]([O-])c1ccccc1/C=C/C=N/CC/N=C/C=C/c1ccccc1[N+](=O)[O-],2,2,1.0,1.0,1.0,1.0,1.0,1.0,2,0,26,0
CCN(CC)c1ccc2c(-c3ccccc3C(=O)/N=c3/[n-]c4ccc(OC)cc4s3)c3ccc(=[N+](CC)CC)cc-3oc2c1,1,2,0.0,0.0,0.9883720930232558,1.0,0.9767441860465116,0.9772727272727273,1,1,42,0
COc1ccc(-n2nn[c]c2-c2ccccn2)cc1,2,2,1.0,1.0,1.0,1.0,1.0,1.0,2,0,17,0
Brc1ccc(-n2nn[c]c2-c2ccccn2)cc1,2,2,1.0,1.0,1.0,1.0,1.0,1.0,2,0,16,0
[c]1nnn(-c2ccccc2)c1-c1ccccn1,2,2,1.0,1.0,1.0,1.0,1.0,1.0,2,0,15,0
COc1cccc(/C=N/[C@@H](CCSC)C(=O)[O-])c1[O-],3,4,0.0,0.0,0.96875,1.0,0.9375,0.9473684210526315,3,1,15,0
c1ccc(-c2nnn3ccccc23)nc1,2,2,1.0,1.0,1.0,1.0,1.0,1.0,2,0,13,0
[S-]C1=C([S-])SCCCS1,2,2,1.0,1.0,1.0,1.0,1.0,1.0,2,0,7,0
C#[N+]C(/N=C/c1ccccc1[O-])=C(/N=C/c1ccccc1[O-])[N+]#C,4,4,1.0,1.0,1.0,1.0,1.0,1.0,4,0,20,0
[CH2][C@@H]1C[C@@H]1[CH2],2,2,1.0,1.0,1.0,1.0,1.0,1.0,2,0,3,0
CCSCCNCCSCC,3,3,1.0,1.0,1.0,1.0,1.0,1.0,3,0,8,0
c1ccc(-c2ccnc(Sc3nccc(-c4ccccn4)n3)n2)nc1,4,4,1.0,1.0,1.0,1.0,1.0,1.0,4,0,21,0
[S-2]~[C](~[S-2])N1CCN(Cc2ccccc2)CC1,2,2,1.0,1.0,1.0,1.0,1.0,1.0,2,0,14,0
FC(F)(F)P(Cc1[c]c(CP(C(F)(F)F)C(F)(F)F)ccc1)C(F)(F)F,3,3,1.0,1.0,1.0,1.0,1.0,1.0,3,0,23,0
CP(C(F)(F)C(F)(F)F)C(F)(F)C(F)(F)F,1,1,1.0,1.0,1.0,1.0,1.0,1.0,1,0,15,0
[O-]c1ccc(Cl)c2cccnc12,2,2,1.0,1.0,1.0,1.0,1.0,1.0,2,0,10,0
Cn1cc[nH]c1=S,1,1,1.0,1.0,1.0,1.0,1.0,1.0,1,0,6,0
CN,1,1,1.0,1.0,1.0,1.0,1.0,1.0,1,0,1,0
CC1(C)[C@@H]2CC[C@@]1(C)[C@@H](/N=C1C(=N/[C@H]3C[C@H]4CC[C@]3(C)C4(C)C)/c3cccc4cccc/1c34)C2,2,2,1.0,1.0,1.0,1.0,1.0,1.0,2,0,32,0
COC(=O)/[C]=C/Oc1cccc(OC)c1P(c1ccccc1)c1c(OC)cccc1OC,2,2,1.0,1.0,1.0,1.0,1.0,1.0,2,0,30,0
CCN(CC)C(=O)c1cccnc1,1,1,1.0,1.0,1.0,1.0,1.0,1.0,1,0,12,0
NCC[O-],2,2,1.0,1.0,1.0,1.0,1.0,1.0,2,0,2,0
CC(C)(C)[C@@H](O)/C(=C\c1ccc(Cl)cc1Cl)n1cncn1,1,1,1.0,1.0,1.0,1.0,1.0,1.0,1,0,20,0
COP(OC)c1ccccc1,1,1,1.0,1.0,1.0,1.0,1.0,1.0,1,0,10,0
c1ccc(N2CCCOC2)cc1,6,7,0.0,0.0,0.9166666666666667,1.0,0.8333333333333334,0.9166666666666666,6,1,5,0
c1ccc(COc2cnccn2)nc1,1,2,0.0,0.0,0.9615384615384616,1.0,0.9230769230769231,0.9285714285714286,1,1,12,0
CS/C([S-])=N/N=C(\C)c1cccc(C(C)=O)n1,3,4,0.0,0.0,0.9642857142857143,1.0,0.9285714285714286,0.9411764705882353,3,1,13,0
COC(=O)[C@@H](N[C@@]1(C)C[C@H]2[C@@H](C/C1=N\O)C2(C)C)c1ccccc1,3,2,0.0,0.0,0.8333333333333333,0.6666666666666666,1.0,0.9583333333333334,2,0,21,1
Cc1ccc(/C=N\N=C(/[O-])c2ccc(OCc3ccc(C)cc3)cc2)cc1,2,2,1.0,1.0,1.0,1.0,1.0,1.0,2,0,25,0
C=C[C@H]1C[N@@H+]2CC[C@H]1C[C@H]2[C@H](O)c1ccnc2ccc(OC)cc12,1,1,1.0,1.0,1.0,1.0,1.0,1.0,1,0,23,0
C[C](~[N-2]C1CCCCC1)~[N-2]C(C)(C)C,2,2,1.0,1.0,1.0,1.0,1.0,1.0,2,0,12,0
Oc1cc(Cl)ccc1-c1cc(-c2ccccn2)nc(-c2ccccn2)c1,3,3,1.0,1.0,1.0,1.0,1.0,1.0,3,0,23,0
Cc1cccc(CN(CCSc2ccccc2)Cc2cccc(C)n2)n1,4,4,1.0,1.0,1.0,1.0,1.0,1.0,4,0,22,0
CC(C)(C)c1cc[c]cc1,1,1,1.0,1.0,1.0,1.0,1.0,1.0,1,0,9,0
c1ccn2nnc(-c3nnn4ccccc34)c2c1,2,2,1.0,1.0,1.0,1.0,1.0,1.0,2,0,16,0
[O-]c1c(F)cccc1/C=N/CC/N=C/c1cccc(F)c1[O-],4,4,1.0,1.0,1.0,1.0,1.0,1.0,4,0,18,0
[C]12[C]3N1N23,2,0,0.0,0.0,0.5,0.0,1.0,0.5,0,0,2,2
c1ccc(P(c2ccccc2)c2ccccc2P(c2ccccc2)c2ccccc2P(c2ccccc2)c2ccccc2)cc1,3,3,1.0,1.0,1.0,1.0,1.0,1.0,3,0,42,0
CCOC(=O)[C](C(C)=O)[C@H](OC)c1ccc2cccc([O-])c2n1,3,3,1.0,1.0,1.0,1.0,1.0,1.0,3,0,20,0
CO[P+](=O)OC,1,1,1.0,1.0,1.0,1.0,1.0,1.0,1,0,5,0
C(#Cc1ccc(/N=C/c2ccccn2)cc1)c1ccccc1,2,4,0.0,0.0,0.95,1.0,0.9,0.9090909090909091,2,2,18,0
Cc1cc(C)c([N-2]~[N-3]~[C](~[N-3]~[N-2]c2c(C)cc(C)cc2C)[N+](=O)[O-])c(C)c1,2,2,1.0,1.0,1.0,1.0,1.0,1.0,2,0,24,0
Cc1cccc(C)c1-c1[c]c(-c2c(C)cccc2C)ccc1,1,1,1.0,1.0,1.0,1.0,1.0,1.0,1,0,21,0
c1ccc2c(CN(CCN(Cc3nccc4ccccc34)Cc3nccc4ccccc34)Cc3nccc4ccccc34)nccc2c1,6,6,1.0,1.0,1.0,1.0,1.0,1.0,6,0,42,0
c1ccc2cc(CN(CCN(Cc3cc4ccccc4cn3)Cc3cc4ccccc4cn3)Cc3cc4ccccc4cn3)ncc2c1,6,6,1.0,1.0,1.0,1.0,1.0,1.0,6,0,42,0
COc1ccccc1/N=C/c1cc([N+](=O)[O-])ccc1[O-],3,3,1.0,1.0,1.0,1.0,1.0,1.0,3,0,17,0
O=C([O-])c1cc(C(F)(F)F)cc(C(F)(F)F)c1,2,2,1.0,1.0,1.0,1.0,1.0,1.0,2,0,15,0
[C]=Cc1ccccc1,1,1,1.0,1.0,1.0,1.0,1.0,1.0,1,0,7,0
CN/C([S-])=N\c1ccccc1,2,2,1.0,1.0,1.0,1.0,1.0,1.0,2,0,9,0
[CH]C(C)(C)c1ccccc1,1,1,1.0,1.0,1.0,1.0,1.0,1.0,1,0,9,0
O=[P@]([O-])(O)O[P@@](=O)([O-])O,2,4,0.0,0.0,0.8571428571428572,1.0,0.7142857142857143,0.7777777777777778,2,2,5,0
O=C([O-])[C@H]([O-])c1ccccc1,2,3,0.0,0.0,0.9444444444444444,1.0,0.8888888888888888,0.9090909090909091,2,1,8,0
Brc1cccc(CN(Cc2ccccn2)Cc2cccc(Br)n2)n1,3,4,0.0,0.0,0.9761904761904762,1.0,0.9523809523809523,0.9583333333333334,3,1,20,0
CC(C)=NOCCO/N=C/c1cc([N+](=O)[O-])ccc1[O-],2,3,0.0,0.0,0.9722222222222222,1.0,0.9444444444444444,0.95,2,1,17,0
[O-][N-]c1cccc(Br)c1,2,2,1.0,1.0,1.0,1.0,1.0,1.0,2,0,7,0
Cc1cnc(C(=O)[O-])c(C)c1,2,3,0.0,0.0,0.9444444444444444,1.0,0.8888888888888888,0.9090909090909091,2,1,8,0
[C]1c2ccccc2C=Cc2ccccc21,1,3,0.0,0.0,0.9285714285714286,1.0,0.8571428571428571,0.8666666666666667,1,2,12,0
C[N+](C)(C)[BH2-]P(c1ccccc1)c1ccccc1,1,1,1.0,1.0,1.0,1.0,1.0,1.0,1,0,17,0
c1ccc(P(C[C@H]2CCCC[C@H]2CP(c2ccccc2)c2ccccc2)c2ccccc2)cc1,2,2,1.0,1.0,1.0,1.0,1.0,1.0,2,0,32,0
CC(C)[C@H]1COC(c2ccccc2N=[P+](c2ccccc2)c2ccccc2)=N1,2,3,0.0,0.0,0.9807692307692308,1.0,0.9615384615384616,0.9642857142857143,2,1,25,0
[C]#Cc1ccc(C(C)=O)s1,1,1,1.0,1.0,1.0,1.0,1.0,1.0,1,0,9,0
COc1cc2c3cc1OCCOc1ccc(cc1)OC[C@@H]([O-])CN1C[C@H]([O-])COc4ccc(cc4)OCCOc4cc(c(cc4OC)C3)Cc3cc(OC)c(cc3C2)OCCOc2ccc(cc2)OC[C@@H]([O-])C1,4,4,1.0,1.0,1.0,1.0,1.0,1.0,4,0,69,0
c1ccc(/N=N/c2ccccc2[N-]c2cccnc2)nc1,3,4,0.0,0.0,0.9722222222222222,1.0,0.9444444444444444,0.9523809523809523,3,1,17,0
CC/C(=C1\C[C@@H]2O[C@@](C)(OC)[C@](C)(OC)O[C@H]2C\C1=C(/CC)P(c1ccccc1)c1ccccc1)P(c1ccccc1)c1ccccc1,2,2,1.0,1.0,1.0,1.0,1.0,1.0,2,0,46,0
NC(=O)CN(Cc1ccccc1C(=O)[O-])CC([O-])CN(CC(N)=O)Cc1ccccc1C(=O)[O-],4,9,0.0,0.0,0.775,0.75,0.8,0.7941176470588235,3,6,24,1
[N-2]N,1,1,1.0,1.0,1.0,1.0,1.0,1.0,1,0,1,0
c1cnc2c(c1)ccn2Cn1ccc2cccnc21,2,2,1.0,1.0,1.0,1.0,1.0,1.0,2,0,17,0
CN(c1ccccn1)c1cccc(C(=O)c2ccccn2)n1,3,3,1.0,1.0,1.0,1.0,1.0,1.0,3,0,19,0
C[C](~[O-2])~[CH]~[C](~[N-2]C(C)=O)c1ccccc1,2,2,1.0,1.0,1.0,1.0,1.0,1.0,2,0,13,0
F[C](F)[C](F)F,2,2,1.0,1.0,1.0,1.0,1.0,1.0,2,0,4,0
CC(C)P(C(C)C)N(C)P(=N)(C(C)C)C(C)C,2,2,1.0,1.0,1.0,1.0,1.0,1.0,2,0,15,0
O=[N+]([O-])/N=c1\[n-]nnn1CCCl,2,2,1.0,1.0,1.0,1.0,1.0,1.0,2,0,10,0
O=[N+]([O-])c1ccc(N2CCCNCCNCCCNCC2)cc1,4,4,1.0,1.0,1.0,1.0,1.0,1.0,4,0,19,0
O=C1c2ccccc2N[C@H](c2cccc[nH+]2)N1/N=C/c1ccccn1,3,3,1.0,1.0,1.0,1.0,1.0,1.0,3,0,22,0
C[Si](C)(C)[C]=C=C=C(/C(=[C]/C#C[Si](C)(C)C)[Si](C)(C)C)[Si](C)(C)C,4,6,0.0,0.0,0.95,1.0,0.9,0.9166666666666666,4,2,18,0
C[C](C)c1ccccc1P(C(C)(C)C)C(C)(C)C,2,2,1.0,1.0,1.0,1.0,1.0,1.0,2,0,16,0
CCc1ccncc1,1,1,1.0,1.0,1.0,1.0,1.0,1.0,1,0,7,0
CN1CNCCNCN(C)CNCCNC1,4,4,1.0,1.0,1.0,1.0,1.0,1.0,4,0,12,0
Cc1cccnc1-c1[c]cccc1,2,2,1.0,1.0,1.0,1.0,1.0,1.0,2,0,11,0
CC(C)(C)Sc1cccc2cccnc12,2,2,1.0,1.0,1.0,1.0,1.0,1.0,2,0,13,0
O=[N+]([O-])c1cc[c]cc1,1,1,1.0,1.0,1.0,1.0,1.0,1.0,1,0,8,0
Cc1ccc2cccc(SC(C)(C)C)c2n1,2,2,1.0,1.0,1.0,1.0,1.0,1.0,2,0,14,0
CC(C)c1cccc(C(C)C)c1/N=C/c1cc(I)cc(I)c1[O-],2,2,1.0,1.0,1.0,1.0,1.0,1.0,2,0,21,0
Cc1cccc(C)c1/N=C/c1cc(I)cc(I)c1[O-],2,2,1.0,1.0,1.0,1.0,1.0,1.0,2,0,17,0
O=C(O)c1nc[n-]c1C(=O)[O-],2,3,0.0,0.0,0.9444444444444444,1.0,0.8888888888888888,0.9090909090909091,2,1,8,0
Cc1[nH+]cc(CO)c(/C=N/CCO)c1[O-],2,3,0.0,0.0,0.9615384615384616,1.0,0.9230769230769231,0.9333333333333333,2,1,12,0
C[C@@H]1CC(C)(C)NC[C@H](C)N[C@H](C)CC(C)(C)NC[C@H](C)N1,4,4,1.0,1.0,1.0,1.0,1.0,1.0,4,0,18,0
CCc1c[c]c(-c2cnccn2)cc1,2,2,1.0,1.0,1.0,1.0,1.0,1.0,2,0,12,0
[CH]=Cc1ccccc1,1,1,1.0,1.0,1.0,1.0,1.0,1.0,1,0,7,0
Cc1cc(C)c(P(Cc2cccc(CP(c3c(C)cc(C)cc3C)c3c(C)cc(C)cc3C)n2)c2c(C)cc(C)cc2C)c(C)c1,3,3,1.0,1.0,1.0,1.0,1.0,1.0,3,0,43,0
Cc1ccc([Si](C)(C)C=[P-])cc1,1,1,1.0,1.0,1.0,1.0,1.0,1.0,1,0,11,0
[CH2]c1cc(C)cc(C)c1P(Cc1cccc(CP(c2c(C)cc(C)cc2C)c2c(C)cc(C)cc2C)n1)c1c(C)cc(C)cc1C,4,4,1.0,1.0,1.0,1.0,1.0,1.0,4,0,42,0
[C]#CC#Cc1ccc2c(c1)CCS2,1,2,0.0,0.0,0.9583333333333333,1.0,0.9166666666666666,0.9230769230769231,1,1,11,0
Cc1ncc(CO)c(/C=N/CCNCCNCC/N=C/c2c(CO)cnc(C)c2[O-])c1[O-],6,6,1.0,1.0,1.0,1.0,1.0,1.0,6,0,26,0
[C]#Cc1ccc(OC)cc1,1,1,1.0,1.0,1.0,1.0,1.0,1.0,1,0,9,0
O=[N+]([O-])c1ccc(OC/C([O-])=N/N=C/c2cc(Br)ccc2[O-])cc1,3,3,1.0,1.0,1.0,1.0,1.0,1.0,3,0,21,0
C1CNCN2CNCCNCN(CN1)CNCCNC2,6,6,1.0,1.0,1.0,1.0,1.0,1.0,6,0,14,0
C(=N/c1ccccc1/N=C/c1ccccn1)\c1ccccn1,4,4,1.0,1.0,1.0,1.0,1.0,1.0,4,0,18,0
[C]=C(CC(=O)OCc1ccccc1)Cn1cccc1C=O,1,1,1.0,1.0,1.0,1.0,1.0,1.0,1,0,20,0
Cc1ccc([C](~[O-2])~[CH]~[C](~[O-2])c2ccc(C)cc2)cc1,2,2,1.0,1.0,1.0,1.0,1.0,1.0,2,0,17,0
Cc1ncc(CO)c(/C=N/CCNCCC/N=C/c2c(CO)c[nH+]c(C)c2[O-])c1[O-],5,5,1.0,1.0,1.0,1.0,1.0,1.0,5,0,25,0
Cc1ncc(CO)c(/C=N/CCCNCC/N=C/c2c(CO)cnc(C)c2[O-])c1[O-],5,5,1.0,1.0,1.0,1.0,1.0,1.0,5,0,25,0
[O-]CCSCC[O-],3,3,1.0,1.0,1.0,1.0,1.0,1.0,3,0,4,0
CC(C)(C)[NH2+]Cc1ccccc1P(c1ccccc1)c1ccccc1,1,1,1.0,1.0,1.0,1.0,1.0,1.0,1,0,24,0
COc1cccc(Br)c1,6,6,1.0,1.0,1.0,1.0,1.0,1.0,6,0,3,0
CC(C)(C)c1cc(Br)cc(/C=N/OCCO/N=C/c2cc(Br)cc(C(C)(C)C)c2[O-])c1[O-],4,4,1.0,1.0,1.0,1.0,1.0,1.0,4,0,28,0
CC(C)(C)C#C/C=C\c1cc(-c2ccccc2)n[n-]1,3,3,1.0,1.0,1.0,1.0,1.0,1.0,3,0,16,0
CN(C)c1ccc(/N=c2\cc3sc4ccccc4nc-3c3ncccc23)cc1,2,2,1.0,1.0,1.0,1.0,1.0,1.0,2,0,26,0
C/[C]=[NH+]/[C@@H](C)C(=O)OCC,1,1,1.0,1.0,1.0,1.0,1.0,1.0,1,0,9,0
O=C(Nc1ccc(Cl)cc1)c1cccnc1,1,1,1.0,1.0,1.0,1.0,1.0,1.0,1,0,15,0
[S-]c1ccccc1SCc1cc(OCc2ccccc2)cc(CSc2ccccc2[S-])n1,5,5,1.0,1.0,1.0,1.0,1.0,1.0,5,0,27,0
CC(C)c1cccc(C(C)C)c1N=P(c1ccccc1)(c1ccccc1)c1nc(-c2ccccc2)c(-c2ccccc2)n1C,2,2,1.0,1.0,1.0,1.0,1.0,1.0,2,0,42,0
CC[N+](CC)(CC)Cc1ccc(-c2ccc(C[N+](CC)(CC)CC)cn2)nc1,2,2,1.0,1.0,1.0,1.0,1.0,1.0,2,0,26,0
C/C(=N\c1c(C)cc(C)cc1C1CCCC1)c1ccc2c(n1)/C(=N/c1c(C)cc(C)cc1C1CCCC1)CCC2,3,3,1.0,1.0,1.0,1.0,1.0,1.0,3,0,37,0
O=C(O)c1ccc([P@@](=O)([O-])O)cc1,1,1,1.0,0.0,0.4583333333333333,0.0,0.9166666666666666,0.8461538461538461,0,1,11,1
CC(C)(C)c1cc(-c2cccc(-c3cccc(-c4cc(C(C)(C)C)cc(C(C)(C)C)c4[O-])n3)n2)c([O-])c(C(C)(C)C)c1,4,4,1.0,1.0,1.0,1.0,1.0,1.0,4,0,38,0
CSc1cccc2cccnc12,2,2,1.0,1.0,1.0,1.0,1.0,1.0,2,0,10,0
COC(=O)/[C]=C(C(=O)OC)/C(C(=O)OC)=C(\Br)C(=O)OC,1,1,1.0,1.0,1.0,1.0,1.0,1.0,1,0,20,0
CC(C)(N)CN1CC1(C)C,2,2,1.0,1.0,1.0,1.0,1.0,1.0,2,0,8,0
C[NH+]1CCN(N(P(c2ccccc2)c2ccccc2)P(c2ccccc2)c2ccccc2)CC1,2,2,1.0,1.0,1.0,1.0,1.0,1.0,2,0,32,0
Cc1cc(C)c([O-])c(CN2CCCN(Cc3cc(C)cc(C)c3[O-])CC2)c1,4,4,1.0,1.0,1.0,1.0,1.0,1.0,4,0,23,0
CCCP(CCC)CCC,1,1,1.0,1.0,1.0,1.0,1.0,1.0,1,0,9,0
CC(C)(C)c1ccc(C(C)(C)C)c([O-])c1[O-],2,2,1.0,1.0,1.0,1.0,1.0,1.0,2,0,14,0
Cc1ccccc1[NH-],1,1,1.0,1.0,1.0,1.0,1.0,1.0,1,0,7,0
CCN(CC)c1ccc(C(=O)/C=C/c2ccnc(-c3cc(C)ccn3)c2)cc1,2,2,1.0,1.0,1.0,1.0,1.0,1.0,2,0,26,0
C/N=C/c1ccc2cccc(C(C)C)c2n1,2,2,1.0,1.0,1.0,1.0,1.0,1.0,2,0,14,0
CC1=C(C)C(C)(P2O[C@@H]2c2ccccc2)C(C)=C1C,1,1,1.0,1.0,1.0,1.0,1.0,1.0,1,0,18,0
CC1=C(C)[C@]2(C)O[C@H](c3ccccc3)P(Cl)[C@]2(C)[C@H]1C,1,1,1.0,1.0,1.0,1.0,1.0,1.0,1,0,19,0
O=C([O-])c1[c]cccc1C(=O)O,2,3,0.0,0.0,0.95,1.0,0.9,0.9166666666666666,2,1,9,0
C[C@@H]1CCN[C@H]2CCCC[C@@H]2N[C@@H](C)CCN[C@@H]2CCCC[C@H]2N1,4,4,1.0,1.0,1.0,1.0,1.0,1.0,4,0,20,0
CC(C)(C)c1ccc(Nc2ccccc2)nn1,1,1,1.0,1.0,1.0,1.0,1.0,1.0,1,0,16,0
[O-][B-]1(c2c(F)c(F)c(F)c(F)c2F)OB(c2c(F)c(F)c(F)c(F)c2F)OB(c2c(F)c(F)c(F)c(F)c2F)O1,1,1,1.0,1.0,1.0,1.0,1.0,1.0,1,0,39,0
O=C([O-])c1ccc(Cl)cc1O,1,2,0.0,0.0,0.95,1.0,0.9,0.9090909090909091,1,1,9,0
CCOP(=S)(/N=C(/[S-])N[C@H](C)c1ccccc1)OCC,2,3,0.0,0.0,0.9722222222222222,1.0,0.9444444444444444,0.95,2,1,17,0
[C]#CC#C,1,1,1.0,1.0,1.0,1.0,1.0,1.0,1,0,3,0
CNC(=S)N/N=C/c1ccccc1[O-],3,3,1.0,1.0,1.0,1.0,1.0,1.0,3,0,11,0
CC(C)(C)[C@@H](O)/C(=C\c1ccc(Cl)cc1)n1cncn1,1,1,1.0,1.0,1.0,1.0,1.0,1.0,1,0,19,0
Nc1cccc2cccc(N)c12,2,2,1.0,1.0,1.0,1.0,1.0,1.0,2,0,10,0
O=C(O)[C@@H]([S-])[C@@H]([S-])C(=O)O,2,2,1.0,1.0,1.0,1.0,1.0,1.0,2,0,8,0
CCOC(=O)C(C(=O)OCC)=C([S-])[S-],2,2,1.0,1.0,1.0,1.0,1.0,1.0,2,0,12,0
COC(=O)C[S-],1,1,1.0,1.0,1.0,1.0,1.0,1.0,1,0,5,0
O=C(CCC[S-])c1ccc(F)cc1,1,3,0.0,0.0,0.9166666666666667,1.0,0.8333333333333334,0.8461538461538461,1,2,10,0
O=C([O-])c1cc(=O)[nH]c(=O)[n-]1,2,3,0.0,0.0,0.9444444444444444,1.0,0.8888888888888888,0.9090909090909091,2,1,8,0
O=C1[N-]c2cc1c(-c1c(F)c(F)c(F)c(F)c1F)c1ccc([nH]1)c(-c1c(F)c(F)c(F)c(F)c1F)c1nc(c(-c3c(F)c(F)c(F)c(F)c3F)c3nc(c(-c4c(F)c(F)c(F)c(F)c4F)c4ccc([n-]4)c(-c4c(F)c(F)c(F)c(F)c4F)c4nc(c2-c2c(F)c(F)c(F)c(F)c2F)C=C4)[C]=C3)C=C1,4,4,1.0,1.0,1.0,1.0,1.0,1.0,4,0,99,0
CC(=O)O,1,1,1.0,1.0,1.0,1.0,1.0,1.0,1,0,3,0
C/C(=C/c1cccc(-c2[c]cccc2)n1)[N-]c1c(C(C)C)cccc1C(C)C,3,3,1.0,1.0,1.0,1.0,1.0,1.0,3,0,25,0
[CH](~[C](~[N-2]c1ccccc1)c1ccccc1)~[C](~[N-2]c1ccccc1)c1ccccc1,2,2,1.0,1.0,1.0,1.0,1.0,1.0,2,0,27,0
O=C(Nc1cccnc1)Nc1cccc2ccccc12,1,1,1.0,1.0,1.0,1.0,1.0,1.0,1,0,19,0
CC(=O)N[O-],2,2,1.0,1.0,1.0,1.0,1.0,1.0,2,0,3,0
C[C@@H](N)CN[C@@H](C)CC(C)(C)NC[C@@H](C)N,4,4,1.0,1.0,1.0,1.0,1.0,1.0,4,0,12,0
[S-2]~[C](~[S-2])N(CCc1ccccc1)Cc1ccc[nH]1,2,2,1.0,1.0,1.0,1.0,1.0,1.0,2,0,16,0
[NH+]=C(N)NC(N)=O,2,2,1.0,1.0,1.0,1.0,1.0,1.0,2,0,5,0
c1ccc(-c2ncc[nH]2)cc1,1,7,0.0,0.0,0.7,1.0,0.4,0.45454545454545453,1,6,4,0
CC1=NN(C(N)=S)[C@](C)(/N=N/C(N)=S)C1,3,3,1.0,1.0,1.0,1.0,1.0,1.0,3,0,12,0
NC1CCCCC1,1,1,1.0,1.0,1.0,1.0,1.0,1.0,1,0,6,0
[O-]CC(F)(F)F,1,1,1.0,1.0,1.0,1.0,1.0,1.0,1,0,5,0
N=C1C(=O)c2ccccc2-c2c1[c]ccc2Br,2,2,1.0,1.0,1.0,1.0,1.0,1.0,2,0,15,0
[CH]~[CH]~[CH]~[CH]~[C]SC,2,2,1.0,1.0,1.0,1.0,1.0,1.0,2,0,5,0
[CH]~[CH]~[C](C)~[CH]~[C]SC,2,5,0.0,0.0,0.75,1.0,0.5,0.625,2,3,3,0
Cc1ccn(-c2nc3ccccc3s2)n1,2,2,1.0,1.0,1.0,1.0,1.0,1.0,2,0,13,0
Cc1cc(C)n(-c2nc3ccccc3s2)n1,2,2,1.0,1.0,1.0,1.0,1.0,1.0,2,0,14,0
c1ccc2sc(-n3cccn3)nc2c1,2,2,1.0,1.0,1.0,1.0,1.0,1.0,2,0,12,0
[C]#CC1=C(C)SC(=C2SC(C)=C(C)S2)S1,1,1,1.0,1.0,1.0,1.0,1.0,1.0,1,0,14,0
CCO[C]c1cccs1,1,1,1.0,1.0,1.0,1.0,1.0,1.0,1,0,8,0
Clc1ccc(CO[C@@H](Cn2ccnc2)c2ccc(Cl)cc2Cl)c(Cl)c1,1,1,1.0,1.0,1.0,1.0,1.0,1.0,1,0,24,0
[O-]c1cccc[nH+]1,1,1,1.0,1.0,1.0,1.0,1.0,1.0,1,0,6,0
CCOC(=O)C(/C=N/c1ccccc1N)=C(/[O-])C(F)(F)C(F)F,3,3,1.0,1.0,1.0,1.0,1.0,1.0,3,0,20,0
FC(F)(F)c1cccc(-c2cccc(C(F)(F)F)n2)n1,2,2,1.0,1.0,1.0,1.0,1.0,1.0,2,0,18,0
CCOc1cccc(/C=N/CC[NH+]2CCCCC2)c1[O-],2,2,1.0,1.0,1.0,1.0,1.0,1.0,2,0,18,0
CCOC(=O)C1=C2C(=C(C(=O)OCC)C1=O)c1cccc3cccc2c13,4,4,1.0,1.0,1.0,1.0,1.0,1.0,4,0,22,0
O=C([O-])c1cccc(Br)n1,2,3,0.0,0.0,0.9375,1.0,0.875,0.9,2,1,7,0
N[C@@H](CO)[C@@H]([O-])c1ccccc1,2,2,1.0,1.0,1.0,1.0,1.0,1.0,2,0,10,0
O=c1[n-]c(-c2ccccn2)nc2ccccc12,2,2,1.0,1.0,1.0,1.0,1.0,1.0,2,0,15,0
C[C]1C(C)=C(C)[C@@]2(C)[C](c3c(C)c(C)cc(C(C)(C)C)c3[O-])C(=O)C(C(C)(C)C)=C[C@@]12C,3,5,0.0,0.0,0.9655172413793103,1.0,0.9310344827586207,0.9375,3,2,27,0
[c]1ccccc1-c1[c]cccc1,2,2,1.0,1.0,1.0,1.0,1.0,1.0,2,0,10,0
O=[N+]([O-])c1ccccc1/C=C/C=N/CCNCCNCC/N=C/C=C/c1ccccc1[N+](=O)[O-],4,4,1.0,1.0,1.0,1.0,1.0,1.0,4,0,30,0
Cc1ccc([O-])c(CN(C)CCN(C)Cc2cc(C)ccc2[O-])c1,4,4,1.0,1.0,1.0,1.0,1.0,1.0,4,0,20,0
[CH2]c1cccc2cccc(/C=N/c3ccccc3)c12,2,2,1.0,1.0,1.0,1.0,1.0,1.0,2,0,17,0
[C]#Cc1c(F)c(F)c(F)c(F)c1F,1,1,1.0,1.0,1.0,1.0,1.0,1.0,1,0,12,0
Clc1ccc(/C=C/c2ccc(-c3cc(-c4ccccn4)nc(-c4ccccn4)c3)cc2)cc1,3,5,0.0,0.0,0.9666666666666667,1.0,0.9333333333333333,0.9393939393939394,3,2,28,0
[N-]=C(Sc1ccccc1)c1ccccc1,1,1,1.0,1.0,1.0,1.0,1.0,1.0,1,0,14,0
CC(C)(C)C(=O)Nc1cccc(CN2CCSCC2)n1,3,4,0.0,0.0,0.9705882352941176,1.0,0.9411764705882353,0.95,3,1,16,0
COP1[C@@]2(C)C[C@]3(C)O[C@@](C)(C[C@@]1(C)O3)O2,1,1,1.0,1.0,1.0,1.0,1.0,1.0,1,0,15,0
C[C@@]12C[C@]3(C)O[C@@](C)(C[C@](C)(O1)P3OCC(F)(F)F)O2,1,1,1.0,1.0,1.0,1.0,1.0,1.0,1,0,19,0
C[C@]12C[C@@]3(C)O[C@](C)(C[C@@](C)(O1)P3OCc1ccccc1COP1[C@@]3(C)C[C@]4(C)O[C@@](C)(C[C@@]1(C)O4)O3)O2,2,2,1.0,1.0,1.0,1.0,1.0,1.0,2,0,36,0
O=C(NC(=S)Nc1ccccc1)c1cccs1,1,1,1.0,1.0,1.0,1.0,1.0,1.0,1,0,16,0
O=C(NC(=S)Nc1cccc2ccccc12)c1cccs1,1,1,1.0,1.0,1.0,1.0,1.0,1.0,1,0,20,0
Cc1ccccc1NC(=S)NC(=O)c1cccs1,1,1,1.0,1.0,1.0,1.0,1.0,1.0,1,0,17,0
C/C(=N\N=C(/[O-])c1ccc(Br)cc1)c1ccccc1,2,2,1.0,1.0,1.0,1.0,1.0,1.0,2,0,17,0
O=C(O)C[C@@H](O)C(=O)[O-],2,4,0.0,0.0,0.8571428571428572,1.0,0.7142857142857143,0.7777777777777778,2,2,5,0
[CH]1[C@H]([C@H]2[C@@H]([C@@H]3[CH][C@H]4C=C[C@@H]3C4)[C@@H]3C=C[C@H]2C3)[C@@H]2C=C[C@H]1C2,2,6,0.0,0.0,0.8947368421052632,1.0,0.7894736842105263,0.8095238095238095,2,4,15,0
[CH]1[C@@H]([C@@H]2[CH][C@H]3C=C[C@@H]2C3)[C@@H]2C=C[C@H]1C2,2,2,1.0,1.0,1.0,1.0,1.0,1.0,2,0,12,0
O=C([O-])c1cc(OCc2ccccc2C(=O)O)cc(C(=O)[O-])c1,2,5,0.0,0.0,0.9285714285714286,1.0,0.8571428571428571,0.8695652173913043,2,3,18,0
C/C([O-])=C/C(C)=N/CCN,3,3,1.0,1.0,1.0,1.0,1.0,1.0,3,0,7,0
C/C(=N\c1ccccc1C(C)C)c1cccc(/C(C)=N/c2ccccc2C(C)C)n1,3,3,1.0,1.0,1.0,1.0,1.0,1.0,3,0,27,0
C/C(=N\c1ccc(C)cc1)c1cccc(/C(C)=N/c2ccc(C)cc2)n1,3,3,1.0,1.0,1.0,1.0,1.0,1.0,3,0,23,0
Cc1cc(C)c(CC2=NC(C)(C)CO2)cc1CC1=NC(C)(C)CO1,2,2,1.0,1.0,1.0,1.0,1.0,1.0,2,0,22,0
CCOc1cccc(/C=N/CCCNC)c1[O-],3,3,1.0,1.0,1.0,1.0,1.0,1.0,3,0,14,0
CC(=O)n1c([N-]S(=O)(=O)c2ccc(C)cc2)cc2ccccc21,2,2,1.0,1.0,1.0,1.0,1.0,1.0,2,0,21,0
[C]#CC#Cc1ccncc1,1,2,0.0,0.0,0.9444444444444444,1.0,0.8888888888888888,0.9,1,1,8,0
[C]C(=O)[O-],1,2,0.0,0.0,0.8333333333333333,1.0,0.6666666666666666,0.75,1,1,2,0
CN/C([S-])=N/N=C(/C)c1cccs1,2,3,0.0,0.0,0.9545454545454546,1.0,0.9090909090909091,0.9230769230769231,2,1,10,0
CCN/C([S-])=N/N=C(/C)c1cccs1,2,3,0.0,0.0,0.9583333333333333,1.0,0.9166666666666666,0.9285714285714286,2,1,11,0
Fc1cccc(CN(Cc2ccccn2)Cc2cccc(Br)n2)n1,4,4,1.0,1.0,1.0,1.0,1.0,1.0,4,0,20,0
Cc1cc(-c2nc(-c3cc(C(C)(C)C)cc(C(C)(C)C)c3[O-])[nH]c2-c2cc(C)sc2C)c(C)s1,2,2,1.0,1.0,1.0,1.0,1.0,1.0,2,0,32,0
CC(=O)Nc1cc(C)[nH]n1,2,2,1.0,1.0,1.0,1.0,1.0,1.0,2,0,8,0
[C]=C(Cc1ccccc1)c1ccccc1,1,1,1.0,1.0,1.0,1.0,1.0,1.0,1,0,14,0
O=S(=O)([N-2]~[C](~[S-2])~[S-2])c1ccccc1,2,2,1.0,1.0,1.0,1.0,1.0,1.0,2,0,11,0
O=C([O-])c1ccc(F)cn1,2,3,0.0,0.0,0.9375,1.0,0.875,0.9,2,1,7,0
CC(C)(C)N[C]NC(c1ccccc1)c1ccccc1,1,1,1.0,1.0,1.0,1.0,1.0,1.0,1,0,19,0
[N-]=C([O-])c1cc(C(F)(F)F)cc(C(F)(F)F)c1,2,2,1.0,1.0,1.0,1.0,1.0,1.0,2,0,15,0
COc1c[c]c(/C=N/NC(=O)c2ccccc2)c(OC)c1,2,3,0.0,0.0,0.9736842105263157,1.0,0.9473684210526315,0.9523809523809523,2,1,18,0
Cc1ccc([N-2])cc1,1,1,1.0,1.0,1.0,1.0,1.0,1.0,1,0,7,0
COc1ccc2ccc(OC)c3c2c1C(=N\c1c(C(C)C)cccc1C(C)C)/C3=N/c1c(C(C)C)cccc1C(C)C,2,2,1.0,1.0,1.0,1.0,1.0,1.0,2,0,40,0
c1ccc(CN2CN(Cc3ccccc3)CN(Cc3ccccc3)C2)cc1,3,3,1.0,1.0,1.0,1.0,1.0,1.0,3,0,24,0
CC(C)(C)CP(CC(C)(C)C)CC(C)(C)C,1,1,1.0,1.0,1.0,1.0,1.0,1.0,1,0,15,0
Nc1ccccc1N=P(CP(c1ccccc1)c1ccccc1)(c1ccccc1)c1ccccc1,3,3,1.0,1.0,1.0,1.0,1.0,1.0,3,0,32,0
c1ccc(C2=N/C(=N\c3[n-]c(-c4ccccc4)c4ccccc34)c3ccccc32)cc1,2,2,1.0,1.0,1.0,1.0,1.0,1.0,2,0,29,0
Fc1ccccc1[N-2]~[N-3]~[N-2]c1ccccc1F,2,2,1.0,1.0,1.0,1.0,1.0,1.0,2,0,15,0
O=Cc1c[c]c(-c2ccccn2)s1,2,2,1.0,1.0,1.0,1.0,1.0,1.0,2,0,11,0
CC(C)c1cc(C(C)C)c(-c2cccc(-c3cccc(-c4c(C(C)C)cc(C(C)C)cc4C(C)C)n3)n2)c(C(C)C)c1,2,2,1.0,1.0,1.0,1.0,1.0,1.0,2,0,40,0
C=CCC(/C=C/[C]O)(c1ccccc1)c1ccccc1,1,1,1.0,1.0,1.0,1.0,1.0,1.0,1,0,19,0
Cn1ccn(C)c1=S,1,1,1.0,1.0,1.0,1.0,1.0,1.0,1,0,7,0
[CH]=Cc1ccc(C)cc1,1,1,1.0,1.0,1.0,1.0,1.0,1.0,1,0,8,0
Cc1cccc(C[O-])n1,2,2,1.0,1.0,1.0,1.0,1.0,1.0,2,0,7,0
O=[N+]([O-])c1ccc(CCN(CCc2ccccn2)CCc2ccccn2)cc1,5,4,0.0,0.0,0.9,0.8,1.0,0.9642857142857143,4,0,23,1
O=c1c(Br)cc(Br)cc(Br)c1[O-],2,2,1.0,1.0,1.0,1.0,1.0,1.0,2,0,10,0
CC(C)P(c1cc(N(C)C)ccc1[C]c1ccc(N(C)C)cc1P(C(C)C)C(C)C)C(C)C,3,3,1.0,1.0,1.0,1.0,1.0,1.0,3,0,30,0
CC(C)(C)n1cc[n+](C(C)(C)C)[si-]1,1,1,1.0,1.0,1.0,1.0,1.0,1.0,1,0,12,0
CC1=NN(c2ccccc2)C(=O)/C1=C(\Nc1cccc2ccccc12)c1ccccc1,1,2,0.0,0.0,0.9833333333333334,1.0,0.9666666666666667,0.967741935483871,1,1,29,0
COCCOc1cc(/N=C/c2cc(C(C)(C)C)cc(C(C)(C)C)c2[O-])c(/N=C/c2cc(C(C)(C)C)cc(C(C)(C)C)c2[O-])cc1OCCOC,4,4,1.0,1.0,1.0,1.0,1.0,1.0,4,0,46,0
Oc1ccc(O)c(-c2cc(-c3ccccn3)nc(-c3ccccn3)c2)c1,3,3,1.0,1.0,1.0,1.0,1.0,1.0,3,0,23,0
CC(C)c1cccc(C(C)C)c1/N=C/c1cc(C(C)(C)C)cc(C(C)(C)C)c1[O-],2,2,1.0,1.0,1.0,1.0,1.0,1.0,2,0,27,0
Cc1ccc(-c2ccc(-c3c4nc(c(-c5c(F)c(F)c(F)c(F)c5F)c5ccc([n-]5)c5ccc([n-]5)c(-c5c(F)c(F)c(F)c(F)c5F)c5ccc3[n-]5)C=C4)cc2)cc1,4,10,0.0,0.0,0.9444444444444444,1.0,0.8888888888888888,0.896551724137931,4,6,48,0
C=Cc1ccc(N(C)C)cc1,2,1,0.0,0.0,0.75,0.5,1.0,0.9090909090909091,1,0,9,1
C=C=C(C)C,2,3,0.0,0.0,0.8333333333333333,1.0,0.6666666666666666,0.8,2,1,2,0
O=C(O)c1ccc(-c2ccccc2C(=O)[O-])cc1,2,2,1.0,1.0,1.0,1.0,1.0,1.0,2,0,16,0
O=C([O-])c1ccc(-c2ccccc2C(=O)O)cc1,2,3,0.0,0.0,0.96875,1.0,0.9375,0.9444444444444444,2,1,15,0
Cc1ccc(C(Cc2ccccn2)Cc2ccccn2)cc1,2,2,1.0,1.0,1.0,1.0,1.0,1.0,2,0,20,0
CC1(C)c2ccccc2N(c2ccc(-n3ccc(-c4ccccc4)n3)nc2)c2ccccc21,2,2,1.0,1.0,1.0,1.0,1.0,1.0,2,0,31,0
Cc1cc(Br)c(-c2c(Br)cc(C)cc2NCc2cccc(-c3ccccn3)n2)c(NCc2cccc(-c3ccccn3)n2)c1,6,6,1.0,1.0,1.0,1.0,1.0,1.0,6,0,38,0
c1ccc(CN(Cc2ccccc2)p2oc3ccc4ccccc4c3c3c(ccc4ccccc43)o2)cc1,1,1,1.0,1.0,1.0,1.0,1.0,1.0,1,0,37,0
CC[Si](CC)(CC)[C](~[O-2])~[CH]~[C](C)~[O-2],2,2,1.0,1.0,1.0,1.0,1.0,1.0,2,0,11,0
c1csc(-c2nc3c4cccnc4c4ncccc4c3[nH]2)c1,2,2,1.0,1.0,1.0,1.0,1.0,1.0,2,0,20,0
CC(C)(N)Cc1[c]cccc1,2,2,1.0,1.0,1.0,1.0,1.0,1.0,2,0,9,0
[S-]c1ccccc1-c1[c]c(-c2ccccn2)ccc1,3,3,1.0,1.0,1.0,1.0,1.0,1.0,3,0,16,0
[CH2][C@H]1O[C@@H](n2cnc3c(N)ncnc32)[C@H](O)[C@@H]1O,1,5,0.0,0.0,0.8823529411764706,1.0,0.7647058823529411,0.7777777777777778,1,4,13,0
FC(F)(F)Oc1ccc(/N=C(\[S-])OCCC(F)(F)C(F)(F)C(F)(F)C(F)(F)C(F)(F)C(F)(F)F)cc1,2,1,0.0,0.0,0.75,0.5,1.0,0.9722222222222222,1,0,34,1
CN1CCCN(C)C(=S)C1=S,2,2,1.0,1.0,1.0,1.0,1.0,1.0,2,0,9,0
NC(=S)N/N=C/c1ccccc1[O-],3,3,1.0,1.0,1.0,1.0,1.0,1.0,3,0,10,0
C/C(=N\OCCO/N=C(\C)c1ccccc1[O-])c1ccccc1[O-],4,4,1.0,1.0,1.0,1.0,1.0,1.0,4,0,20,0
[C](C=C(c1ccccc1)c1ccccc1)NC1CCCCC1,1,1,1.0,1.0,1.0,1.0,1.0,1.0,1,0,21,0
COc1ccc(/N=C/c2cc(C)c[c]c2O)cc1,1,1,1.0,1.0,1.0,1.0,1.0,1.0,1,0,17,0
C/C(=N\c1c(C)cccc1C)c1ccccn1,2,2,1.0,1.0,1.0,1.0,1.0,1.0,2,0,15,0
N#C[CH]CC#N,1,1,1.0,1.0,1.0,1.0,1.0,1.0,1,0,5,0
[O-]O[O-],3,2,0.0,0.0,0.3333333333333333,0.6666666666666666,0.0,0.6666666666666666,2,0,0,1
FC(F)=[C][C]=C(F)F,2,2,1.0,1.0,1.0,1.0,1.0,1.0,2,0,6,0
COc1cccc(/C=N/[C@@H]2CCCC[C@H]2/N=C/c2cccc(OC)c2[O-])c1[O-],4,4,1.0,1.0,1.0,1.0,1.0,1.0,4,0,24,0
O=C([O-])c1ccccc1CNCc1ccccn1,3,4,0.0,0.0,0.9666666666666667,1.0,0.9333333333333333,0.9444444444444444,3,1,14,0
CC(C)[Si-2]C(C)C,1,1,1.0,1.0,1.0,1.0,1.0,1.0,1,0,6,0
O=C([O-])C/N=C/c1c([O-])cccc1Br,3,4,0.0,0.0,0.9545454545454546,1.0,0.9090909090909091,0.9285714285714286,3,1,10,0
COc1ccc(/N=C(/c2[c]cc(C)cc2)c2ccc(C)cc2)cc1,2,2,1.0,1.0,1.0,1.0,1.0,1.0,2,0,22,0
O=C1CCNCC[N-]C(=O)CCNCC[N-]1,4,4,1.0,1.0,1.0,1.0,1.0,1.0,4,0,12,0
N#C[B-](c1ccccc1)(c1ccccc1)c1ccccc1,1,1,1.0,1.0,1.0,1.0,1.0,1.0,1,0,20,0
CN(C(=O)c1ccccc1[O-])c1ccccc1,1,2,0.0,0.0,0.96875,1.0,0.9375,0.9411764705882353,1,1,15,0
c1ccc(CP(C2CCCCC2)C2CCCCC2)c(CP(C2CCCCC2)C2CCCCC2)c1,2,2,1.0,1.0,1.0,1.0,1.0,1.0,2,0,32,0
Cc1cc(N)no1,1,1,1.0,1.0,1.0,1.0,1.0,1.0,1,0,6,0
Cc1ccc(C(C)(C)C)c([O-])c1[O-],2,2,1.0,1.0,1.0,1.0,1.0,1.0,2,0,11,0
C1CN2CCN3CCN1CP(C2)C3,1,1,1.0,1.0,1.0,1.0,1.0,1.0,1,0,12,0
C/C(=N\CCN(C)C)c1ccccn1,3,3,1.0,1.0,1.0,1.0,1.0,1.0,3,0,11,0
COc1ccccc1-n1cccc1P(c1ccccc1)c1ccccc1,1,1,1.0,1.0,1.0,1.0,1.0,1.0,1,0,25,0
CNCC/N=C(\C)c1ccccn1,3,3,1.0,1.0,1.0,1.0,1.0,1.0,3,0,10,0
Cc1nnc(C)n1N,1,3,0.0,0.0,0.8571428571428572,1.0,0.7142857142857143,0.75,1,2,5,0
Cc1ccccc1C(=O)O,1,7,0.0,0.0,0.1111111111111111,0.0,0.2222222222222222,0.2,0,7,2,1
c1coc(Cn2c(-c3ccco3)nc3ccccc32)c1,1,1,1.0,1.0,1.0,1.0,1.0,1.0,1,0,19,0
Cc1ccc(-n2c(-c3ccccn3)nnc2-c2ccccn2)cc1,2,4,0.0,0.0,0.9545454545454546,1.0,0.9090909090909091,0.9166666666666666,2,2,20,0
Cc1ccc([O-])c(/N=C/c2ccccc2[O-])c1,3,3,1.0,1.0,1.0,1.0,1.0,1.0,3,0,14,0
Cc1cccnc1-c1ccccc1,1,7,0.0,0.0,0.75,1.0,0.5,0.5384615384615384,1,6,6,0
CN1CCN(C)P1Cl,1,1,1.0,1.0,1.0,1.0,1.0,1.0,1,0,7,0
O=C([O-])CNC(=O)C[N-]C(=O)C/N=C/c1ccccc1[O-],4,6,0.0,0.0,0.9411764705882353,1.0,0.8823529411764706,0.9047619047619048,4,2,15,0
Cn1c(-c2cc(-c3ccccn3)cc(-c3nc4ccccc4n3C)n2)nc2ccccc21,3,3,1.0,1.0,1.0,1.0,1.0,1.0,3,0,29,0
Cc1cc2c(cc1C)SC([S-])=C([S-])S2,2,2,1.0,1.0,1.0,1.0,1.0,1.0,2,0,12,0
CP(C)CCP(CCP(C)C)CCP(C)C,4,4,1.0,1.0,1.0,1.0,1.0,1.0,4,0,12,0
c1ccc(C2=C(c3cccc[nH+]3)Nc3ccccc3[N-]2)nc1,2,2,1.0,1.0,1.0,1.0,1.0,1.0,2,0,20,0
Cc1ccc(N/C=C2\C(=O)C=Cc3ccccc32)cc1,1,1,1.0,1.0,1.0,1.0,1.0,1.0,1,0,19,0
[CH2]Cc1ccccn1,2,2,1.0,1.0,1.0,1.0,1.0,1.0,2,0,6,0
CCN(CC)CC/N=C(\N)c1ccccn1,3,3,1.0,1.0,1.0,1.0,1.0,1.0,3,0,13,0
Cc1cccc(C(=O)[N-]c2ccc(F)cc2[N-]C(=O)c2cccc(C)n2)n1,4,4,1.0,1.0,1.0,1.0,1.0,1.0,4,0,23,0
CN(C)[C]c1ccc(N(C)C)cc1,1,1,1.0,1.0,1.0,1.0,1.0,1.0,1,0,12,0
CN(C)c1ccc([C]N)cc1,1,1,1.0,1.0,1.0,1.0,1.0,1.0,1,0,10,0
[S-]/C(=N\N=C(c1ccccn1)c1ccccn1)N1CCCC1,3,4,0.0,0.0,0.9736842105263157,1.0,0.9473684210526315,0.9545454545454546,3,1,18,0
c1ccc(-n2ccnc2-c2ccccn2)cc1,2,2,1.0,1.0,1.0,1.0,1.0,1.0,2,0,15,0
[CH][Si](CC)(CC)CC,1,1,1.0,1.0,1.0,1.0,1.0,1.0,1,0,7,0
OCC#CCO,2,2,1.0,1.0,1.0,1.0,1.0,1.0,2,0,4,0
Cc1cccc(C)c1[N-]c1c([O-])c2ccccc2c2ccccc12,2,2,1.0,1.0,1.0,1.0,1.0,1.0,2,0,22,0
c1ccc(Nc2nnc(Nc3cccc[nH+]3)c3ccccc23)nc1,2,2,1.0,1.0,1.0,1.0,1.0,1.0,2,0,22,0
Cc1cc2c(Cl)ccnc2[nH]1,1,1,1.0,1.0,1.0,1.0,1.0,1.0,1,0,10,0
O=C([O-])c1ccc[n+]([O-])c1,1,3,0.0,0.0,0.8888888888888888,1.0,0.7777777777777778,0.8,1,2,7,0
CC(C)c1ccc(P(C2CCCCC2)C2CCCCC2)cc1,1,1,1.0,1.0,1.0,1.0,1.0,1.0,1,0,21,0
O/N=C/c1ccncc1,1,1,1.0,1.0,1.0,1.0,1.0,1.0,1,0,8,0
O=C1Nc2ccccc2/C1=N/N/C([S-])=N/N=C/c1cc(Cl)cc(Br)c1[O-],3,4,0.0,0.0,0.9782608695652174,1.0,0.9565217391304348,0.9615384615384616,3,1,22,0
[c]1ccccc1-c1nc2c(ccc3ccccc32)o1,2,2,1.0,1.0,1.0,1.0,1.0,1.0,2,0,17,0
c1cnc2c(c1)c1nc3c(nc1c1cccnc12)CCCC3,2,2,1.0,1.0,1.0,1.0,1.0,1.0,2,0,20,0
Nc1nnc(-c2ccncc2)s1,1,2,0.0,0.0,0.9545454545454546,1.0,0.9090909090909091,0.9166666666666666,1,1,10,0
CCOC(=O)c1ccncc1,1,1,1.0,1.0,1.0,1.0,1.0,1.0,1,0,10,0
CCn1c2ccccc2c2cc(/C=N/N=C(\N)[S-])ccc21,2,3,0.0,0.0,0.9736842105263157,1.0,0.9473684210526315,0.9523809523809523,2,1,18,0
CCn1c2c[c]c(/C=N/N=C(\[S-])Nc3ccccc3)cc2c2ccccc21,3,3,1.0,1.0,1.0,1.0,1.0,1.0,3,0,24,0
FC(F)(F)c1ccc(P(c2ccc(C(F)(F)F)cc2)c2ccc(C(F)(F)F)cc2)cc1,1,1,1.0,1.0,1.0,1.0,1.0,1.0,1,0,30,0
F[CH]F,1,1,1.0,1.0,1.0,1.0,1.0,1.0,1,0,2,0
COc1ccc(N2CCN([C](~[S-2])~[S-2])CC2)cc1,2,3,0.0,0.0,0.9666666666666667,1.0,0.9333333333333333,0.9411764705882353,2,1,14,0
COc1c[c]c(-c2nc3c(ccc4ccccc43)o2)cc1,2,2,1.0,1.0,1.0,1.0,1.0,1.0,2,0,19,0
CC(C)CN(CC(C)C)/C([S-])=N/C(=O)c1ccccc1,2,2,1.0,1.0,1.0,1.0,1.0,1.0,2,0,18,0
[c]1c(OP(c2ccccc2)c2ccccc2)cccc1-n1ccnc1P(c1ccccc1)c1ccccc1,3,3,1.0,1.0,1.0,1.0,1.0,1.0,3,0,35,0
Cc1ccccc1/C=C/c1ccncc1,1,5,0.0,0.0,0.8571428571428572,1.0,0.7142857142857143,0.7333333333333333,1,4,10,0
COc1ccc(/N=C/c2cc(C)cc(C)c2[O-])cc1,2,2,1.0,1.0,1.0,1.0,1.0,1.0,2,0,17,0
Cc1csc(Cc2nc(C)cs2)n1,2,2,1.0,1.0,1.0,1.0,1.0,1.0,2,0,11,0
O=[P@@]([O-])(O)C[P@](=O)([O-])O,2,4,0.0,0.0,0.8571428571428572,1.0,0.7142857142857143,0.7777777777777778,2,2,5,0
CC(C)CCn1c(-c2[c]cccc2)nc2ccccc21,2,2,1.0,1.0,1.0,1.0,1.0,1.0,2,0,18,0
c1ccc(-c2nc3c4cccnc4c4ncccc4c3nc2-c2ccccn2)nc1,2,4,0.0,0.0,0.9642857142857143,1.0,0.9285714285714286,0.9333333333333333,2,2,26,0
COc1ccc2c(c1)/C=N/CCOc1ccc(OC)cc1/C=N/CCO2,4,4,1.0,1.0,1.0,1.0,1.0,1.0,4,0,22,0
CCCC[S@](=O)C(C)(C)C,1,1,1.0,0.0,0.4444444444444444,0.0,0.8888888888888888,0.8,0,1,8,1
O=C(/C=C(\[S-])Nc1ccccc1)c1ccccc1,2,2,1.0,1.0,1.0,1.0,1.0,1.0,2,0,16,0
Cc1ccc([O-])c(-n2nc3ccccc3n2)c1,2,3,0.0,0.0,0.9666666666666667,1.0,0.9333333333333333,0.9411764705882353,2,1,14,0
Cc1cccc(C)c1[N-2],1,1,1.0,1.0,1.0,1.0,1.0,1.0,1,0,8,0
Cc1ccccc1[N-2],1,1,1.0,1.0,1.0,1.0,1.0,1.0,1,0,7,0
FC(F)(F)CN1CCCNCCN(CC(F)(F)F)CCCNCC1,4,4,1.0,1.0,1.0,1.0,1.0,1.0,4,0,20,0
c1ccc2c(c1)C[C@@H]1OC(CC3=N[C@@H]4c5ccccc5C[C@@H]4O3)=N[C@H]21,2,2,1.0,1.0,1.0,1.0,1.0,1.0,2,0,23,0
CCOc1cccc(/C=N/CCCNCCC[NH+](C)C)c1[O-],3,3,1.0,1.0,1.0,1.0,1.0,1.0,3,0,19,0
CCN(CC)/C([S-])=N/C(=N/c1ccccc1/C(C)=N/N=C(\[S-])NC)c1ccccc1,4,4,1.0,1.0,1.0,1.0,1.0,1.0,4,0,26,0
CS(=O)(=O)[N-]c1ccccc1/N=N/c1ccccc1[N-]S(C)(=O)=O,3,4,0.0,0.0,0.9761904761904762,1.0,0.9523809523809523,0.9583333333333334,3,1,20,0
[N-2]S(=O)(=O)c1ccccc1,1,1,1.0,1.0,1.0,1.0,1.0,1.0,1,0,9,0
c1ccc(SP(Sc2ccccc2)c2ccccc2)cc1,1,1,1.0,1.0,1.0,1.0,1.0,1.0,1,0,20,0
c1ccc(-c2ccc(-c3ccc(-c4ccccc4)cn3)nc2)cc1,2,2,1.0,1.0,1.0,1.0,1.0,1.0,2,0,22,0
O=C1[CH]CC/C=C\CC1,3,3,1.0,1.0,1.0,1.0,1.0,1.0,3,0,6,0
OC[C@H]1CSC(c2[c]cccc2)=N1,2,2,1.0,1.0,1.0,1.0,1.0,1.0,2,0,11,0
CC(=N\CC[S-])/C(C)=N/CC[S-],4,4,1.0,1.0,1.0,1.0,1.0,1.0,4,0,8,0
c1ccc(Nc2ccccc2/N=N/c2ccccn2)cc1,2,3,0.0,0.0,0.9736842105263157,1.0,0.9473684210526315,0.9523809523809523,2,1,18,0
c1ccc([N-]c2ccccc2/N=N/c2ccccn2)cc1,3,3,1.0,1.0,1.0,1.0,1.0,1.0,3,0,18,0
Cc1cc(C)cc(-c2cccc(-c3cc(C)cc(C)c3)c2/N=C2C(=N/c3c(C)cccc3C)/[C@H]3c4ccccc4[C@@H]/2c2ccccc23)c1,2,2,1.0,1.0,1.0,1.0,1.0,1.0,2,0,46,0
CCN(N(CC)P(c1ccccc1OC)c1ccccc1OC)P(c1ccccc1OC)c1ccccc1OC,2,2,1.0,1.0,1.0,1.0,1.0,1.0,2,0,38,0
COc1ccccc1P(c1ccccc1OC)N(C)N(C)P(c1ccccc1OC)c1ccccc1OC,2,2,1.0,1.0,1.0,1.0,1.0,1.0,2,0,36,0
C=CCCC[N-]S(=O)(=O)c1ccc(C)cc1,1,3,0.0,0.0,0.9333333333333333,1.0,0.8666666666666667,0.875,1,2,13,0
CC(C)c1cccc(C(C)C)c1/N=C(/C[N-]c1c(C(C)C)cccc1C(C)C)[C@H](CC(Cl)(Cl)Cl)c1ccccc1,2,2,1.0,1.0,1.0,1.0,1.0,1.0,2,0,38,0
COc1cccc(OC)c1-c1cc(C)cc(-c2c(OC)cccc2OC)c1OP(c1ccccc1S(=O)(=O)[O-])C(C)(C)C,2,2,1.0,1.0,1.0,1.0,1.0,1.0,2,0,41,0
C/C(=N\c1ccccc1C(C)(C)C)c1ccccn1,2,2,1.0,1.0,1.0,1.0,1.0,1.0,2,0,17,0
Cc1c(C)n(C(C)C)c(=NP(c2ccccc2S(=O)(=O)[O-])C(C)(C)C)n1C(C)C,2,2,1.0,1.0,1.0,1.0,1.0,1.0,2,0,27,0
C[Si](C)(C)[CH]/C=C\[CH][Si](C)(C)C,4,4,1.0,1.0,1.0,1.0,1.0,1.0,4,0,8,0
COC1=CC(=O)N[C@@H]1Cc1ccccc1,1,0,0.0,0.0,0.5,0.0,1.0,0.9333333333333333,0,0,14,1
CO/C(=C(\[C](~[C](~[CH]C(C)C)c1ccccc1)c1ccccc1)c1ccccc1)c1ccccc1,3,3,1.0,1.0,1.0,1.0,1.0,1.0,3,0,31,0
CCN(CC)C(=O)COc1c2cc(C(C)(C)C)cc1Cc1cc(C(C)(C)C)cc3c1OP1Oc4c(cc(C(C)(C)C)cc4Cc4cc(C(C)(C)C)cc(c4O1)C3)C2,2,3,0.0,0.0,0.990909090909091,1.0,0.9818181818181818,0.9824561403508771,2,1,54,0
CCN/C([S-])=N/N(C)C,2,2,1.0,1.0,1.0,1.0,1.0,1.0,2,0,7,0
CCC/N=C/c1c[nH]c(C)n1,2,2,1.0,1.0,1.0,1.0,1.0,1.0,2,0,9,0
O=C(O)CP(c1ccccc1)c1ccccc1,1,2,0.0,0.0,0.96875,1.0,0.9375,0.9411764705882353,1,1,15,0
FC(F)(F)c1cc(-c2[c]c(-c3cc(C(F)(F)F)cc4c3ncc3ccccc34)ccc2)c2ncc3ccccc3c2c1,3,3,1.0,1.0,1.0,1.0,1.0,1.0,3,0,39,0
COc1cc(NC(=O)c2ccccn2)cc(OC)c1,2,2,1.0,1.0,1.0,1.0,1.0,1.0,2,0,17,0
CCN(C#N)CC,1,1,1.0,1.0,1.0,1.0,1.0,1.0,1,0,6,0
C[C](~[O-2])~[C](~[C](C)~[O-2])c1ccc(C)cc1,2,2,1.0,1.0,1.0,1.0,1.0,1.0,2,0,12,0
[CH]1[C@H]([C@@H]2[C@H]3C[C@@H]4[C@H](C3)[C@@H]42)[C@@H]2C=C[C@H]1C2,3,3,1.0,1.0,1.0,1.0,1.0,1.0,3,0,11,0
CC(C)(CNCc1cc(Cl)cc(Cl)c1[O-])CNCc1cc(Cl)cc(Cl)c1[O-],4,4,1.0,1.0,1.0,1.0,1.0,1.0,4,0,23,0
C/C(=N\N=C(/[S-])N(C)c1ccccc1)c1ccccc1[O-],3,3,1.0,1.0,1.0,1.0,1.0,1.0,3,0,18,0
CC(C)(C)[N-]C1=C([N-]C(C)(C)C)[C@H]2c3ccccc3[C@@H]12,4,4,1.0,1.0,1.0,1.0,1.0,1.0,4,0,16,0
C[C@H]([NH3+])C(=O)[O-],1,2,0.0,0.0,0.9,1.0,0.8,0.8333333333333334,1,1,4,0
CCO[P-](~[O-2])(OCC)~[C](c1ccccc1)~[P-](c1ccccc1)c1ccccc1,2,2,1.0,1.0,1.0,1.0,1.0,1.0,2,0,26,0
COP1O[C@H](C)C[C@H](C)O1,1,1,1.0,1.0,1.0,1.0,1.0,1.0,1,0,9,0
CCO/C(=N/C(=O)c1ccccc1)[N-]c1cccc([N+](=O)[O-])c1,2,2,1.0,1.0,1.0,1.0,1.0,1.0,2,0,21,0
C[N+](C)(C)[C@]12CNCCSC[C@](C)(CSCCNC1)CSCCNC2,6,6,1.0,1.0,1.0,1.0,1.0,1.0,6,0,19,0
C[C@@H](/N=C/c1ccccc1P(c1ccccc1)c1ccccc1)[C@@H]([O-])c1ccccc1,3,3,1.0,1.0,1.0,1.0,1.0,1.0,3,0,28,0
CC1=C(C)C(C)(P(Cl)OC(=C(F)F)C(F)(F)F)C(C)=C1C,1,1,1.0,1.0,1.0,1.0,1.0,1.0,1,0,20,0
C[Si](C)(C)CP(O)C(O)(C(F)(F)F)C(F)(F)F,1,1,1.0,1.0,1.0,1.0,1.0,1.0,1,0,16,0
CC(C)(C)c1cc(/C=N/CCN(Cc2ccccn2)Cc2ccccn2)c([O-])c(C(C)(C)C)c1,5,5,1.0,1.0,1.0,1.0,1.0,1.0,5,0,29,0
O=C([O-])[C@@H]([O-])[C@H](O)C(=O)O,2,3,0.0,0.0,0.9375,1.0,0.875,0.9,2,1,7,0
c1ccc([N-2]~[N-3]~[C](~[N-3]~[N-2]c2ccccc2)c2ccccc2)cc1,2,2,1.0,1.0,1.0,1.0,1.0,1.0,2,0,21,0
[N-2][CH]~[CH][N-2],2,2,1.0,1.0,1.0,1.0,1.0,1.0,2,0,2,0
Cc1ccc(S(=O)(=O)[N-]c2ccccc2/C=N/c2ccccn2)cc1,2,2,1.0,1.0,1.0,1.0,1.0,1.0,2,0,23,0
O=C([O-])C/N=C\c1ccco1,2,3,0.0,0.0,0.9444444444444444,1.0,0.8888888888888888,0.9090909090909091,2,1,8,0
C[C](~[CH]~[C](C)~[N-2]/N=C(/C)[S-])~[N-2]/N=C(/C)[S-],4,4,1.0,1.0,1.0,1.0,1.0,1.0,4,0,11,0
COC(=O)c1cccc(C)c1NC(=O)c1ccccn1,2,2,1.0,1.0,1.0,1.0,1.0,1.0,2,0,18,0
O=C(N/N=C/c1ccccn1)c1ccc(Br)cc1,3,3,1.0,1.0,1.0,1.0,1.0,1.0,3,0,15,0
C/C([S-])=C/C(=O)c1ccccc1,2,2,1.0,1.0,1.0,1.0,1.0,1.0,2,0,10,0
O=C1c2ccccc2C(=O)c2nc3c4cccnc4c4ncccc4c3nc21,2,4,0.0,0.0,0.9615384615384616,1.0,0.9230769230769231,0.9285714285714286,2,2,24,0
FC(F)(F)c1c2nc(c(-c3c4ccccc4c(Br)c4ccccc34)c3ccc([n-]3)c(C(F)(F)F)c3nc(c(-c4c5ccccc5c(Br)c5ccccc45)c4ccc1[n-]4)C=C3)C=C2,4,4,1.0,1.0,1.0,1.0,1.0,1.0,4,0,58,0
O=C(c1ncc[nH]1)c1ncc[nH]1,2,2,1.0,1.0,1.0,1.0,1.0,1.0,2,0,10,0
COc1cccc(/C=N/[C@@H](CCSC)C(=O)[O-])c1OCCOc1c(/C=N/[C@@H](CCSC)C(=O)[O-])cccc1OC,6,8,0.0,0.0,0.9705882352941176,1.0,0.9411764705882353,0.95,6,2,32,0
C/C1=C/C(C)=N/CCNCCCNCC[N-]1,4,4,1.0,1.0,1.0,1.0,1.0,1.0,4,0,12,0
O=C1C=Cc2cccc3ccc([O-])c1c23,2,2,1.0,1.0,1.0,1.0,1.0,1.0,2,0,13,0
O=C(/N=C(\[S-])N(Cc1ccccc1)Cc1ccccc1)c1ccccc1,2,2,1.0,1.0,1.0,1.0,1.0,1.0,2,0,24,0
CC(=O)/C([S-])=C(/[S-])c1ccc([N+](=O)[O-])cc1,2,2,1.0,1.0,1.0,1.0,1.0,1.0,2,0,14,0
O=C([O-])c1ccccc1/N=C/c1ccccc1[O-],3,4,0.0,0.0,0.9666666666666667,1.0,0.9333333333333333,0.9444444444444444,3,1,14,0
CN1C(=O)CN=C(c2ccccc2)c2cc(Cl)ccc21,1,1,1.0,1.0,1.0,1.0,1.0,1.0,1,0,19,0
C[Si](C)([S-])[S-],2,2,1.0,1.0,1.0,1.0,1.0,1.0,2,0,3,0
CCCc1ccc([O-])c(/C(C)=N/O)c1,2,2,1.0,1.0,1.0,1.0,1.0,1.0,2,0,12,0
[CH2]CC([O-])(c1ccccn1)c1ccccn1,3,4,0.0,0.0,0.9615384615384616,1.0,0.9230769230769231,0.9375,3,1,12,0
CN(C)c1ccc(/N=N/c2ccccn2)cc1,2,2,1.0,1.0,1.0,1.0,1.0,1.0,2,0,15,0
CCC1=C(CC)c2cc3[n-]c(cc4nc(cc5[n-]c(cc1n2)C(=O)C5(CC)CC)C(CC)=C4CC)c(CC)c3CC,4,4,1.0,1.0,1.0,1.0,1.0,1.0,4,0,37,0
[CH]=C[Si](c1ccccc1)(c1ccccc1)c1ccccc1,1,1,1.0,1.0,1.0,1.0,1.0,1.0,1,0,20,0
CN(C)Cc1ccc[n-]1,2,2,1.0,1.0,1.0,1.0,1.0,1.0,2,0,7,0
[N-2]N=C(Cl)Cl,1,1,1.0,1.0,1.0,1.0,1.0,1.0,1,0,4,0
CC(C)[Si](C#CC(C#C[Si](C(C)C)(C(C)C)C(C)C)=C(c1ccccn1)c1ccccn1)(C(C)C)C(C)C,2,2,1.0,1.0,1.0,1.0,1.0,1.0,2,0,36,0
O=[P@]([O-])(O)O[B-]1(O[P@@](=O)([O-])O)OB(O)O[B@@-](O[P@@](=O)([O-])O)(O[P@](=O)([O-])O)O1,5,10,0.0,0.0,0.8863636363636364,1.0,0.7727272727272727,0.8148148148148148,5,5,17,0
C[C@@H](c1nccnc1F)[C@](O)(Cn1cncn1)c1ccc(F)cc1F,1,3,0.0,0.0,0.9583333333333333,1.0,0.9166666666666666,0.92,1,2,22,0
COCCP(c1ccc(C)cc1)c1ccc(C)cc1,2,2,1.0,1.0,1.0,1.0,1.0,1.0,2,0,17,0
C[C@@H](c1ncncc1F)[C@](O)(Cn1cncn1)c1ccc(F)cc1F,1,2,0.0,0.0,0.9791666666666667,1.0,0.9583333333333334,0.96,1,1,23,0
CCN(CC)c1ccc(/C=N/N=C(\[O-])Cc2ccccc2)c([O-])c1,3,3,1.0,1.0,1.0,1.0,1.0,1.0,3,0,21,0
CC(C)(C1=N[C@@H]2c3ccccc3C[C@@H]2O1)C1=N[C@@H]2c3ccccc3C[C@@H]2O1,2,2,1.0,1.0,1.0,1.0,1.0,1.0,2,0,25,0
c1ccc(N2CC2)cc1,1,7,0.0,0.0,0.625,1.0,0.25,0.3333333333333333,1,6,2,0
CCN(CC)C(=O)CN1CCN(CC(=O)[O-])CCN(CC(=O)[O-])CC1,5,8,0.0,0.0,0.925,1.0,0.85,0.88,5,3,17,0
Cc1ncc(CO)c(/C=N/CCN(C)C)c1[O-],3,3,1.0,1.0,1.0,1.0,1.0,1.0,3,0,14,0
C/C(=N\CCNCCN)c1ccccn1,4,4,1.0,1.0,1.0,1.0,1.0,1.0,4,0,11,0
c1ccc(CN2CCN(Cc3ccccc3)CCN(Cc3ccccc3)CCN(Cc3ccccc3)CC2)cc1,4,4,1.0,1.0,1.0,1.0,1.0,1.0,4,0,36,0
CO[C]1~[CH]~[CH]~[C](CN2CCN(C[C]3~[CH]~[CH]~[C](OC)~[CH]~[CH]~3)CCN(C[C]3~[CH]~[CH]~[C](OC)~[CH]~[CH]~3)CCN(C[C]3~[CH]~[CH]~[C](OC)~[CH]~[CH]~3)CC2)~[CH]~[CH]~1,3,4,0.0,0.0,0.9888888888888889,1.0,0.9777777777777777,0.9791666666666666,3,1,44,0
N[C@@H](CCC[NH3+])C(=O)[O-],2,3,0.0,0.0,0.9285714285714286,1.0,0.8571428571428571,0.8888888888888888,2,1,6,0
c1ccc2c(c1)CCC21CCOCC1,6,7,0.0,0.0,0.9375,1.0,0.875,0.9285714285714286,6,1,7,0
O=P([O-])(O)O,1,2,0.0,0.0,0.875,1.0,0.75,0.8,1,1,3,0
CSC(=S)N(C)/N=C/c1ccccc1[O-],3,3,1.0,1.0,1.0,1.0,1.0,1.0,3,0,12,0
C=CCNC(=S)N/N=C/c1ccccc1[O-],3,3,1.0,1.0,1.0,1.0,1.0,1.0,3,0,13,0
[CH2]CCP(CCC)CCC,2,2,1.0,1.0,1.0,1.0,1.0,1.0,2,0,8,0
CC(=O)N[C@H](C)C(=O)[O-],1,2,0.0,0.0,0.9375,1.0,0.875,0.8888888888888888,1,1,7,0
c12c3c4c5c1c1c6c7c2c2c8c3c3c9c4c4c%10c5c5c1c1c6c6c%11c%12c%13c%14c%15c%16c%17c%14c%14c%18c%13c%11c1c1c5c%10c5c(c%14c%10c%17c%11c%13c%16c%14c%16c%15c%12c%12c%16c(c2c7c%126)c2c8c3c(c%13c%142)c2c9c4c5c%10c%112)c%181,2,0,0.0,0.0,0.5,0.0,1.0,0.9714285714285714,0,0,68,2
N#Cc1cc[c]cc1,1,1,1.0,1.0,1.0,1.0,1.0,1.0,1,0,7,0
[CH]/C(=C/C1CCCCC1)C/C=C\C1CCCCC1,3,3,1.0,1.0,1.0,1.0,1.0,1.0,3,0,15,0
FC(F)COCc1ccnc(-c2cc(COCC(F)F)ccn2)c1,2,2,1.0,1.0,1.0,1.0,1.0,1.0,2,0,22,0
Cc1ccc(-c2cc(C3=NC(C)(C)CO3)nc(C3=NC(C)(C)CO3)c2)cc1,3,3,1.0,1.0,1.0,1.0,1.0,1.0,3,0,24,0
COS(=O)(=O)[O-],1,1,1.0,1.0,1.0,1.0,1.0,1.0,1,0,5,0
COc1cccc(/C=N/[C@@H](C(=O)[O-])C(C)C)c1[O-],3,4,0.0,0.0,0.9666666666666667,1.0,0.9333333333333333,0.9444444444444444,3,1,14,0
c1nc(-c2c[nH]cn2)c[nH]1,2,2,1.0,1.0,1.0,1.0,1.0,1.0,2,0,8,0
O=C([O-])c1c(F)cc(F)cc1F,1,2,0.0,0.0,0.9545454545454546,1.0,0.9090909090909091,0.9166666666666666,1,1,10,0
Nc1ccc([N+](=O)[O-])cc1,1,1,1.0,1.0,1.0,1.0,1.0,1.0,1,0,9,0
Cc1ccc(-c2cc(C3=NCCO3)nc(C3=NCCO3)c2)cc1,3,3,1.0,1.0,1.0,1.0,1.0,1.0,3,0,20,0
CC1(C)COC(c2cc(-c3ccncc3)cc(C3=NC(C)(C)CO3)n2)=N1,3,4,0.0,0.0,0.9782608695652174,1.0,0.9565217391304348,0.9615384615384616,3,1,22,0
Cc1cc(C)c(-c2cc(-c3ccccc3)c(-c3cccc(-c4c(-c5ccccc5)cc(-c5c(C)cc(C)cc5C)n4[C](c4ccccc4)c4ccccc4)n3)[n-]2)c(C)c1,4,3,0.0,0.0,0.875,0.75,1.0,0.9830508474576272,3,0,55,1
O=C(O)C(F)(F)F,1,1,1.0,1.0,1.0,1.0,1.0,1.0,1,0,6,0
O=C([O-])c1cnc(-c2ccncc2)nc1,1,2,0.0,0.0,0.9642857142857143,1.0,0.9285714285714286,0.9333333333333333,1,1,13,0
CC(C)(C)c1ccc(C(C)(C)C)cc1,6,6,1.0,1.0,1.0,1.0,1.0,1.0,6,0,8,0
Cc1ccc(-c2cc3cc4nc(cc5[n-]c(cc6nc(cc2[n-]3)C(C)(C)C6)cc5-c2ccc(C)cc2)C(C)(C)C4)cc1,4,4,1.0,1.0,1.0,1.0,1.0,1.0,4,0,38,0
Cc1ccc2ccccc2c1-c1pc2c(c(-c3ccccc3)c1C)CCc1ccc[c]c1-2,2,2,1.0,1.0,1.0,1.0,1.0,1.0,2,0,30,0
Cc1cc(C)c(NC(=O)[O-])c(C)c1,1,2,0.0,0.0,0.9583333333333333,1.0,0.9166666666666666,0.9230769230769231,1,1,11,0
Cc1nn(-c2ccccc2)c([S-])c1/C(=N/N=C(\[S-])c1ccccc1)c1ccccc1,3,3,1.0,1.0,1.0,1.0,1.0,1.0,3,0,27,0
C1C[C@H](P(N2CCOCC2)N2CCOCC2)[C@@H](P(N2CCOCC2)N2CCOCC2)C1,2,2,1.0,1.0,1.0,1.0,1.0,1.0,2,0,29,0
[CH]=C/C=C\[S-],2,2,1.0,1.0,1.0,1.0,1.0,1.0,2,0,3,0
[CH]=Cc1ccccc1[S-],2,2,1.0,1.0,1.0,1.0,1.0,1.0,2,0,7,0
c1ccc(C2=C(P(c3ccccc3)C3=C(c4ccccc4)[C@H]4c5ccccc5[C@@H]3c3ccccc34)[C@H]3c4ccccc4[C@@H]2c2ccccc23)cc1,1,1,1.0,1.0,1.0,1.0,1.0,1.0,1,0,50,0
Cc1ccc[c]c1-c1c(C)cccc1[S-],2,2,1.0,1.0,1.0,1.0,1.0,1.0,2,0,13,0
C[Si](C)(C)C(=P[C@H](c1cccc([C@H](P=C([Si](C)(C)C)[Si](C)(C)C)[Si](C)(C)C)n1)[Si](C)(C)C)[Si](C)(C)C,3,3,1.0,1.0,1.0,1.0,1.0,1.0,3,0,33,0
CN(CC/N=C/c1cc(C(C)(C)C)cc(C(C)(C)C)c1[O-])Cc1cc(Cl)cc(Cl)c1[O-],4,4,1.0,1.0,1.0,1.0,1.0,1.0,4,0,27,0
Fc1c(F)c(F)c(-c2c3nc(c(-c4c(F)c(F)c(F)c(F)c4F)c4ccc([n-]4)c(-c4c(F)c(F)c(F)c(F)c4F)c4nc(cc5ccc2[n-]5)C=C4)C=C3)c(F)c1F,4,4,1.0,1.0,1.0,1.0,1.0,1.0,4,0,53,0
CC1(C)[C@@H]2CC[C@]13CS(=O)(=O)N(C(=O)[C@@H]1C[CH][C@H]4CC[C@@H]1O4)[C@@H]3C2,1,1,1.0,1.0,1.0,1.0,1.0,1.0,1,0,23,0
CNCCN[C]c1ccccc1P(c1ccccc1)c1ccccc1,3,3,1.0,1.0,1.0,1.0,1.0,1.0,3,0,22,0
CN/C([S-])=N/N=C1\CCCc2c1[n-]c1ccccc21,3,3,1.0,1.0,1.0,1.0,1.0,1.0,3,0,16,0
N/C([S-])=N/N=C1\CCCc2c1[n-]c1ccccc21,3,3,1.0,1.0,1.0,1.0,1.0,1.0,3,0,15,0
[S-]CCNCCSCC[S-],4,4,1.0,1.0,1.0,1.0,1.0,1.0,4,0,6,0
CC1(C)C[C@H]2CC3=N[C@H](/C=C4\N=C(/C=C5\[N-]/C(=C\C1=N2)CC5(C)C)CC4(C)C)CC3(C)C,4,4,1.0,1.0,1.0,1.0,1.0,1.0,4,0,28,0
Cc1cccc(C)c1/N=C/c1cc(C(C)(C)C)cc(C(C)(C)C)c1[O-],2,2,1.0,1.0,1.0,1.0,1.0,1.0,2,0,23,0
C1CNC(C2=NCCN2)=N1,2,2,1.0,1.0,1.0,1.0,1.0,1.0,2,0,8,0
Clc1ccc(-n2cc(-c3ccccn3)nn2)cc1,2,2,1.0,1.0,1.0,1.0,1.0,1.0,2,0,16,0
FC(F)(F)c1cc([N-]c2cc(C(F)(F)F)cc(C(F)(F)F)c2)cc(C(F)(F)F)c1,1,1,1.0,1.0,1.0,1.0,1.0,1.0,1,0,28,0
O=[N+]([O-])c1ccc(-n2cc(-c3ccccn3)nn2)cc1,2,2,1.0,1.0,1.0,1.0,1.0,1.0,2,0,18,0
CCc1ccc(/N=C/c2ccccn2)cc1,2,2,1.0,1.0,1.0,1.0,1.0,1.0,2,0,14,0
C[C@H](/N=C/c1cc(Cl)cc(Cl)c1[O-])c1ccccc1,2,2,1.0,1.0,1.0,1.0,1.0,1.0,2,0,17,0
Cc1ncc(CO)c(/C=N/Cc2ccccc2)c1[O-],2,2,1.0,1.0,1.0,1.0,1.0,1.0,2,0,17,0
O=C(O)c1ccc([O-])c(/C=N/c2ccccc2/N=C/c2cc(C(=O)O)ccc2[O-])c1,4,4,1.0,1.0,1.0,1.0,1.0,1.0,4,0,26,0
Clc1cnc2ccccc2n1,1,2,0.0,0.0,0.95,1.0,0.9,0.9090909090909091,1,1,9,0
CCOc1cccc(/C=N/[C@H]2CCCC[C@@H]2/N=C/c2cccc(OCC)c2[O-])c1[O-],4,4,1.0,1.0,1.0,1.0,1.0,1.0,4,0,26,0
Cc1ncc(CO)c(CNCCNCc2c(CO)c[nH+]c(C)c2[O-])c1[O-],4,4,1.0,1.0,1.0,1.0,1.0,1.0,4,0,22,0
C=CO[C@H](N=C1C=C(C(C)(C)C)C(=O)C(C(C)(C)C)=C1)c1ccccc1[O-],2,3,0.0,0.0,0.98,1.0,0.96,0.9629629629629629,2,1,24,0
O=C1[N-]c2cc1c(-c1c(F)c(F)c(F)c(F)c1F)c1ccc([nH]1)c(-c1c(F)c(F)c(F)c(F)c1F)c1ccc([nH]1)c(-c1c(F)c(F)c(F)c(F)c1F)c1cc(c(-c3c(F)c(F)c(F)c(F)c3F)c3nc(c2-c2c(F)c(F)c(F)c(F)c2F)C=C3)NC1=O,2,2,1.0,1.0,1.0,1.0,1.0,1.0,2,0,85,0
CO[C@@H]1O[C@H](COC(C)=O)[C@@H](OC(C)=O)[C@H](OC(C)=O)[C@H]1N/C([S-])=N/C(=O)c1ccc([N+](=O)[O-])cc1,2,3,0.0,0.0,0.9852941176470589,1.0,0.9705882352941176,0.9722222222222222,2,1,33,0
O=C1c2ccccc2C(=O)c2c1ccc1nc(-c3ccccc3[O-])[n-]c21,3,3,1.0,1.0,1.0,1.0,1.0,1.0,3,0,23,0
CCOc1cccc(/C=N/CCC/N=C/c2cccc(OCC)c2[O-])c1[O-],4,4,1.0,1.0,1.0,1.0,1.0,1.0,4,0,23,0
CC(=N\c1c(-c2cc3ccccc3o2)cccc1-c1cc2ccccc2o1)/C(C)=N/c1c(-c2cc3ccccc3o2)cccc1-c1cc2ccccc2o1,2,2,1.0,1.0,1.0,1.0,1.0,1.0,2,0,52,0
C=C1C=CC=C1,6,6,1.0,1.0,0.5,1.0,0.0,1.0,6,0,0,0
C[C@@H]1CC[C@@H](C)P1c1ccccc1P(c1ccccc1)c1ccccc1,2,2,1.0,1.0,1.0,1.0,1.0,1.0,2,0,24,0
CCOC(=O)NC(=S)Nc1ccccc1C,1,1,1.0,1.0,1.0,1.0,1.0,1.0,1,0,15,0
C1CSCCOCCOCCSCCN1,5,5,1.0,1.0,1.0,1.0,1.0,1.0,5,0,10,0
[CH2][S+](C)C,1,1,1.0,1.0,1.0,1.0,1.0,1.0,1,0,3,0
C=C1[C@@H]2C=CC=C[C@H]1C=C2,6,8,0.0,0.0,0.75,1.0,0.5,0.8,6,2,2,0
Cc1ccc([C](~[S-2])~[N-](C)[O-])cc1,2,2,1.0,1.0,1.0,1.0,1.0,1.0,2,0,10,0
CC(C)(C)C1[CH]~[CH]~[CH]~[CH]~[CH]~[CH]1,6,6,1.0,1.0,1.0,1.0,1.0,1.0,6,0,5,0
C=Cc1ccc(C)cc1,2,2,1.0,1.0,1.0,1.0,1.0,1.0,2,0,7,0
NCCCN1CCNCCN(CCCN)CC1,5,5,1.0,1.0,1.0,1.0,1.0,1.0,5,0,12,0
NCCCN1CCN(CCCN)CCN(CCCN)CC1,6,6,1.0,1.0,1.0,1.0,1.0,1.0,6,0,15,0
N#CC(C#N)=C(C#N)C(=[N-])Br,1,1,1.0,1.0,1.0,1.0,1.0,1.0,1,0,10,0
C=Cc1[c]cccc1,1,2,0.0,0.0,0.9285714285714286,1.0,0.8571428571428571,0.875,1,1,6,0
[N-]=S,1,1,1.0,1.0,1.0,1.0,1.0,1.0,1,0,1,0
O=C(NO)c1ccncc1,1,2,0.0,0.0,0.9444444444444444,1.0,0.8888888888888888,0.9,1,1,8,0
[O-]C(=C(c1ccccc1)c1ccccc1)[C@H](c1ccccc1[O-])N(CC/N=C/c1ccccc1[O-])C([O-])=C(c1ccccc1)c1ccccc1,6,6,1.0,1.0,1.0,1.0,1.0,1.0,6,0,44,0
C[C@@H]([N-]C(=O)CN(Cc1ccccn1)Cc1ccccn1)c1ccccn1,5,5,1.0,1.0,1.0,1.0,1.0,1.0,5,0,22,0
F[C](F)~[CH]~[CH]~[C](F)F,4,4,1.0,1.0,1.0,1.0,1.0,1.0,4,0,4,0
CN(C)c1nc(-c2ccccn2)cc(C(C)(C)C)n1,2,2,1.0,1.0,1.0,1.0,1.0,1.0,2,0,17,0
c1ccc(-c2ccnc(N3CCCCC3)n2)nc1,2,2,1.0,1.0,1.0,1.0,1.0,1.0,2,0,16,0
c1ccc(-c2ccnc(N3CCCC3)n2)nc1,2,2,1.0,1.0,1.0,1.0,1.0,1.0,2,0,15,0
CN(C)c1nccc(-c2ccccn2)n1,2,2,1.0,1.0,1.0,1.0,1.0,1.0,2,0,13,0
CCCNc1nccc(-c2ccccn2)n1,2,2,1.0,1.0,1.0,1.0,1.0,1.0,2,0,14,0
CC(C)(C)c1cc(-c2ccccn2)nc(N)n1,2,2,1.0,1.0,1.0,1.0,1.0,1.0,2,0,15,0
COCC/N=C/c1ccccc1[N-]c1c(C(C)C)cccc1C(C)C,2,3,0.0,0.0,0.9782608695652174,1.0,0.9565217391304348,0.96,2,1,22,0
COc1ccc(N2CP(c3ccccc3)CCP(c3ccccc3)C2)cc1,2,2,1.0,1.0,1.0,1.0,1.0,1.0,2,0,25,0
O/N=C\c1cc[nH+]cc1,1,1,1.0,1.0,1.0,1.0,1.0,1.0,1,0,8,0
CC(C)(C)[S-],1,1,1.0,1.0,1.0,1.0,1.0,1.0,1,0,4,0
C[C](~[O-2])~[CH]~[C](C)~[N-2]CC/N=C/c1c[nH]c(C)n1,4,4,1.0,1.0,1.0,1.0,1.0,1.0,4,0,13,0
c1ccc(Nc2ccc(/N=N/c3ccccn3)cc2)cc1,2,6,0.0,0.0,0.8947368421052632,1.0,0.7894736842105263,0.8095238095238095,2,4,15,0
O=C([O-])COc1ccccc1OCCOc1ccccc1O,1,6,0.0,0.0,0.8809523809523809,1.0,0.7619047619047619,0.7727272727272727,1,5,16,0
[N-]=C(CCCO)c1ccccc1,1,1,1.0,1.0,1.0,1.0,1.0,1.0,1,0,11,0
C[C@@H](Cl)CC(=O)P(c1ccccc1)c1ccccc1,1,1,1.0,1.0,1.0,1.0,1.0,1.0,1,0,18,0
[O-]c1ccccc1/C=N/c1ccc2c(c1-c1c([O-])ccc3c1CCCC3)CCCC2,3,3,1.0,1.0,1.0,1.0,1.0,1.0,3,0,27,0
CC(C)(C)c1cc(/C=N/c2ccc3c(c2-c2c([O-])ccc4c2CCCC4)CCCC3)c([O-])c(C(C)(C)C)c1,3,3,1.0,1.0,1.0,1.0,1.0,1.0,3,0,35,0
CC(C)(C)[CH]O[Si](C)(C)C,2,1,0.0,0.0,0.75,0.5,1.0,0.9,1,0,8,1
Cc1cccc(C(=O)[N-]c2ccccc2[N-]C(=O)c2cccc(C)n2)n1,4,4,1.0,1.0,1.0,1.0,1.0,1.0,4,0,22,0
c1ccc(/P=P/c2ccccc2)cc1,2,2,1.0,1.0,1.0,1.0,1.0,1.0,2,0,12,0
CC[C@H]1COC(Cc2cc(CC3=N[C@@H](CC)CO3)c(C)cc2C)=N1,2,2,1.0,1.0,1.0,1.0,1.0,1.0,2,0,22,0
CCc1cc(C)cc(CC)c1/N=C(\C)c1ccc2c(n1)/C(=N/c1c(CC)cc(C)cc1CC)CCC2,3,3,1.0,1.0,1.0,1.0,1.0,1.0,3,0,33,0
CCc1cccc(CC)c1/N=C(\C)c1ccc2c(n1)/C(=N/c1c(CC)cccc1CC)CCC2,3,3,1.0,1.0,1.0,1.0,1.0,1.0,3,0,31,0
C/C(=N\c1c(C)cccc1C)c1ccc2c(n1)/C(=N/c1c(C)cccc1C)CCC2,3,3,1.0,1.0,1.0,1.0,1.0,1.0,3,0,27,0
[CH]c1ccc(C)cc1,1,1,1.0,1.0,1.0,1.0,1.0,1.0,1,0,7,0
CCCCN(CCCC)/C([S-])=N/C(=O)c1ccccc1,2,2,1.0,1.0,1.0,1.0,1.0,1.0,2,0,18,0
CN[C@@H]1CCCC[C@H]1N(C)p1oc2c(C(C)(C)C)cc(OC)cc2c2cc(OC)cc(C(C)(C)C)c2o1,2,2,1.0,1.0,1.0,1.0,1.0,1.0,2,0,35,0
C[C@H]1[CH][C@@H]2CC[C@H]1C2,1,1,1.0,1.0,1.0,1.0,1.0,1.0,1,0,7,0
Fc1c(F)c(F)c(Cn2c(-c3ccccn3)nc3ccccc32)c(F)c1F,2,2,1.0,1.0,1.0,1.0,1.0,1.0,2,0,25,0
C[C@@]1(c2ccccn2)[N-]C(=O)NC1=O,2,2,1.0,1.0,1.0,1.0,1.0,1.0,2,0,12,0
[CH2]C([CH2])c1ccccc1,2,2,1.0,1.0,1.0,1.0,1.0,1.0,2,0,7,0
O=C([O-])c1ccccc1CN(Cc1ccccn1)Cc1ccccn1,4,5,0.0,0.0,0.9761904761904762,1.0,0.9523809523809523,0.96,4,1,20,0
c1ccc(P(Cc2ccccn2)C[C@H]2CCCO2)cc1,2,3,0.0,0.0,0.9722222222222222,1.0,0.9444444444444444,0.95,2,1,17,0
CN1C(C(=O)Nc2ccccn2)=C(O)c2ccccc2S1(=O)=O,1,2,0.0,0.0,0.9772727272727273,1.0,0.9545454545454546,0.9565217391304348,1,1,21,0
Cc1cn(CC(=O)[O-])c(=O)[nH]c1=O,1,2,0.0,0.0,0.9583333333333333,1.0,0.9166666666666666,0.9230769230769231,1,1,11,0
O=C([O-])COc1cccc(OCC(=O)[O-])c1,1,6,0.0,0.0,0.8333333333333333,1.0,0.6666666666666666,0.6875,1,5,10,0
c1ccc2c(c1)Cc1ccccc1-2,6,12,0.0,0.0,0.5714285714285714,1.0,0.14285714285714285,0.5384615384615384,6,6,1,0
[c]1ccccc1-c1cc(-c2ccccc2)cc(-c2ccccc2)p1,2,2,1.0,1.0,1.0,1.0,1.0,1.0,2,0,22,0
COc1cccc(/C=N/[C@H](CC(C)C)C(=O)[O-])c1[O-],3,4,0.0,0.0,0.96875,1.0,0.9375,0.9473684210526315,3,1,15,0
[c]1c2ccccc2cc2ccccc12,1,1,1.0,1.0,1.0,1.0,1.0,1.0,1,0,13,0
O=C([O-])c1ccc(C(=O)[O-])s1,1,4,0.0,0.0,0.85,1.0,0.7,0.7272727272727273,1,3,7,0
CSC(=S)/C=C(\[O-])c1ccc(Br)cc1,2,2,1.0,1.0,1.0,1.0,1.0,1.0,2,0,12,0
[O-]c1ccccc1C1=NCCCN1,2,2,1.0,1.0,1.0,1.0,1.0,1.0,2,0,11,0
[O-]c1ccccc1C1=NCCN1,2,2,1.0,1.0,1.0,1.0,1.0,1.0,2,0,10,0
CN1CCCN(CC(=O)[O-])Cc2cccc(n2)CN(CC(=O)[O-])CCC1,6,8,0.0,0.0,0.95,1.0,0.9,0.9230769230769231,6,2,18,0
CSC(=S)/C=C(\[O-])c1ccccc1,2,2,1.0,1.0,1.0,1.0,1.0,1.0,2,0,11,0
O=C([O-])CN1CCCN(CC(=O)[O-])Cc2cccc(n2)CN(CC(=O)[O-])CCC1,6,10,0.0,0.0,0.9130434782608696,1.0,0.8260869565217391,0.8620689655172413,6,4,19,0
CS[C](~[S-2])~[CH]~[C](~[O-2])c1ccco1,2,2,1.0,1.0,1.0,1.0,1.0,1.0,2,0,10,0
[O-]c1c(-c2ccc(Cl)cc2)oc2ccccc2c1=S,2,2,1.0,1.0,1.0,1.0,1.0,1.0,2,0,17,0
C/C([O-])=C/C1=NC(C)(C)CO1,2,2,1.0,1.0,1.0,1.0,1.0,1.0,2,0,9,0
CC1(C)COC(/C=C(\[O-])C(C)(C)C)=N1,2,2,1.0,1.0,1.0,1.0,1.0,1.0,2,0,12,0
[S-]c1sn[s+]c1[S-],2,2,1.0,1.0,1.0,1.0,1.0,1.0,2,0,5,0
C(=C(\OP(c1ccccc1)c1ccccc1)c1ccccc1)\P(c1ccccc1)c1ccccc1,2,2,1.0,1.0,1.0,1.0,1.0,1.0,2,0,33,0
CP(C)c1nccn1P(C)C,2,2,1.0,1.0,1.0,1.0,1.0,1.0,2,0,9,0
O=S(=O)([O-])c1ccccc1/C=C/c1ccc(-c2ccc(/C=C/c3ccccc3S(=O)(=O)[O-])cc2)cc1,1,4,0.0,0.0,0.9571428571428571,1.0,0.9142857142857143,0.9166666666666666,1,3,32,0
COc1ccc(/N=C(\C)c2[c]ccc(/C(C)=N/c3ccc(OC)cc3)n2)cc1,2,3,0.0,0.0,0.9807692307692308,1.0,0.9615384615384616,0.9642857142857143,2,1,25,0
CC(C)(C)c1cc([N+](=O)[O-])cc(/C=N/N=C(\[O-])c2ccncc2)c1[O-],3,3,1.0,1.0,1.0,1.0,1.0,1.0,3,0,22,0
CC(C)/[N+]=C(/[N-]C(C)C)N1CC1,2,2,1.0,1.0,1.0,1.0,1.0,1.0,2,0,10,0
N#C[C](~[N-3]~[N-2]c1ccccc1[O-])~[N-3]~[N-2]c1ccccc1[O-],4,4,1.0,1.0,1.0,1.0,1.0,1.0,4,0,17,0
O=C1CN=C(c2ccccc2)c2cc(Cl)ccc2N1CC1CC1,1,1,1.0,1.0,1.0,1.0,1.0,1.0,1,0,22,0
[CH]=C(/C=C1\[C]N(C(C)C)C(=S)O1)[P+](c1ccccc1)(c1ccccc1)c1ccccc1,2,2,1.0,1.0,1.0,1.0,1.0,1.0,2,0,29,0
[CH]=C(/C=C1\[C]NC(=S)O1)[P+](c1ccccc1)(c1ccccc1)c1ccccc1,2,3,0.0,0.0,0.9807692307692308,1.0,0.9615384615384616,0.9642857142857143,2,1,25,0
[O-]/C1=[C]/CCCCCC1,2,2,1.0,1.0,1.0,1.0,1.0,1.0,2,0,7,0
COc1ccc(-n2cnnc2)cc1,1,2,0.0,0.0,0.9583333333333333,1.0,0.9166666666666666,0.9230769230769231,1,1,11,0
C1CSCCO1,1,2,0.0,0.0,0.9,1.0,0.8,0.8333333333333334,1,1,4,0
c1ccc2nc(C3=NCCO3)ccc2c1,2,2,1.0,1.0,1.0,1.0,1.0,1.0,2,0,13,0
COC(=O)CN(CCN(Cc1ccccc1)Cc1ccccn1)Cc1ccccn1,4,5,0.0,0.0,0.9807692307692308,1.0,0.9615384615384616,0.9666666666666667,4,1,25,0
c1cc2nc(c1)-c1ccc(cc1)-c1ccc(cc1)-c1ccc(cc1)-c1ccc(cc1)-c1ccc-2cc1,2,1,0.0,0.0,0.75,0.5,1.0,0.9722222222222222,1,0,34,1
c1cc2cc(c1)CSCCSCc1cccc(c1)CSCCSC2,2,4,0.0,0.0,0.9545454545454546,1.0,0.9090909090909091,0.9166666666666666,2,2,20,0
F[C]F,1,1,1.0,1.0,1.0,1.0,1.0,1.0,1,0,2,0
Cc1ccc(-n2c(-c3ccccc3)nnc2-c2cccnn2)cc1,2,2,1.0,1.0,1.0,1.0,1.0,1.0,2,0,22,0
O=C([N-]C(=S)Nc1c(Cl)c(Cl)cc(Cl)c1Cl)c1ccc(Cl)cc1,2,2,1.0,1.0,1.0,1.0,1.0,1.0,2,0,21,0
CC(C)c1cccc(C(C)C)c1/N=C([O-])/C(=N/c1c(C(C)C)cccc1C(C)C)c1ccccc1,2,2,1.0,1.0,1.0,1.0,1.0,1.0,2,0,33,0
O=C1COc2ccccc2OCC(=O)NCCN(Cc2cccc(C(=O)[O-])n2)CCN(Cc2cccc(C(=O)[O-])n2)CCN1,6,8,0.0,0.0,0.9736842105263157,1.0,0.9473684210526315,0.9545454545454546,6,2,36,0
CC(C)[C@H](NP(C)C(C)(C)C)c1nc2ccccc2n1C,2,2,1.0,1.0,1.0,1.0,1.0,1.0,2,0,19,0
C[C]1~[CH]~[N-2]c2ccccc2NCCCNc2ccccc2[N-2]~[CH]~1,4,4,1.0,1.0,1.0,1.0,1.0,1.0,4,0,19,0
Brc1ccc(C2=NC2)cc1,1,1,1.0,1.0,1.0,1.0,1.0,1.0,1,0,9,0
CC(C)(C)[N-]/C=C(\[S-])c1ccccc1,2,2,1.0,1.0,1.0,1.0,1.0,1.0,2,0,12,0
CCCCn1c(-c2cccc(-c3nc4ccccc4n3CCCC)n2)nc2ccccc21,3,3,1.0,1.0,1.0,1.0,1.0,1.0,3,0,29,0
COC(=N)CCN1CCN(CCC(=N)OC)CCN(CCC(=N)OC)CC1,6,6,1.0,1.0,1.0,1.0,1.0,1.0,6,0,21,0
N/C(=N\O)c1ccncc1,1,1,1.0,1.0,1.0,1.0,1.0,1.0,1,0,9,0
CC1(C)COC(c2ccc3ccccc3c2[O-])=N1,2,2,1.0,1.0,1.0,1.0,1.0,1.0,2,0,16,0
CC1(C)COC(c2cc3ccccc3cc2[O-])=N1,2,2,1.0,1.0,1.0,1.0,1.0,1.0,2,0,16,0
[CH2][C@H]1CCC[C@@H]1C[C@@H](C/N=C/c1ccccc1[O-])/N=C/c1ccccc1[O-],5,5,1.0,1.0,1.0,1.0,1.0,1.0,5,0,22,0
CCCCCN,1,1,1.0,1.0,1.0,1.0,1.0,1.0,1,0,5,0
CCN(CC)CC/N=C/c1cccc(OC)c1[O-],3,3,1.0,1.0,1.0,1.0,1.0,1.0,3,0,15,0
CC[NH+](CC)CC/N=C/c1cccc(OC)c1[O-],2,2,1.0,1.0,1.0,1.0,1.0,1.0,2,0,16,0
N#CCCN(CCC#N)C(=S)[S-],2,2,1.0,1.0,1.0,1.0,1.0,1.0,2,0,10,0
CN/C([S-])=N/N=C(c1ccccn1)c1ccccn1,3,4,0.0,0.0,0.96875,1.0,0.9375,0.9473684210526315,3,1,15,0
Nn1cnnc1,1,3,0.0,0.0,0.8,1.0,0.6,0.6666666666666666,1,2,3,0
Cn1cc(C[C@H](/N=C(\c2ccccc2)c2ccccc2[N-]C(=O)[C@@H]2CCCN2Cc2ccccc2)C(=O)[O-])c2ccccc21,4,5,0.0,0.0,0.9875,1.0,0.975,0.9772727272727273,4,1,39,0
[C]#CC,1,1,1.0,1.0,1.0,1.0,1.0,1.0,1,0,2,0
CN(/N=C/c1c[nH]cn1)P(=S)(N(C)/N=C/c1c[nH]cn1)N(C)/N=C/c1c[nH]cn1,6,7,0.0,0.0,0.9782608695652174,1.0,0.9565217391304348,0.9655172413793104,6,1,22,0
Nc1cc(N)[nH]c(=S)n1,1,2,0.0,0.0,0.9375,1.0,0.875,0.8888888888888888,1,1,7,0
C/C(=N\c1c(C(C)C)cccc1C(C)C)c1ccc[n-]1,2,2,1.0,1.0,1.0,1.0,1.0,1.0,2,0,18,0
Cc1ccc[c]c1-c1cccc(-c2cc(C(C)(C)C)cc(C(C)(C)C)c2[O-])n1,3,3,1.0,1.0,1.0,1.0,1.0,1.0,3,0,25,0
[C]#[N+]c1c(C(C)C)cc(Br)cc1C(C)C,1,1,1.0,1.0,1.0,1.0,1.0,1.0,1,0,14,0
C/C(=[NH+]\N=C(/[S-])Nc1ccccc1)c1ccccc1O,1,2,0.0,0.0,0.9736842105263157,1.0,0.9473684210526315,0.95,1,1,18,0
Cc1cc(C)n([CH]n2nc(C)cc2C)n1,3,3,1.0,1.0,1.0,1.0,1.0,1.0,3,0,12,0
[CH]1~[CH]~[CH][C]([Si]23CCP(CC2)CC3)[CH]~[CH]~1,1,1,1.0,1.0,1.0,1.0,1.0,1.0,1,0,13,0
OCC/N=C/c1ccccc1OCCOc1ccccc1/C=N/CCO,6,6,1.0,1.0,1.0,1.0,1.0,1.0,6,0,20,0
[NH2+]=c1[n-]c(CC(=O)[O-])n[nH]1,2,3,0.0,0.0,0.9375,1.0,0.875,0.9,2,1,7,0
C=CCCCCCC,2,2,1.0,1.0,1.0,1.0,1.0,1.0,2,0,6,0
Cc1ccc([NH-])cc1,1,1,1.0,1.0,1.0,1.0,1.0,1.0,1,0,7,0
COc1ccc2c(c1OC)-c1cccc3c1[C@@]([C@H](C)O)(C2)N(C)CC3,6,14,0.0,0.0,0.7894736842105263,1.0,0.5789473684210527,0.68,6,8,11,0
CCOc1cccc(/C=N/C[C@@H](C)/N=C/c2cccc(OCC)c2[O-])c1[O-],4,4,1.0,1.0,1.0,1.0,1.0,1.0,4,0,23,0
[C]#[N+]CCN=[N+]=[N-],1,1,1.0,1.0,1.0,1.0,1.0,1.0,1,0,6,0
C/C(=N\N=C(/[S-])Nc1ccccc1)c1c([O-])cc(C)oc1=O,3,3,1.0,1.0,1.0,1.0,1.0,1.0,3,0,19,0
N#C[C](N=O)C(=O)[N-]C(=O)c1ccccn1,3,3,1.0,1.0,1.0,1.0,1.0,1.0,3,0,13,0
CC(=O)c1ccc(/N=C/c2c([O-])ccc3ccccc23)cc1,2,2,1.0,1.0,1.0,1.0,1.0,1.0,2,0,20,0
COc1cc(/N=C/c2cc(C(C)(C)C)cc(C(C)(C)C)c2[O-])c(/N=C/c2cc(C(C)(C)C)cc(C(C)(C)C)c2[O-])cc1OC,4,4,1.0,1.0,1.0,1.0,1.0,1.0,4,0,40,0
Cc1cc(C)n(P2([n+]3[n-]c(C)cc3C)=NP(c3ccccc3)(c3ccccc3)=NP(n3nc(C)cc3C)([n+]3[n-]c(C)cc3C)=N2)n1,3,6,0.0,0.0,0.9651162790697674,1.0,0.9302325581395349,0.9347826086956522,3,3,40,0
Cc1cc(C)nc(-n2nc(C)cc2C)n1,2,3,0.0,0.0,0.9615384615384616,1.0,0.9230769230769231,0.9333333333333333,2,1,12,0
Cc1cc(C)c(C)c([S-])c1C,1,1,1.0,1.0,1.0,1.0,1.0,1.0,1,0,10,0
CC1(C)N([O-])C(c2cc(Br)ccc2[O-])=[N+]([O-])C1(C)C,2,2,1.0,1.0,1.0,1.0,1.0,1.0,2,0,17,0
CCOc1ccc(/[NH+]=C/c2ccccc2[O-])cc1,1,1,1.0,1.0,1.0,1.0,1.0,1.0,1,0,17,0
C/C(=N\c1c(C)cccc1C)c1ccc2c(n1)/C(=N/c1c(C)cccc1C)CCCC2,3,3,1.0,1.0,1.0,1.0,1.0,1.0,3,0,28,0
c1ccc(CCc2ccccn2)nc1,2,2,1.0,1.0,1.0,1.0,1.0,1.0,2,0,12,0
CCc1cccc(CC)c1/N=C(\C)c1ccc2c(n1)/C(=N/c1c(CC)cccc1CC)CCCC2,3,3,1.0,1.0,1.0,1.0,1.0,1.0,3,0,32,0
FC(F)(F)c1ccc2nc(-c3[c]cccc3)sc2c1,2,2,1.0,1.0,1.0,1.0,1.0,1.0,2,0,17,0
[O-2]~[C](~[C]1Sc2cc3ccccc3cc2[C]~1~[O-2])c1cccs1,2,2,1.0,1.0,1.0,1.0,1.0,1.0,2,0,19,0
CCCCc1ccc(-c2c3nc(c(-c4ccc(CCCC)cc4)c4[n-]c(c(C#Cc5ccccc5)c4C#Cc4ccccc4)c(-c4ccc(CCCC)cc4)c4nc(c(-c5ccc(CCCC)cc5)c5[n-]c2c(C#Cc2ccccc2)c5C#Cc2ccccc2)C=C4)C=C3)cc1,4,4,1.0,1.0,1.0,1.0,1.0,1.0,4,0,92,0
O=C([O-])c1cccn2nnnc12,2,3,0.0,0.0,0.95,1.0,0.9,0.9166666666666666,2,1,9,0
NC1=N\O[B-](O)(O)O/N=C(N)/C(N)=N/O[B-](O)(O)O\N=C\1N,4,8,0.0,0.0,0.8888888888888888,1.0,0.7777777777777778,0.8181818181818182,4,4,14,0
CCP(CC)CN(CCN(C)C)CP(CC)CC,2,3,0.0,0.0,0.96875,1.0,0.9375,0.9444444444444444,2,1,15,0
Cc1ncc(CO)c(/C=N/CCc2ccccc2)c1[O-],2,2,1.0,1.0,1.0,1.0,1.0,1.0,2,0,18,0
COc1cc(CSc2ccccc2[S-])nc(CSc2ccccc2[S-])c1,5,5,1.0,1.0,1.0,1.0,1.0,1.0,5,0,21,0
COC1=C[C@@H]2OC(C)=C(C(C)=O)[C@@H]2C=C1,4,4,1.0,1.0,1.0,1.0,1.0,1.0,4,0,11,0
O[B-](c1c(F)c(F)c(F)c(F)c1F)(c1c(F)c(F)c(F)c(F)c1F)c1c(F)c(F)c(F)c(F)c1F,1,1,1.0,1.0,1.0,1.0,1.0,1.0,1,0,34,0
O=C([O-])c1ccccc1Oc1ccccc1C(=O)[O-],2,4,0.0,0.0,0.9411764705882353,1.0,0.8823529411764706,0.8947368421052632,2,2,15,0
CCOC(=O)C(Cc1cccc(-c2cccc(C)n2)n1)(Cc1cccc(-c2cccc(C)n2)n1)C(=O)OCC,4,4,1.0,1.0,1.0,1.0,1.0,1.0,4,0,35,0
CN(C)c1nc(-n2cccn2)nc(-n2cccn2)n1,3,3,1.0,1.0,1.0,1.0,1.0,1.0,3,0,16,0
CCN(CC)c1nc(-n2cccn2)nc(-n2cccn2)n1,3,3,1.0,1.0,1.0,1.0,1.0,1.0,3,0,18,0
c1ccc(CNCCSSCCNCc2ccccn2)nc1,5,6,0.0,0.0,0.9705882352941176,1.0,0.9411764705882353,0.9545454545454546,5,1,16,0
CCN(CC)c1nc2c(nc1N(CC)CC)/C1=N/C3=N/C(=N\C4=N/C(=N\C5=N/C(=N\C2=N1)c1nc(N(CC)CC)c(N(CC)CC)nc15)c1nc(N(CC)CC)c(N(CC)CC)nc14)c1nc(N(CC)CC)c(N(CC)CC)nc13,4,8,0.0,0.0,0.9736842105263157,1.0,0.9473684210526315,0.95,4,4,72,0
N/C(=N\N1C(=O)c2ccccc2N[C@@H]1c1ccccn1)c1ccccn1,3,3,1.0,1.0,1.0,1.0,1.0,1.0,3,0,23,0
C[Si](C)(C)C(=[P+](Cl)N(Cc1ccccc1)P(c1ccccc1)c1ccccc1)[Si](C)(C)C,2,2,1.0,1.0,1.0,1.0,1.0,1.0,2,0,30,0
CC(C)NC(=O)CC(=O)N(C(C)C)C(C)(C)C,2,2,1.0,1.0,1.0,1.0,1.0,1.0,2,0,15,0
O=[C]N(Cc1ccccc1)C(=O)[N-]Cc1ccccc1,2,2,1.0,1.0,1.0,1.0,1.0,1.0,2,0,18,0
COC(=O)c1ccncc1,1,1,1.0,1.0,1.0,1.0,1.0,1.0,1,0,9,0
Brc1cc2[n-]c1c(-c1ccccc1)c1nc(c(-c3ccccc3)c3[n-]c(c(Br)c3Br)c(-c3ccccc3)c3nc(c2-c2ccccc2)C=C3)C=C1,4,4,1.0,1.0,1.0,1.0,1.0,1.0,4,0,47,0
Cc1cccc(C)c1/[N+]=C(/[N-]c1c(C)cccc1C)N(C(C)C)C(C)C,2,2,1.0,1.0,1.0,1.0,1.0,1.0,2,0,24,0
Cc1ccnc(-c2cc(/C=N/C(C#N)=C(\N)C#N)ccn2)c1,2,4,0.0,0.0,0.95,1.0,0.9,0.9090909090909091,2,2,18,0
Cc1ncc(CO)c(/C=N/CCNCCNCCN)c1[O-],5,5,1.0,1.0,1.0,1.0,1.0,1.0,5,0,16,0
COc1ccccc1P(CC1(CP(c2ccccc2OC)c2ccccc2OC)COC2(CCCCC2)OC1)c1ccccc1OC,2,2,1.0,1.0,1.0,1.0,1.0,1.0,2,0,45,0
Cc1noc(C)c1/N=C/c1c([O-])ccc2ccccc12,2,2,1.0,1.0,1.0,1.0,1.0,1.0,2,0,18,0
COc1cccc(OC)c1-c1ccccc1P(c1ccccc1)[C@H]1C(=O)[C@]2(C)CC[C@H]1C2(C)C,2,1,0.0,0.0,0.75,0.5,1.0,0.9705882352941176,1,0,32,1
O=C(c1ccc[n-]1)N1CCCC1,2,2,1.0,1.0,1.0,1.0,1.0,1.0,2,0,10,0
[CH]=P(c1ccccc1)(c1ccccc1)c1ccccc1,1,1,1.0,1.0,1.0,1.0,1.0,1.0,1,0,19,0
C=C/C=C/C(=O)OC,4,4,1.0,1.0,1.0,1.0,1.0,1.0,4,0,4,0
C[C](~[CH]~[C](C)~[N-2]c1cccc2ccccc12)~[N-2]c1cccc2ccccc12,2,2,1.0,1.0,1.0,1.0,1.0,1.0,2,0,25,0
c1csc(P(c2cccs2)c2cccs2)c1,1,1,1.0,1.0,1.0,1.0,1.0,1.0,1,0,15,0
O=C(/C=C/c1cccnc1)c1ccccc1O,1,1,1.0,1.0,1.0,1.0,1.0,1.0,1,0,16,0
COc1[c]c(OC)c(Br)cc1Br,1,1,1.0,1.0,1.0,1.0,1.0,1.0,1,0,11,0
COc1cc(-c2nc3ccccc3s2)cc(CN(C)Cc2ccccn2)c1[O-],3,3,1.0,1.0,1.0,1.0,1.0,1.0,3,0,25,0
Cc1cc(C)cc([N-]CP(C[N-]c2cc(C)cc(C)c2)C[N-]c2cc(C)cc(C)c2)c1,3,4,0.0,0.0,0.9821428571428572,1.0,0.9642857142857143,0.967741935483871,3,1,27,0
O=C([N-]c1cccc[n+]1[O-])c1ccccc1,2,2,1.0,1.0,1.0,1.0,1.0,1.0,2,0,14,0
CC(C)(C)N(CCN(P(c1ccccc1)c1ccccc1)C(C)(C)C)P(c1ccccc1)c1ccccc1,2,2,1.0,1.0,1.0,1.0,1.0,1.0,2,0,36,0
C/N=C(\c1ccccc1)N(C)[C](c1ccccc1)c1ccccc1,2,2,1.0,1.0,1.0,1.0,1.0,1.0,2,0,22,0
c1ccc(CN(CCN(Cc2ccccn2)c2nc(N3CCCCC3)nc(N3CCCCC3)n2)c2nc(N3CCCCC3)nc(N3CCCCC3)n2)nc1,4,8,0.0,0.0,0.69,0.5,0.88,0.8518518518518519,2,6,44,2
Oc1ccc2ccc[nH+]c2c1CN1CCSCCSCCN(Cc2c(O)ccc3ccc[nH+]c23)CCSCCSCC1,4,6,0.0,0.0,0.9736842105263157,1.0,0.9473684210526315,0.9523809523809523,4,2,36,0
Cc1cccc(C)c1N1CCN(c2c(C)cccc2C)C1=[N-],1,1,1.0,1.0,1.0,1.0,1.0,1.0,1,0,21,0
CC(C)c1cccc(C(C)C)c1N1CCN(c2c(C(C)C)cccc2C(C)C)C1=[N-],1,1,1.0,1.0,1.0,1.0,1.0,1.0,1,0,29,0
Cc1cccc(C)c1N/[C]=C/P(=Nc1ccccc1[N-]c1ccccc1N=P(C)(c1ccccc1)c1ccccc1)(c1ccccc1)c1ccccc1,4,4,1.0,1.0,1.0,1.0,1.0,1.0,4,0,49,0
O=C([O-])C[C@H]([O-])C(=O)O,2,4,0.0,0.0,0.5357142857142857,0.5,0.5714285714285714,0.5555555555555556,1,3,4,1
[NH-2]~[C](~[N-2]c1ccccc1)c1ccccc1,2,2,1.0,1.0,1.0,1.0,1.0,1.0,2,0,13,0
COC(=O)[C](Br)/C(C(=O)OC)=C(\[C](C(=O)OC)[P+](c1ccccc1)(c1ccccc1)c1cccc2ccc(C)nc12)C(=O)OC,3,3,1.0,1.0,1.0,1.0,1.0,1.0,3,0,42,0
COC(=O)[C](I)/C(C(=O)OC)=C(\[C](C(=O)OC)[P+](c1ccccc1)(c1ccccc1)c1cccc2ccc(C)nc12)C(=O)OC,3,3,1.0,1.0,1.0,1.0,1.0,1.0,3,0,42,0
CC(C)(C)c1cc(N)c([S-])c(C(C)(C)C)c1,2,2,1.0,1.0,1.0,1.0,1.0,1.0,2,0,14,0
Cc1ccc(-c2cc(P(c3ccccc3)c3ccccc3)c(-c3ccc(C)s3)s2)s1,2,1,0.0,0.0,0.75,0.5,1.0,0.9666666666666667,1,0,28,1
Cc1c[c]c(-c2sc(-c3ccc(C)s3)cc2P(c2ccccc2)c2ccccc2)s1,2,2,1.0,1.0,1.0,1.0,1.0,1.0,2,0,28,0
CC[C@H]1COC(c2ccc3ccccc3n2)=N1,2,2,1.0,1.0,1.0,1.0,1.0,1.0,2,0,15,0
CCCC(=O)/[C]=C(\c1ccccc1)c1ccccc1N1CC(C)(C)C(=O)N1,2,2,1.0,1.0,1.0,1.0,1.0,1.0,2,0,25,0
c1ccc(P2CN3CN(C2)CP(c2ccccc2)C3)cc1,2,2,1.0,1.0,1.0,1.0,1.0,1.0,2,0,19,0
c1ccc(P(c2ccccc2)c2ccccc2C[N-]c2ccccc2P(c2ccccc2)c2ccccc2)cc1,3,3,1.0,1.0,1.0,1.0,1.0,1.0,3,0,37,0
c1ccn(-c2ccncc2)c1,1,1,1.0,1.0,1.0,1.0,1.0,1.0,1,0,10,0
CCC(N)(CO)CO,2,3,0.0,0.0,0.9166666666666667,1.0,0.8333333333333334,0.875,2,1,5,0
C[C@@H]1CC(C)(C)NC[C@@H](C)N[C@@H](C)CC(C)(C)NCCN1,4,4,1.0,1.0,1.0,1.0,1.0,1.0,4,0,17,0
N#CCl,1,1,1.0,1.0,1.0,1.0,1.0,1.0,1,0,2,0
CC(/N=C/c1ccccc1[O-])=C(C)/N=C/c1ccccc1[O-],4,4,1.0,1.0,1.0,1.0,1.0,1.0,4,0,18,0
c1ccc(-c2cc(N3CCOCCOCCOCCOCC3)cc(-c3ccccn3)n2)nc1,3,7,0.0,0.0,0.9333333333333333,1.0,0.8666666666666667,0.8787878787878788,3,4,26,0
Oc1ccccc1/C=N/n1cnnc1,1,3,0.0,0.0,0.9230769230769231,1.0,0.8461538461538461,0.8571428571428571,1,2,11,0
CC(C)Sc1cc(-n2cccn2)nc(-n2cccn2)c1,3,3,1.0,1.0,1.0,1.0,1.0,1.0,3,0,17,0
CCCCCCNC(=O)Nc1cccc(CN(Cc2ccccn2)Cc2cccc(NC(=O)NCCCCCC)n2)n1,6,6,1.0,1.0,1.0,1.0,1.0,1.0,6,0,36,0
c1ccc2c(c1)ccc1ccc3ccc4ccc5ccccc5c4c3c12,4,0,0.0,0.0,0.5,0.0,1.0,0.8461538461538461,0,0,22,4
[c]1cccc(-c2ccccc2)n1,2,1,0.0,0.0,0.75,0.5,1.0,0.9166666666666666,1,0,10,1
C[Si-](C)[Si](c1ccccc1)(c1ccccc1)c1ccccc1,1,1,1.0,1.0,1.0,1.0,1.0,1.0,1,0,21,0
CCCCCCOc1csc(-c2cc(/C=C/c3c4nc(c(-c5ccccc5)c5ccc(cc6nc(c(-c7ccccc7)c7ccc3[n-]7)C=C6)[n-]5)C=C4)c(-c3cc(OCCCCCC)cs3)s2)c1,4,4,1.0,1.0,1.0,1.0,1.0,1.0,4,0,63,0
CCC1=C(CC)c2cc3[n-]c(cc4nc(cc5[n-]c(cc1n2)[C@@H](CC)[C@@H]5CC)C(CC)=C4CC)c(CC)c3CC,4,4,1.0,1.0,1.0,1.0,1.0,1.0,4,0,36,0
CCS/C(=N/N=C(\c1ccccc1)c1cc(Br)ccc1[O-])[N-]c1ccccc1,3,3,1.0,1.0,1.0,1.0,1.0,1.0,3,0,25,0
CS/C(=N/N=C(\c1ccccc1)c1cc(Br)ccc1[O-])[N-]c1ccccc1,3,3,1.0,1.0,1.0,1.0,1.0,1.0,3,0,24,0
[CH2]~[C](C)~[C](C)CC(=O)[O-],4,5,0.0,0.0,0.9,1.0,0.8,0.8888888888888888,4,1,4,0
CCS(=O)(=O)N=C([S-])[S-],2,2,1.0,1.0,1.0,1.0,1.0,1.0,2,0,7,0
O=C(c1ccccc1)c1[c]cccc1F,2,2,1.0,1.0,1.0,1.0,1.0,1.0,2,0,13,0
O=C(c1ccccc1)c1c(F)cccc1F,2,2,1.0,1.0,1.0,1.0,1.0,1.0,2,0,14,0
c1ccc(P(C[C@@H]2CC[C@H]2CP(c2ccccc2)c2ccccc2)c2ccccc2)cc1,2,2,1.0,1.0,1.0,1.0,1.0,1.0,2,0,30,0
[S-]c1ccccc1/N=C/c1ccccc1,2,2,1.0,1.0,1.0,1.0,1.0,1.0,2,0,13,0
[CH2]C(=O)OCc1ccccc1,1,1,1.0,1.0,1.0,1.0,1.0,1.0,1,0,10,0
O=P(NCc1ccccc1)(c1ccccc1)c1ccccc1,1,1,1.0,1.0,1.0,1.0,1.0,1.0,1,0,21,0
CN[C@H]1[C@@H](O)[C@H]2NCC(=[N+2](=O)[O-])/C=N/[C@H]3[C@@H](O)[C@@H](NC)[C@@H](O)[C@@H](NCC(=[N+2](=O)[O-])/C=N/[C@@H]([C@H]1O)[C@@H]2O)[C@H]3O,6,8,0.0,0.0,0.96875,1.0,0.9375,0.9473684210526315,6,2,30,0
N#Cc1ccc([C](~[NH-2])~[N-3]~[C](~[NH-2])c2ccc(C#N)cc2)cc1,2,2,1.0,1.0,1.0,1.0,1.0,1.0,2,0,19,0
CC(C)NC(=O)c1ccc(C(=O)NC(C)C)c([S-])c1[S-],2,2,1.0,1.0,1.0,1.0,1.0,1.0,2,0,18,0
CC(C)(C)c1cc(/C2=C3\C=CC(=N3)C(=O)c3ccc([n-]3)/C(c3cc(C(C)(C)C)cc(C(C)(C)C)c3)=C3/C=CC(=N3)C(=O)c3ccc2[n-]3)cc(C(C)(C)C)c1,4,4,1.0,1.0,1.0,1.0,1.0,1.0,4,0,50,0
N/C(=N\N=C/c1ncccc1N)c1ccccn1,3,4,0.0,0.0,0.9666666666666667,1.0,0.9333333333333333,0.9444444444444444,3,1,14,0
c1ccc(P(c2ccccc2)c2ccccc2CN2Cc3ccc4ccccc4c3-c3c(ccc4ccccc34)C2)cc1,2,2,1.0,1.0,1.0,1.0,1.0,1.0,2,0,41,0
Cc1cc(C)c(-c2cccc(-c3[n-]c(C)cc3C)n2)[n-]1,3,3,1.0,1.0,1.0,1.0,1.0,1.0,3,0,17,0
O[C@@H](c1nccs1)N(Cc1ccccn1)Cc1ccccn1,4,4,1.0,1.0,1.0,1.0,1.0,1.0,4,0,18,0
CC(C)c1cccc(C(C)C)c1[N-]c1ccccc1/C=N/CCN1CCCCC1,2,3,0.0,0.0,0.9814814814814814,1.0,0.9629629629629629,0.9655172413793104,2,1,26,0
CCOC(=O)c1cp(C([Si](C)(C)C)[Si](C)(C)C)nc1-c1ccc(C)n1C,1,1,1.0,1.0,1.0,1.0,1.0,1.0,1,0,25,0
CCc1ccccc1[N-2]~[C](C)~[CH]~[C](C)~[N-2]c1ccccc1CC,2,2,1.0,1.0,1.0,1.0,1.0,1.0,2,0,21,0
[CH]P(C)C,2,2,1.0,1.0,1.0,1.0,1.0,1.0,2,0,2,0
C/C(=N\N=C(/[S-])N1CCOCC1)c1ccccn1,3,3,1.0,1.0,1.0,1.0,1.0,1.0,3,0,15,0
C/C(=N/[N-]C(=S)N1CCOCC1)c1cccc(/C(C)=N/N=C(\[S-])N2CCOCC2)n1,4,6,0.0,0.0,0.9615384615384616,1.0,0.9230769230769231,0.9333333333333333,4,2,24,0
Cc1ncc(CO)c(/C=N/C(CO)(CO)CO)c1[O-],3,5,0.0,0.0,0.9375,1.0,0.875,0.8947368421052632,3,2,14,0
C[C](COP(C(C)(C)C)C(C)(C)C)COP(C(C)(C)C)C(C)(C)C,3,3,1.0,1.0,1.0,1.0,1.0,1.0,3,0,21,0
c1ccc(-c2c3nc(c4[n-]c(c(-c5ccccc5)c5[n-]c(c(-c6ccccc6)c6[n-]c2c2ccccc62)c2ccccc52)c2ccccc42)-c2ccccc2-3)cc1,4,4,1.0,1.0,1.0,1.0,1.0,1.0,4,0,53,0
N#Cc1cccc(-c2c3nc(c(-c4cccc(C#N)c4)c4[n-]c(c(-c5cccc(C#N)c5)c5nc(cc6[n-]c2c2ccccc62)-c2ccccc2-5)c2ccccc42)-c2ccccc2-3)c1,4,4,1.0,1.0,1.0,1.0,1.0,1.0,4,0,60,0
O=Cc1ccc(-c2ccc(-c3cc(-c4ccccn4)nc(-c4ccccn4)c3)cc2)cc1,3,3,1.0,1.0,1.0,1.0,1.0,1.0,3,0,29,0
CC[C@H](C#N)c1ccccc1,1,7,0.0,0.0,0.7,1.0,0.4,0.45454545454545453,1,6,4,0
C/C(=N\CCN(/C=C\N)CCN)C(C)(C)[S-],5,5,1.0,1.0,1.0,1.0,1.0,1.0,5,0,11,0
CC(C)(C)NCc1ccccc1P(c1ccccc1)c1ccccc1,2,2,1.0,1.0,1.0,1.0,1.0,1.0,2,0,23,0
Fc1cccc(F)c1-c1c2nc(c(-c3c(F)cccc3F)c3ccc([n-]3)c3ccc([n-]3)c(-c3c(F)cccc3F)c3ccc1[n-]3)C=C2,4,4,1.0,1.0,1.0,1.0,1.0,1.0,4,0,43,0
CC1=C(C)CP2c3ccccc3-c3ccccc3[C@@H]2C1,1,1,1.0,1.0,1.0,1.0,1.0,1.0,1,0,19,0
CC(C)CN(CCN(C)C)CC(C)C,2,2,1.0,1.0,1.0,1.0,1.0,1.0,2,0,12,0
C/C(=N\O)c1cccc(/N=C/c2ccncc2)c1,1,1,1.0,1.0,1.0,1.0,1.0,1.0,1,0,17,0
C[C](~[N-2]C1CCCCC1)~[N-2]C1CCCCC1,2,2,1.0,1.0,1.0,1.0,1.0,1.0,2,0,14,0
CN(C)C/C(Cl)=[C]/CCSC(C)(C)C,3,3,1.0,1.0,1.0,1.0,1.0,1.0,3,0,11,0
CSc1ccccc1/[C]=C(\Cl)CN(C)C,3,3,1.0,1.0,1.0,1.0,1.0,1.0,3,0,12,0
O=C(C=P([CH]P(=O)(c1ccccc1)c1ccccc1)(c1ccccc1)c1ccccc1)c1ccc([N+](=O)[O-])cc1,2,4,0.0,0.0,0.9736842105263157,1.0,0.9473684210526315,0.95,2,2,36,0
C/C([O-])=C/C/C(=[C]/[Si](C)(C)C)[Si](C)(C)C,2,2,1.0,1.0,1.0,1.0,1.0,1.0,2,0,13,0
CC(C)(C)P(Cc1[c]c(CP(c2ccccc2)C(C)(C)C)ccc1)c1ccccc1,3,3,1.0,1.0,1.0,1.0,1.0,1.0,3,0,27,0
O=C1OC2(CCCCC2)O[C@@H]1c1ccccc1,6,6,1.0,1.0,1.0,1.0,1.0,1.0,6,0,11,0
COc1c(C)c(-c2ccccc2C(C)(C)C)c(O[Si](C)(C)C(C)(C)C)c2c1CCCC2,6,12,0.0,0.0,0.88,1.0,0.76,0.8064516129032258,6,6,19,0
COc1c(C)c(-c2ccccc2C)c(O[Si](C)(C)C(C)(C)C)c2c1CC(C)=C(C)C2,6,14,0.0,0.0,0.8333333333333333,1.0,0.6666666666666666,0.7333333333333333,6,8,16,0
COc1c(C)c(-c2ccccc2C)c(O[Si](C)(C)C(C)(C)C)c2c1CCCC2,6,12,0.0,0.0,0.8636363636363636,1.0,0.7272727272727273,0.7857142857142857,6,6,16,0
C[N-2]~[N-3]~[N-2]c1ccc(C)cc1,2,2,1.0,1.0,1.0,1.0,1.0,1.0,2,0,9,0
COc1c(C)c(-c2ccccc2C)c(OS(=O)(=O)C(F)(F)F)c2c1CCCC2,6,12,0.0,0.0,0.8636363636363636,1.0,0.7272727272727273,0.7857142857142857,6,6,16,0
COc1c(C)c(-c2ccccc2O[Si](C)(C)C(C)(C)C)c(O[Si](C)(C)C(C)(C)C)c2c1CCCC2,6,12,0.0,0.0,0.896551724137931,1.0,0.7931034482758621,0.8285714285714286,6,6,23,0
COC(=O)c1ccccc1-c1c(C)c(OC)c2c(c1O[Si](C)(C)C(C)(C)C)CCCC2,6,13,0.0,0.0,0.86,1.0,0.72,0.7741935483870968,6,7,18,0
Cc1nc(-c2ccccn2)n[nH]1,2,3,0.0,0.0,0.95,1.0,0.9,0.9166666666666666,2,1,9,0
CC(=N\N=C(/[S-])NCCN1CCCCC1)/C(C)=N/N=C(\[S-])NCCN1CCCCC1,4,4,1.0,1.0,1.0,1.0,1.0,1.0,4,0,26,0
Fc1ccc(Cn2c(-c3ccccn3)nc3ccccc32)cc1,2,2,1.0,1.0,1.0,1.0,1.0,1.0,2,0,21,0
COc1c2cc(C(C)(C)C)cc1Cc1cc(C(C)(C)C)cc3c1OCCNCCN1CCNCCOc4c(cc(C(C)(C)C)cc4Cc4cc(C(C)(C)C)cc(c4OC)Cc4cc(C(C)(C)C)cc(c4OCCNCC1)Cc1cc(C(C)(C)C)cc(c1OC)C3)C2,4,7,0.0,0.0,0.9827586206896552,1.0,0.9655172413793104,0.967032967032967,4,3,84,0
COS[S-],2,2,1.0,1.0,1.0,1.0,1.0,1.0,2,0,2,0
Cc1cc(C)n(C)n1,1,1,1.0,1.0,1.0,1.0,1.0,1.0,1,0,7,0
O=[N+]([O-])c1ccc([N-2]~[CH]~[O-2])cc1,2,2,1.0,1.0,1.0,1.0,1.0,1.0,2,0,10,0
[C]SC,1,1,1.0,1.0,1.0,1.0,1.0,1.0,1,0,2,0
Cc1ccc(-n2c(-c3ccc(Br)cc3)nnc2-c2ccccn2)cc1,2,2,1.0,1.0,1.0,1.0,1.0,1.0,2,0,23,0
Cc1ccc2cccc(N(C)[C@@H]3CCCC[C@H]3N(C)c3cccc4ccc(C)nc34)c2n1,4,4,1.0,1.0,1.0,1.0,1.0,1.0,4,0,28,0
O=C(N/N=C/c1cc([N+](=O)[O-])ccc1[O-])c1ccccc1,3,3,1.0,1.0,1.0,1.0,1.0,1.0,3,0,18,0
COc1ccc(C(=O)N/N=C/c2cc([N+](=O)[O-])ccc2[O-])cc1,3,3,1.0,1.0,1.0,1.0,1.0,1.0,3,0,20,0
c1cc(-c2nnn3ccccc23)nc(-c2nnn3ccccc23)c1,3,3,1.0,1.0,1.0,1.0,1.0,1.0,3,0,21,0
CN(C)Cc1[c]cc(CN(C)C)c(Br)c1,2,2,1.0,1.0,1.0,1.0,1.0,1.0,2,0,13,0
Cc1cc(/C=N/c2ccccc2P(c2ccccc2)c2ccccc2)c([O-])c([C@H]2Nc3ccccc3[P+]2(c2ccccc2)c2ccccc2)c1,3,4,0.0,0.0,0.9893617021276595,1.0,0.9787234042553191,0.98,3,1,46,0
c1ccc(-n2c(-c3ccccn3)nnc2-c2ccco2)cc1,2,2,1.0,1.0,1.0,1.0,1.0,1.0,2,0,20,0
Fc1ccc(-n2c(-c3ccccn3)nnc2-c2ccco2)cc1,2,2,1.0,1.0,1.0,1.0,1.0,1.0,2,0,21,0
Cc1[nH+]cc(CO)c(/C=N/CC(=O)[N-]CC(=O)[O-])c1[O-],4,5,0.0,0.0,0.96875,1.0,0.9375,0.95,4,1,15,0
CN(C)/C=C/C(=O)c1ccccn1,2,2,1.0,1.0,1.0,1.0,1.0,1.0,2,0,11,0
CC1=N\O[B@-]2(F)O/N=C(c3ccccc3)/C(c3ccccc3)=N/O[B@-](F)(O/N=C/1[C@H]1COCCO1)O/N=C(c1ccccc1)/C(c1ccccc1)=N/O2,6,6,1.0,1.0,1.0,1.0,1.0,1.0,6,0,47,0
CN/C([S-])=N/N=C(C)/C(C)=N/N=C(\[S-])NCCOC(C(F)(F)F)(C(F)(F)F)C(F)(F)F,4,4,1.0,1.0,1.0,1.0,1.0,1.0,4,0,27,0
c1ccc([N-2]~[C](~[N-2]c2ccccc2)c2ccccc2)cc1,2,2,1.0,1.0,1.0,1.0,1.0,1.0,2,0,19,0
CC(C)(C)c1c[c]c(-c2cncc(-c3[c]cc(C(C)(C)C)cc3)n2)cc1,3,3,1.0,1.0,1.0,1.0,1.0,1.0,3,0,23,0
FC(F)(F)COCc1ccnc(-c2cc(COCC(F)(F)F)ccn2)c1,2,2,1.0,1.0,1.0,1.0,1.0,1.0,2,0,24,0
C[Si](C)(C)/C=C(/[N-2]~[C](~[N-2][Si](C)(C)C)c1ccccc1)c1ccccc1,2,2,1.0,1.0,1.0,1.0,1.0,1.0,2,0,23,0
Cc1ncc(CO)c(/C=N/C(C)(C)C)c1[O-],2,2,1.0,1.0,1.0,1.0,1.0,1.0,2,0,14,0
FC(F)(F)c1cccc(Nc2nc3cc4nc5nc6cc(C(F)(F)F)ccc6[n+](-c6cccc(C(F)(F)F)c6)c5nc4cc3nc2Nc2cccc(C(F)(F)F)c2)c1,2,0,0.0,0.0,0.5,0.0,1.0,0.9655172413793104,0,0,56,2
CC(=N)C(C)=N,2,2,1.0,1.0,1.0,1.0,1.0,1.0,2,0,4,0
C(=N/CCc1c[nH]cn1)\c1ccccn1,3,3,1.0,1.0,1.0,1.0,1.0,1.0,3,0,12,0
C/N=C(\C)CC([O-])(C(F)(F)F)C(F)(F)F,2,2,1.0,1.0,1.0,1.0,1.0,1.0,2,0,13,0
[O-2]~[C](~[CH]~[C](~[O-2])c1ccncc1)c1ccncc1,2,2,1.0,1.0,1.0,1.0,1.0,1.0,2,0,15,0
Cc1ccnc(P2(=O)CCCC2)c1,2,2,1.0,1.0,1.0,1.0,1.0,1.0,2,0,11,0
CC(=O)[CH]C(=O)[CH]C(C)=O,2,2,1.0,1.0,1.0,1.0,1.0,1.0,2,0,8,0
[CH]c1cc2ccccc2cc1OC,2,2,1.0,1.0,1.0,1.0,1.0,1.0,2,0,11,0
FC(F)(F)/[C]=C(/[C@H]1CCC=C[C@H]1/C(=[C]/C(F)(F)F)C(F)(F)F)C(F)(F)F,4,4,1.0,1.0,1.0,1.0,1.0,1.0,4,0,22,0
CCOC(=O)C(Cc1cccc(-c2cccc(CC(C(=O)OCC)C(=O)OCC)n2)n1)C(=O)OCC,2,2,1.0,1.0,1.0,1.0,1.0,1.0,2,0,34,0
COc1ccc2c3c1O[C@H]1[C@@H](O)C=C[C@H]4[C@@H](C2)N(C)CC[C@@]341,6,5,0.0,0.0,0.5729166666666666,0.3333333333333333,0.8125,0.6818181818181818,2,3,13,4
[C](=C1\COc2ccccc21)\c1ccccc1,1,1,1.0,1.0,1.0,1.0,1.0,1.0,1,0,15,0
O=CCOCc1ccccc1,2,2,1.0,1.0,1.0,1.0,1.0,1.0,2,0,9,0
Fc1c(F)c(F)c(-c2c3nc(c4[n-]c(c(I)c4I)c(-c4c(F)c(F)c(F)c(F)c4F)c4ccc([n-]4)c(-c4c(F)c(F)c(F)c(F)c4F)c4ccc2[n-]4)C=C3I)c(F)c1F,4,4,1.0,1.0,1.0,1.0,1.0,1.0,4,0,55,0
CC(C)=NN=C(C)C,1,2,0.0,0.0,0.9285714285714286,1.0,0.8571428571428571,0.875,1,1,6,0
Cc1ccc(/N=C/c2c([O-])ccc3ccccc23)cc1,2,2,1.0,1.0,1.0,1.0,1.0,1.0,2,0,18,0
CC(C)(C)C1=C(B2OC(C)(C)C(C)(C)O2)C(C(C)(C)C)=C1B1OC(C)(C)C(C)(C)O1,4,4,1.0,1.0,1.0,1.0,1.0,1.0,4,0,26,0
[C]#Cc1cc2ccccc2s1,1,1,1.0,1.0,1.0,1.0,1.0,1.0,1,0,10,0
[C]#Cc1ccc(-c2cc(-c3ccccn3)nc(-c3ccccn3)c2)cc1,1,4,0.0,0.0,0.94,1.0,0.88,0.8846153846153846,1,3,22,0
O=C(O)c1ccc[n+]([O-])c1,1,1,1.0,1.0,1.0,1.0,1.0,1.0,1,0,9,0
C=C[C@H](c1ccccc1)N([C]=O)[C@H](C)c1ccccc1,3,3,1.0,1.0,1.0,1.0,1.0,1.0,3,0,17,0
CC(C)(C)c1ccnc(-c2[c]cc(F)cc2F)c1,2,2,1.0,1.0,1.0,1.0,1.0,1.0,2,0,16,0
C=C1C(=C)[C@]2(C)[C@]3(C)[C@@]1(C)[C@]23C,4,4,1.0,1.0,1.0,1.0,1.0,1.0,4,0,8,0
Cc1ccc([S@@](=O)CCN(C)C)cc1,2,2,1.0,1.0,1.0,1.0,1.0,1.0,2,0,12,0
C1C[N@@H+]2CC[N@@H+]3CCN1CP(C2)C3,1,1,1.0,1.0,1.0,1.0,1.0,1.0,1,0,12,0
C1CN2CC[NH+]3CCN1CP(C2)C3,1,1,1.0,1.0,1.0,1.0,1.0,1.0,1,0,12,0
C=C=C(C)[C@H]([O-])c1ccccn1,2,4,0.0,0.0,0.9,1.0,0.8,0.8333333333333334,2,2,8,0
C1CN1,1,1,1.0,1.0,1.0,1.0,1.0,1.0,1,0,2,0
c1cnc(-n2ccnc2)nc1,1,3,0.0,0.0,0.9,1.0,0.8,0.8181818181818182,1,2,8,0
BrC1=[C][C@H]2CC[C@@H]1C2,1,1,1.0,1.0,1.0,1.0,1.0,1.0,1,0,7,0
COCc1cc(C)nc(/N=C/c2ccccc2[O-])c1C/N=C/c1ccccc1[O-],4,4,1.0,1.0,1.0,1.0,1.0,1.0,4,0,25,0
c1ccc(CSCCCSCc2ccccn2)nc1,4,4,1.0,1.0,1.0,1.0,1.0,1.0,4,0,15,0
CC(C)c1cc2c([O-])c(c1)COCc1cc(C(C)C)cc(c1O)COCc1cc(C(C)C)cc(c1[O-])COC2,3,3,1.0,1.0,1.0,1.0,1.0,1.0,3,0,36,0
C=CC(N)=O,1,3,0.0,0.0,0.75,1.0,0.5,0.6,1,2,2,0
CC(C)c1cc(CCCCCCCl)cc(C(C)C)c1[N-2],1,1,1.0,1.0,1.0,1.0,1.0,1.0,1,0,19,0
[S-]c1cc2nccnc2cc1[S-],2,2,1.0,1.0,1.0,1.0,1.0,1.0,2,0,10,0
FC(F)(F)c1cc(C(F)(F)F)n(-c2ccc3ccc4cccnc4c3n2)n1,2,3,0.0,0.0,0.98,1.0,0.96,0.9629629629629629,2,1,24,0
Cc1cc(C)n(-c2ccc3ccc4cccnc4c3n2)n1,3,3,1.0,1.0,1.0,1.0,1.0,1.0,3,0,18,0
Cc1[nH+]cc(CO)c(/C=N/CCc2c[nH]cn2)c1[O-],3,3,1.0,1.0,1.0,1.0,1.0,1.0,3,0,16,0
[CH2]/C=C(/C)CC([O-])(C(C)C)C(C)C,2,2,1.0,1.0,1.0,1.0,1.0,1.0,2,0,11,0
[C]C(C)(C)c1ccccc1,1,1,1.0,1.0,1.0,1.0,1.0,1.0,1,0,9,0
O[NH2+][C@]12CNCCNC[C@]([NH2+]O)(CNCCNC1)CNCCNC2,6,6,1.0,1.0,1.0,1.0,1.0,1.0,6,0,18,0
CC(C)c1ccccc1[N-2],1,1,1.0,1.0,1.0,1.0,1.0,1.0,1,0,9,0
[CH2]C(C)(C)c1[c]cccc1,2,2,1.0,1.0,1.0,1.0,1.0,1.0,2,0,8,0
C[Si](C)(C)C#C/[C]=C(/C(=O)[O-])[Si](C)(C)C,2,3,0.0,0.0,0.9615384615384616,1.0,0.9230769230769231,0.9333333333333333,2,1,12,0
CCN(CC)[C@H](C(=O)[O-])c1cccc(CP(C(C)(C)C)C(C)(C)C)n1,4,5,0.0,0.0,0.9761904761904762,1.0,0.9523809523809523,0.96,4,1,20,0
C[O+]([Si-](C)C)[Si-](C)C,2,2,1.0,1.0,1.0,1.0,1.0,1.0,2,0,6,0
Cl[SiH-]Cl,1,1,1.0,1.0,1.0,1.0,1.0,1.0,1,0,2,0
O=C([N-]c1ccccc1/C(=N/[C@](Cc1ccc(C(F)(F)F)cc1)(Cc1c[nH]c(=O)c2ccccc12)C(=O)[O-])c1ccccc1)[C@@H]1CCCN1Cc1ccccc1,4,6,0.0,0.0,0.9807692307692308,1.0,0.9615384615384616,0.9642857142857143,4,2,50,0
CC/N=C(\C(=O)c1ccccc1)c1[c]cccc1,2,2,1.0,1.0,1.0,1.0,1.0,1.0,2,0,16,0
Cc1ccc(-n2nc(C)c(/C=N/c3cccc4ccccc34)c2[O-])cc1,2,2,1.0,1.0,1.0,1.0,1.0,1.0,2,0,24,0
CC(C)CCn1c(-c2[c]cccc2)nc2cc3ccccc3cc21,2,2,1.0,1.0,1.0,1.0,1.0,1.0,2,0,22,0
FC(F)(F)c1ccc(/N=C/c2ccccn2)cc1,2,2,1.0,1.0,1.0,1.0,1.0,1.0,2,0,16,0
O=C([O-])C[n+]1ccc(C(=O)[O-])cc1,1,4,0.0,0.0,0.875,1.0,0.75,0.7692307692307693,1,3,9,0
O=C([O-])c1ccc(P(Nc2cccc(NP(c3ccc(C(=O)O)cc3)c3ccc(C(=O)O)cc3)n2)c2ccc(C(=O)O)cc2)cc1,3,4,0.0,0.0,0.9883720930232558,1.0,0.9767441860465116,0.9782608695652174,3,1,42,0
CC(C)NCCc1ccccn1,2,2,1.0,1.0,1.0,1.0,1.0,1.0,2,0,10,0
Cc1[c]c(-c2cc(C(F)(F)F)ccn2)c2c(c1)c1cc(C(C)(C)C)cc3c4cc(C(C)(C)C)ccc4n2c31,2,2,1.0,1.0,1.0,1.0,1.0,1.0,2,0,36,0
Cc1[c]c(-c2ccccn2)c2c(c1)c1cc(C(C)(C)C)cc3c4cc(C(C)(C)C)ccc4n2c31,2,2,1.0,1.0,1.0,1.0,1.0,1.0,2,0,32,0
Cc1[c]c(-c2cc([Si](C)(C)C)ccn2)c2c(c1)c1cc(C(C)(C)C)cc3c4cc(C(C)(C)C)ccc4n2c31,2,2,1.0,1.0,1.0,1.0,1.0,1.0,2,0,36,0
CC(C)/[N+]=C(/[N-]c1ccc(Br)cc1)NC(C)C,2,2,1.0,1.0,1.0,1.0,1.0,1.0,2,0,15,0
CCN(CC)c1ccc(/C=N/N=C(\[O-])c2cccc(C)c2)c([O-])c1,3,3,1.0,1.0,1.0,1.0,1.0,1.0,3,0,21,0
CCS/C(C#N)=C(\[S-])C#N,2,2,1.0,1.0,1.0,1.0,1.0,1.0,2,0,8,0
CCCOc1ccc(C(=O)/C=C\[N-]C[C@@H](O)C/N=C/C=C(\[O-])c2ccc(OCCC)cc2)cc1,4,4,1.0,1.0,1.0,1.0,1.0,1.0,4,0,30,0
CN(C)c1ccc(P(CCP(c2ccc(C(F)(F)F)cc2)c2ccc(C(F)(F)F)cc2)c2ccc(N(C)C)cc2)cc1,2,2,1.0,1.0,1.0,1.0,1.0,1.0,2,0,40,0
COC(=O)c1c(F)c[c]c(-c2ccccn2)c1F,2,2,1.0,1.0,1.0,1.0,1.0,1.0,2,0,16,0
C/C=C/CC[C]OCC,3,3,1.0,1.0,1.0,1.0,1.0,1.0,3,0,6,0
CN(c1cccc2cccnc12)[C@@H]1CCCC[C@H]1N(C)c1cccc2cccnc12,4,4,1.0,1.0,1.0,1.0,1.0,1.0,4,0,26,0
CCC1=C(C)c2nc1c[nH]c1ccccc1ncc1[nH]c(c3nc(cc4[n-]c2c(C)c4CC)C(CC)=C3C)c(C)c1CC,3,4,0.0,0.0,0.9875,1.0,0.975,0.9767441860465116,3,1,39,0
CC(C)[C@H]1COC([C@H](OP(c2ccccc2)c2ccccc2)C(C)(C)C)=N1,2,2,1.0,1.0,1.0,1.0,1.0,1.0,2,0,25,0
CC(C)(C)[C@H]1COC([C@H](OP(c2ccccc2)c2ccccc2)C(C)(C)C)=N1,2,2,1.0,1.0,1.0,1.0,1.0,1.0,2,0,26,0
CCOC(=O)c1cccc(-c2cncc(-c3cccc(C(=O)OCC)c3)c2)c1,1,1,1.0,1.0,1.0,1.0,1.0,1.0,1,0,27,0
C/C(CC([O-])(C(F)(F)F)C(F)(F)F)=N\CCOCCOCC/N=C(\C)CC([O-])(C(F)(F)F)C(F)(F)F,6,6,1.0,1.0,1.0,1.0,1.0,1.0,6,0,30,0
c1ccc(P2Cc3ccc4ccccc4c3-c3c(ccc4ccccc34)C2)c(P2Cc3ccc4ccccc4c3-c3c(ccc4ccccc34)C2)c1,2,2,1.0,1.0,1.0,1.0,1.0,1.0,2,0,50,0
CCOc1cccc(OCC)n1,1,1,1.0,1.0,1.0,1.0,1.0,1.0,1,0,11,0
CCCCCCSC(=S)/C=C(\[O-])c1ccc(Br)cc1,2,2,1.0,1.0,1.0,1.0,1.0,1.0,2,0,17,0
C[C]~[O-][B-](F)(F)[O-]~[C]C(C)C,2,2,1.0,1.0,1.0,1.0,1.0,1.0,2,0,9,0
c1ccc(C2CCCCC2)cc1,2,6,0.0,0.0,0.8,1.0,0.6,0.6666666666666666,2,4,6,0
COc1cccc(/C=N/C2CCCCC2)c1[O-],2,2,1.0,1.0,1.0,1.0,1.0,1.0,2,0,15,0
N#CC1(C#N)[C@H]2[CH]~[CH]~[CH]C[C@H]([CH]2)C1(C#N)C#N,4,4,1.0,1.0,1.0,1.0,1.0,1.0,4,0,13,0
[O-]Cc1ccccn1,2,2,1.0,1.0,1.0,1.0,1.0,1.0,2,0,6,0
[O-]Cc1cccs1,1,1,1.0,1.0,1.0,1.0,1.0,1.0,1,0,6,0
[S-]/C(Cc1ccccc1)=C(\[S-])N1CCCCC1,2,2,1.0,1.0,1.0,1.0,1.0,1.0,2,0,15,0
Cc1[nH+]cc(CO)c(CN)c1[O-],2,2,1.0,1.0,1.0,1.0,1.0,1.0,2,0,10,0
CCCSCc1ccccn1,2,2,1.0,1.0,1.0,1.0,1.0,1.0,2,0,9,0
Brc1cc(Br)cc(CN2CCCN3CCN(CCCN(Cc4cc(Br)cc(Br)c4)CC3)CC2)c1,4,4,1.0,1.0,1.0,1.0,1.0,1.0,4,0,30,0
C#Cc1ccc(-c2cc(-c3ccccn3)nc(-c3ccccn3)c2)cc1,3,3,1.0,1.0,1.0,1.0,1.0,1.0,3,0,23,0
CCC1(CC)[C]N(c2c(C(C)C)cccc2C(C)C)C(C)(C)C1,1,1,1.0,1.0,1.0,1.0,1.0,1.0,1,0,22,0
CCOC(=O)CS/C([S-])=C/C(=O)c1ccc(OC)cc1,2,2,1.0,1.0,1.0,1.0,1.0,1.0,2,0,18,0
CC(C)Cn1c(-c2cccc(-c3nc4ccccc4n3CC(C)C)n2)nc2ccccc21,3,3,1.0,1.0,1.0,1.0,1.0,1.0,3,0,29,0
[CH2]N(C)C1=Cc2ccccc2[C@@]1([Si-](c1ccccc1)c1ccccc1)P(C(C)C)C(C)C,3,3,1.0,1.0,1.0,1.0,1.0,1.0,3,0,29,0
FC(F)(F)c1ccc(/C=C/c2ccccn2)cc1,3,1,0.0,0.0,0.6666666666666666,0.3333333333333333,1.0,0.8888888888888888,1,0,15,2
Cc1ccc2nc(NC(=O)CN(Cc3ccccn3)Cc3ccccc3O)sc2c1,2,5,0.0,0.0,0.9464285714285714,1.0,0.8928571428571429,0.9,2,3,25,0
COc1cc([N-]C(=O)C(C)(C)[O-])c([N-]C(=O)C(C)(C)[O-])cc1OC,4,4,1.0,1.0,1.0,1.0,1.0,1.0,4,0,20,0
CC(C)(C)C(=O)Nc1cccc(P(c2ccccc2)c2ccccc2)n1,1,3,0.0,0.0,0.96,1.0,0.92,0.9230769230769231,1,2,23,0
C[N@H+]1CC[C@]23c4c5ccc(O)c4O[C@H]2[C@@H](O)C=C[C@H]3[C@H]1C5,2,2,1.0,1.0,1.0,1.0,1.0,1.0,2,0,19,0
C/C(=N\N=C(\N)[S-])c1nccs1,3,3,1.0,1.0,1.0,1.0,1.0,1.0,3,0,9,0
c1ccc(-c2ccc(-c3ccc(-c4ccc(-c5ccc(-c6ccccn6)nc5)cn4)nc3)cn2)nc1,2,6,0.0,0.0,0.9411764705882353,1.0,0.8823529411764706,0.8888888888888888,2,4,30,0
COc1cccc(/C=N/[C@H](C)c2ccccc2)c1[O-],2,2,1.0,1.0,1.0,1.0,1.0,1.0,2,0,17,0
COc1cccc(/C=N/[C@H](C)c2cccc3ccccc23)c1[O-],2,2,1.0,1.0,1.0,1.0,1.0,1.0,2,0,21,0
COc1ccc([O-])c(/C=N/[C@H](C)c2cccc3ccccc23)c1,2,2,1.0,1.0,1.0,1.0,1.0,1.0,2,0,21,0
Cc1nc(C)c(CP(C(C)(C)C)C(C)(C)C)[c]c1CP(C(C)(C)C)C(C)(C)C,3,3,1.0,1.0,1.0,1.0,1.0,1.0,3,0,25,0
[C]#Cc1ccc2c3c(cccc13)C(=O)N(c1c(C)cc(C)cc1C)C2=O,1,1,1.0,1.0,1.0,1.0,1.0,1.0,1,0,25,0
c1ccc2c(c1)CCCC2,6,6,1.0,1.0,1.0,1.0,1.0,1.0,6,0,4,0
[S-]CCO[Si](c1ccccc1)(c1ccccc1)c1ccccc1,1,2,0.0,0.0,0.9772727272727273,1.0,0.9545454545454546,0.9565217391304348,1,1,21,0
CC(C)(C)c1cc2c([O-])c(c1)Cc1cc(C(C)(C)C)cc3c1OCc1ccc4ccc5ccc(nc5c4n1)COc1c(cc(C(C)(C)C)cc1Cc1cc(C(C)(C)C)cc(c1O)Cc1cc(C(C)(C)C)cc(c1O)C3)Cc1cc(C(C)(C)C)cc(c1O)Cc1cc(C(C)(C)C)cc(c1O)Cc1cc(C(C)(C)C)cc(c1O)C2,3,3,1.0,0.0,0.8287461773700306,0.6666666666666666,0.9908256880733946,0.9821428571428571,2,1,108,1
NC[C@@H]1CCCN1,2,2,1.0,1.0,1.0,1.0,1.0,1.0,2,0,5,0
Cc1cccpc1P(c1ccccc1)c1ccccc1,2,2,1.0,1.0,1.0,1.0,1.0,1.0,2,0,18,0
COC(OC)c1cccc(-c2cccc(/C=N/c3ccccc3/N=C(\c3ccccc3)c3ccccc3[O-])c2[O-])c1O,4,4,1.0,1.0,1.0,1.0,1.0,1.0,4,0,38,0
CC/[N+]([O-])=N/[N-]c1ccc(C)cc1,2,2,1.0,1.0,1.0,1.0,1.0,1.0,2,0,11,0
CN1CCN(C)C1=C1N(C)CCN1C,2,4,0.0,0.0,0.9166666666666667,1.0,0.8333333333333334,0.8571428571428571,2,2,10,0
Cc1nc2ccccc2nc1-c1[c]cccc1,2,2,1.0,1.0,1.0,1.0,1.0,1.0,2,0,15,0
C[C@@H]1CC(C)(C)NCCN[C@@H](C)C[C@](C)(C[O-])NCCN1,5,5,1.0,1.0,1.0,1.0,1.0,1.0,5,0,16,0
Cc1nc2ccccc2nc1-c1[c]cc(F)cc1,2,2,1.0,1.0,1.0,1.0,1.0,1.0,2,0,16,0
Cc1nc(-c2[c]cc(-c3ccccc3)cc2)cs1,2,2,1.0,1.0,1.0,1.0,1.0,1.0,2,0,16,0
C[CH]~[CH]~[CH]~[CH][C@H]1CCCCN1C/C(C)=C/Br,4,7,0.0,0.0,0.875,1.0,0.75,0.8125,4,3,9,0
CC(C)CP(CCCP(C(C)(C)C)C(C)(C)C)CC(C)C,2,2,1.0,1.0,1.0,1.0,1.0,1.0,2,0,19,0
CC(C)CP(CCCP(C1CCCCC1)C1CCCCC1)CC(C)C,2,2,1.0,1.0,1.0,1.0,1.0,1.0,2,0,23,0
COc1ccc2c(c1)CCN=C2c1ccccc1[NH-],2,2,1.0,1.0,1.0,1.0,1.0,1.0,2,0,17,0
COc1cc2c(cc1OC)C(c1ccccc1[NH-])=NCC2,2,2,1.0,1.0,1.0,1.0,1.0,1.0,2,0,19,0
CNC(=S)N(C)CCNc1c2ccccc2[nH+]c2ccccc12,1,1,1.0,1.0,1.0,1.0,1.0,1.0,1,0,22,0
[O-]c1c(F)c(F)c(F)c(F)c1-c1nc2c(F)c(F)c3c(F)c(F)c(F)c(F)c3c2s1,2,2,1.0,1.0,1.0,1.0,1.0,1.0,2,0,28,0
Cc1ccc(C(=O)O)s1,1,4,0.0,0.0,0.25,0.0,0.5,0.4444444444444444,0,4,4,1
O=c1cc(F)nc(F)[n-]1,1,2,0.0,0.0,0.9375,1.0,0.875,0.8888888888888888,1,1,7,0
C=CCN/C([S-])=N/N=C/c1cc(Br)ccc1[O-],3,3,1.0,1.0,1.0,1.0,1.0,1.0,3,0,14,0
Cc1cc(C)n(CN(Cc2ccccc2)Cc2ccco2)n1,2,2,1.0,1.0,1.0,1.0,1.0,1.0,2,0,20,0
N#CC(C#N)=C[C]=c1ccc(=C(C#N)C#N)cc1,1,1,1.0,1.0,1.0,1.0,1.0,1.0,1,0,17,0
CCc1cccc(CC)c1N(Cn1cccn1)Cn1cccn1,2,2,1.0,1.0,1.0,1.0,1.0,1.0,2,0,21,0
CC(C)c1cccc(C(C)C)c1N(Cn1cccn1)Cn1cccn1,2,2,1.0,1.0,1.0,1.0,1.0,1.0,2,0,23,0
Cn1nc(-c2ccccn2)cc1-c1ccccc1,2,2,1.0,1.0,1.0,1.0,1.0,1.0,2,0,16,0
N[C@H]1[C@@H](O)[C@@H](NCc2ccccc2[O-])[C@@H]([O-])[C@@H](NCc2ccccc2[O-])[C@H]1O,5,6,0.0,0.0,0.9782608695652174,1.0,0.9565217391304348,0.9642857142857143,5,1,22,0
[O-]Cc1ccccc1/N=C/c1ccccc1[O-],3,3,1.0,1.0,1.0,1.0,1.0,1.0,3,0,14,0
[O-]c1ccccc1/C=N/[C@@H]1CCCC[C@H]1NCc1ccccc1[O-],4,4,1.0,1.0,1.0,1.0,1.0,1.0,4,0,20,0
C(=N/c1ccccc1)\c1ccc[n-]1,2,2,1.0,1.0,1.0,1.0,1.0,1.0,2,0,11,0
[CH2]/C(=[C]/c1ccc(C)cc1)c1ccc(C)cc1,2,2,1.0,1.0,1.0,1.0,1.0,1.0,2,0,15,0
C=C[C@H]1C[N@+]2(Cc3ccccc3)CC[C@H]1C[C@@H]2[C@@H](O)c1ccnc2ccccc12,1,2,0.0,0.0,0.9821428571428572,1.0,0.9642857142857143,0.9655172413793104,1,1,27,0
COc1ccc([C@@H]2C[C@@H](P(=S)(c3ccccc3)c3ccccc3)[C@H](P(c3ccccc3)c3ccccc3)O2)cc1,2,3,0.0,0.0,0.986842105263158,1.0,0.9736842105263158,0.975,2,1,37,0
C/C(=N\N=C(/[O-])c1ccccc1O)c1cnccn1,3,3,1.0,1.0,1.0,1.0,1.0,1.0,3,0,16,0
C/C(=N\N=C(/[O-])c1cccc(O)c1)c1cnccn1,3,3,1.0,1.0,1.0,1.0,1.0,1.0,3,0,16,0
C/C(=N\N=C(/[O-])c1ccc(O)cc1)c1cnccn1,3,3,1.0,1.0,1.0,1.0,1.0,1.0,3,0,16,0
O=C(N/N=C/c1cccc(O)c1[O-])c1ccccc1O,3,3,1.0,1.0,1.0,1.0,1.0,1.0,3,0,17,0
CCC(C)(C)C1=PC(C(C)(C)CC)=[P+]1[Si](C)(C)C,4,4,1.0,1.0,1.0,1.0,1.0,1.0,4,0,14,0
CCCCCCc1ccc(N(c2cccc(-c3[c]cc(F)c(F)c3F)n2)c2cccc(-c3[c]cc(F)c(F)c3F)n2)cc1,4,4,1.0,1.0,1.0,1.0,1.0,1.0,4,0,39,0
CC(C)(C)[C]1P(C(=O)N(c2ccccc2)[Si](C)(C)C)[C](C(C)(C)C)~[P-3]~1,4,4,1.0,0.0,0.8511904761904762,0.75,0.9523809523809523,0.92,3,1,20,1
CC(C)(C)C1=PC(C(C)(C)C)=[P+]1[Si](C)(C)C,4,4,1.0,1.0,1.0,1.0,1.0,1.0,4,0,12,0
CO/C(C)=C/c1cc(-c2ccccc2)c(O)c2ccccc12,6,2,0.0,0.0,0.4375,0.0,0.875,0.6363636363636364,0,2,14,6
C=C1[C@H](C(=O)OC)[C@@H]1C(=O)OC,2,2,1.0,1.0,1.0,1.0,1.0,1.0,2,0,10,0
[CH2]c1c(C)ccc[n+]1C,1,1,1.0,1.0,1.0,1.0,1.0,1.0,1,0,8,0
[O-]/C(=N\N=C/c1ccc(F)cc1)c1cc(O)cc(O)c1,2,2,1.0,1.0,1.0,1.0,1.0,1.0,2,0,18,0
CC(C)/[N+]=C(/[N-]C(C)C)N([Si](C)(C)C)[Si](C)(C)C,2,2,1.0,1.0,1.0,1.0,1.0,1.0,2,0,16,0
CC(=O)N[C@@H](CCCN([O-])C(=O)/C=C(\C)CCO)C(=O)OCC/C(C)=C/C(=O)N([O-])CCC[C@@H]1NC(=O)[C@H](CCCN([O-])C(C)=O)NC1=O,6,6,1.0,1.0,1.0,1.0,1.0,1.0,6,0,43,0
c1ccc(CCNCCCNCCc2ccccn2)nc1,4,4,1.0,1.0,1.0,1.0,1.0,1.0,4,0,17,0
O=C(Nc1ccc(I)cc1)c1cccnc1,1,1,1.0,1.0,1.0,1.0,1.0,1.0,1,0,15,0
Cc1ccc(NC(=O)c2cccnc2)cc1,1,1,1.0,1.0,1.0,1.0,1.0,1.0,1,0,15,0
O=C(Nc1ccccc1I)c1cccnc1,1,1,1.0,1.0,1.0,1.0,1.0,1.0,1,0,15,0
c1ccc(-c2ccc(-c3ccccc3)c3c2-c2nc-3nc3[n-]c(nc4nc(nc5[n-]c(n2)c2c(-c6ccccc6)ccc(-c6ccccc6)c52)-c2c(-c5ccccc5)ccc(-c5ccccc5)c2-4)c2c(-c4ccccc4)ccc(-c4ccccc4)c32)cc1,4,4,1.0,1.0,1.0,1.0,1.0,1.0,4,0,84,0
Cc1cc(C)c(-c2ccccn2)[n-]1,2,2,1.0,1.0,1.0,1.0,1.0,1.0,2,0,11,0
Cc1cc(CN(Cc2ccccn2)Cc2ccccn2)c([O-])c(-c2nc3ccccc3o2)c1,4,5,0.0,0.0,0.9827586206896552,1.0,0.9655172413793104,0.9696969696969697,4,1,28,0
C[NH-]~[C]~[NH-]CCO,1,1,1.0,1.0,1.0,1.0,1.0,1.0,1,0,6,0
O/N=C(Nc1cccc2c1CCCC2)/C(=N/O)Nc1cccc2c1CCCC2,2,2,1.0,1.0,1.0,1.0,1.0,1.0,2,0,26,0
C=CCP(CC=C)c1ccccc1,1,1,1.0,1.0,1.0,1.0,1.0,1.0,1,0,12,0
[S-][C@]12C(S[C@]34C=C[C@H](c5ccccc53)c3ccccc34)=C[C@H](c3ccccc31)c1ccccc12,2,3,0.0,0.0,0.984375,1.0,0.96875,0.9705882352941176,2,1,31,0
COC(=O)[CH]c1ccc(C)cc1,1,2,0.0,0.0,0.9545454545454546,1.0,0.9090909090909091,0.9166666666666666,1,1,10,0
C[Si](C)(C)[C]=P(c1ccccc1)(c1ccccc1)c1cccc(F)n1,2,2,1.0,1.0,1.0,1.0,1.0,1.0,2,0,23,0
C[Si](C)(C)[C]=P(c1ccccc1)(c1ccccc1)c1ccccn1,2,2,1.0,1.0,1.0,1.0,1.0,1.0,2,0,22,0
c1ccc(CSCc2cccc(-c3cccc(CSCc4ccccn4)n3)n2)nc1,6,6,1.0,1.0,1.0,1.0,1.0,1.0,6,0,24,0
CC(=O)O[C@@H]1[C@@H]2O[C@H](c3ccccc3)OC[C@H]2O[C@@H](SC(C)(C)C)[C@H]1P(c1ccccc1)c1ccccc1,2,8,0.0,0.0,0.9166666666666667,1.0,0.8333333333333334,0.8421052631578947,2,6,30,0
[NH3+]Cc1nc2ccccc2[nH]1,1,1,1.0,1.0,1.0,1.0,1.0,1.0,1,0,10,0
Cc1ccc(-c2ccc(-c3ccccn3)nc2)cc1,2,2,1.0,1.0,1.0,1.0,1.0,1.0,2,0,17,0
CC(C)(C)c1cc(P(c2cc(C(C)(C)C)cc(C(C)(C)C)c2)c2cccc3c2[C@]2(CCCN2)CC3)cc(C(C)(C)C)c1,2,2,1.0,1.0,1.0,1.0,1.0,1.0,2,0,40,0
Ic1cc(-n2cccn2)nc(-n2cccn2)c1,3,3,1.0,1.0,1.0,1.0,1.0,1.0,3,0,14,0
C[S+](C)/C=C(\[O-])c1ccccn1,2,2,1.0,1.0,1.0,1.0,1.0,1.0,2,0,10,0
C[n+]1nn(Cc2ccccc2)[c]c1-c1ccccc1,1,1,1.0,1.0,1.0,1.0,1.0,1.0,1,0,18,0
c1ccc(-c2cc(-c3ccc4ccccc4n3)cc(-c3ccccn3)n2)nc1,3,3,1.0,1.0,1.0,1.0,1.0,1.0,3,0,25,0
CC(C)N1N=C(c2ccccn2)[N-]N(c2ccccn2)C1=O,3,3,1.0,1.0,1.0,1.0,1.0,1.0,3,0,19,0
CCOC(=O)/C(=C/P(c1ccccc1)c1ccccc1)P1N(c2c(C)cccc2C)C=CN1c1c(C)cccc1C,2,2,1.0,1.0,1.0,1.0,1.0,1.0,2,0,39,0
CC(C)[S@](=O)c1ccccc1C(=O)[O-],2,3,0.0,0.0,0.9583333333333333,1.0,0.9166666666666666,0.9285714285714286,2,1,11,0
[O-]c1ccccc1/C=N/N=C(\[S-])NC(c1ccccc1)(c1ccccc1)c1ccccc1,3,3,1.0,1.0,1.0,1.0,1.0,1.0,3,0,29,0
[O-]c1ccc(F)cc1/C=N/N=C(\[S-])NC(c1ccccc1)(c1ccccc1)c1ccccc1,3,3,1.0,1.0,1.0,1.0,1.0,1.0,3,0,30,0
[O-]c1ccc(Cl)cc1/C=N/N=C(\[S-])NC(c1ccccc1)(c1ccccc1)c1ccccc1,3,3,1.0,1.0,1.0,1.0,1.0,1.0,3,0,30,0
[O-]c1ccc(I)cc1/C=N/N=C(\[S-])NC(c1ccccc1)(c1ccccc1)c1ccccc1,3,3,1.0,1.0,1.0,1.0,1.0,1.0,3,0,30,0
Cc1ccc([O-])c(/C=N/N=C(\[S-])NC(c2ccccc2)(c2ccccc2)c2ccccc2)c1,3,3,1.0,1.0,1.0,1.0,1.0,1.0,3,0,30,0
COc1ccc([O-])c(/C=N/N=C(\[S-])NC(c2ccccc2)(c2ccccc2)c2ccccc2)c1,3,3,1.0,1.0,1.0,1.0,1.0,1.0,3,0,31,0
COc1cccc(/C=N/N=C(\[S-])NC(c2ccccc2)(c2ccccc2)c2ccccc2)c1[O-],3,3,1.0,1.0,1.0,1.0,1.0,1.0,3,0,31,0
[O-]c1c(Cl)cc(Cl)cc1/C=N/N=C(\[S-])NC(c1ccccc1)(c1ccccc1)c1ccccc1,3,3,1.0,1.0,1.0,1.0,1.0,1.0,3,0,31,0
CSc1nc2nc(C)cc(C)n2n1,1,2,0.0,0.0,0.9583333333333333,1.0,0.9166666666666666,0.9230769230769231,1,1,11,0
Cc1cc(-c2ccccc2)n2ncnc2n1,1,2,0.0,0.0,0.9666666666666667,1.0,0.9333333333333333,0.9375,1,1,14,0
CCOC(=O)/C([C]N(CC)CC)=[C]\c1ccccc1,2,2,1.0,1.0,1.0,1.0,1.0,1.0,2,0,17,0
O=C([O-])C[C@@H](c1ccccc1)P(c1ccccc1)c1ccccc1,2,3,0.0,0.0,0.9772727272727273,1.0,0.9545454545454546,0.9583333333333334,2,1,21,0
c1ccc2c(c1)ccc1cn[nH]c12,1,1,1.0,1.0,1.0,1.0,1.0,1.0,1,0,12,0
C/[C]=C(/[C]=N/c1ccc(C)cc1)C(=O)OC,2,2,1.0,1.0,1.0,1.0,1.0,1.0,2,0,14,0
[CH](~[N-2]C1CCCCC1)~[N-2]C1CCCCC1,2,2,1.0,1.0,1.0,1.0,1.0,1.0,2,0,13,0
C[C](~[CH]~[C](~[O-2])c1ccccc1)~[N-2]CC[N-2]~[C](C)~[CH]~[C](~[O-2])c1ccccc1,4,4,1.0,1.0,1.0,1.0,1.0,1.0,4,0,22,0
CNC(=S)N/N=C/c1ccc(O)cc1[O-],3,3,1.0,1.0,1.0,1.0,1.0,1.0,3,0,12,0
c1csc(-n2cnnn2)n1,1,2,0.0,0.0,0.9444444444444444,1.0,0.8888888888888888,0.9,1,1,8,0
CN(C)C1=N[C@@H](c2ccccc2)C1(C)C,1,1,1.0,1.0,1.0,1.0,1.0,1.0,1,0,14,0
C/C1=N\CCSCCSCCSCC/N=C(\C)c2cccc1n2,6,6,1.0,1.0,1.0,1.0,1.0,1.0,6,0,17,0
Cc1cc(C)n(-c2cc(C)c3ccccc3n2)n1,2,2,1.0,1.0,1.0,1.0,1.0,1.0,2,0,16,0
Cc1cc(-c2nc(-c3cc(Br)ccc3[O-])[nH]c2-c2cc(C)sc2C)c(C)s1,2,2,1.0,1.0,1.0,1.0,1.0,1.0,2,0,25,0
COC(F)(F)[C](F)F,1,1,1.0,1.0,1.0,1.0,1.0,1.0,1,0,7,0
[CH]1~[CH]~[CH][C@@H]2C[C@@H]2[CH]~[CH]~1,5,5,1.0,1.0,1.0,1.0,1.0,1.0,5,0,3,0
O=C([O-])c1cc(CO)ccn1,2,3,0.0,0.0,0.9444444444444444,1.0,0.8888888888888888,0.9090909090909091,2,1,8,0
CCc1ccc2ccccc2c1OP(C(C)C)C(C)C,1,1,1.0,1.0,1.0,1.0,1.0,1.0,1,0,19,0
C=CCc1ccc2ccccc2c1OP(C(C)C)C(C)C,1,1,1.0,1.0,1.0,1.0,1.0,1.0,1,0,20,0
CCC1=C(CC)c2nc1cc1[n-]c(c3nc(cccc4[n-]c2c(CC)c4CC)C(CC)=C3CC)c(CC)c1CC,4,4,1.0,1.0,1.0,1.0,1.0,1.0,4,0,36,0
O=C([O-])c1ccc(Oc2ccccc2C(=O)[O-])cc1,1,4,0.0,0.0,0.9166666666666667,1.0,0.8333333333333334,0.8421052631578947,1,3,15,0
C/C(=N\c1c(C)cccc1C1CCCCCCC1)c1ccc2c(n1)/C(=N/c1c(C)cccc1C1CCCCCCC1)CCCC2,3,3,1.0,1.0,1.0,1.0,1.0,1.0,3,0,42,0
C/C(=N\c1c(C)cc(C)cc1C1CCCCCCC1)c1ccc2c(n1)/C(=N/c1c(C)cc(C)cc1C1CCCCCCC1)CCCC2,3,3,1.0,1.0,1.0,1.0,1.0,1.0,3,0,44,0
CC(C)(C)[C@H]1COC(c2ccccc2[N-]c2cccc[nH+]2)=N1,2,2,1.0,1.0,1.0,1.0,1.0,1.0,2,0,20,0
Cn1nnnc1CCc1nnnn1C,2,2,1.0,1.0,1.0,1.0,1.0,1.0,2,0,12,0
Fc1c(F)c(F)c(C#Cc2c(F)c(F)c(F)c(F)c2F)c(F)c1F,2,0,0.0,0.0,0.5,0.0,1.0,0.9166666666666666,0,0,22,2
N=C(/N=[C]/C(F)(F)F)C(F)(F)F,2,2,1.0,1.0,1.0,1.0,1.0,1.0,2,0,10,0
C[Si](C)(C)C1=C(c2ccccc2)C([Si](C)(C)C)=C1c1ccccc1,4,4,1.0,1.0,1.0,1.0,1.0,1.0,4,0,20,0
CC(N)=S,1,1,1.0,1.0,1.0,1.0,1.0,1.0,1,0,3,0
O=C([N-]c1ccc(F)cc1[N-]C(=O)c1ccccn1)c1ccccn1,4,4,1.0,1.0,1.0,1.0,1.0,1.0,4,0,21,0
[C]#CCl,1,1,1.0,1.0,1.0,1.0,1.0,1.0,1,0,2,0
[C]#C[P+](CCCC)(CCCC)CCCC,1,1,1.0,1.0,1.0,1.0,1.0,1.0,1,0,14,0
O=C(/N=C(/c1[c]c(-c2nc(-c3ccccc3)c(-c3ccccc3)n2-c2ccc(F)cc2)ccc1)N(C(=O)c1ccccc1)c1ccc(F)cc1)c1ccccc1,3,3,1.0,1.0,1.0,1.0,1.0,1.0,3,0,53,0
CC(=O)OCc1ccc2c(n1)/C(=N/c1c(C(C)C)cccc1C(C)C)CCC2,2,2,1.0,1.0,1.0,1.0,1.0,1.0,2,0,26,0
c1ccc(OP2(Oc3ccccc3)=NP(Oc3ccccc3)(Oc3ccccc3)=N[P@@](NCCc3ccccn3)(Oc3ccccc3)=N2)cc1,2,2,1.0,1.0,1.0,1.0,1.0,1.0,2,0,48,0
NC(=O)c1ncccn1,2,3,0.0,0.0,0.9285714285714286,1.0,0.8571428571428571,0.8888888888888888,2,1,6,0
O=C([CH]C(=O)O[O-])NCc1ccccc1,2,2,1.0,1.0,1.0,1.0,1.0,1.0,2,0,13,0
[O-]c1cc(C(F)(F)F)cc(C(F)(F)F)c1,1,1,1.0,1.0,1.0,1.0,1.0,1.0,1,0,14,0
Cc1nc(/C=N/CCCNCCNCCC/N=C/c2c[nH]c(C)n2)c[nH]1,6,6,1.0,1.0,1.0,1.0,1.0,1.0,6,0,20,0
[CH2][N@@+](C)(CCN(C)C)c1[c]cccc1,3,3,1.0,1.0,1.0,1.0,1.0,1.0,3,0,11,0
CN(C)CC[N+](C)(C)c1[c]cccc1,1,2,0.0,0.0,0.9615384615384616,1.0,0.9230769230769231,0.9285714285714286,1,1,12,0
Cc1cc(C)n(-c2ccc3ccccc3n2)n1,2,2,1.0,1.0,1.0,1.0,1.0,1.0,2,0,15,0
CC(=N/[N-]C(=O)c1cc(C)[nH]n1)/C(C)=N/N=C(\[O-])c1cc(C)[nH]n1,4,4,1.0,1.0,1.0,1.0,1.0,1.0,4,0,20,0
O=[N+]([O-])c1cc(/N=N/[N-][P+](/[C]=C/c2[c]cccc2)(c2ccccc2)c2ccccc2)ccc1F,3,3,1.0,1.0,1.0,1.0,1.0,1.0,3,0,31,0
O=[N+]([O-])c1cc([N-][P+](/[C]=C/c2[c]cccc2)(c2ccccc2)c2ccccc2)ccc1F,3,3,1.0,1.0,1.0,1.0,1.0,1.0,3,0,29,0
COc1cc(Br)c(Cl)c(/C=N/CC[O-])c1[O-],3,3,1.0,1.0,1.0,1.0,1.0,1.0,3,0,13,0
CNC(=O)[C@H](Cc1c[nH]cn1)[N-]C(=O)C[N-]C(=O)CN,4,4,1.0,1.0,1.0,1.0,1.0,1.0,4,0,16,0
F[C](F)/C(F)=[C]/C(F)(F)F,2,2,1.0,1.0,1.0,1.0,1.0,1.0,2,0,8,0
Cc1cc2nc(-c3nc4cc(C)c(C)cc4[nH]3)[n-]c2cc1C,2,2,1.0,1.0,1.0,1.0,1.0,1.0,2,0,20,0
COC1=C[C@]2(OC)C=C[C@H]1[C@@H]1C(=O)N(C)C(=O)[C@@H]12,2,2,1.0,1.0,1.0,1.0,1.0,1.0,2,0,16,0
COc1nc(-n2nc(C)cc2C)nc(-n2nc(C)cc2C)n1,3,3,1.0,1.0,1.0,1.0,1.0,1.0,3,0,19,0
COC[C@H](O)Cn1ccnc1[N+](=O)[O-],1,2,0.0,0.0,0.9615384615384616,1.0,0.9230769230769231,0.9285714285714286,1,1,12,0
C[C](~[CH]~[C](C)~[N-2]c1ccccc1F)~[N-2]c1ccccc1F,2,2,1.0,1.0,1.0,1.0,1.0,1.0,2,0,19,0
C/C([S-])=C(\C)[S-],2,2,1.0,1.0,1.0,1.0,1.0,1.0,2,0,4,0
CC(C)c1cccc(C(C)C)c1/N=C/c1cccc(/N=N/c2ccccc2)n1,3,3,1.0,1.0,1.0,1.0,1.0,1.0,3,0,25,0
Cc1cccc(C)c1/N=C/c1cccc(/N=N/c2ccccc2)n1,3,3,1.0,1.0,1.0,1.0,1.0,1.0,3,0,21,0
c1ccc(-c2nc3c4nc(-c5ccccn5)c(-c5ccccn5)nc4c4nc(-c5ccccn5)c(-c5ccccn5)nc4c3nc2-c2ccccn2)nc1,4,12,0.0,0.0,0.9199999999999999,1.0,0.84,0.8518518518518519,4,8,42,0
Cc1nnc(-c2cnccn2)nc1C,2,3,0.0,0.0,0.9583333333333333,1.0,0.9166666666666666,0.9285714285714286,2,1,11,0
O=[P@H]([O-])c1ccccc1-c1ccccc1O,1,1,1.0,1.0,1.0,1.0,1.0,1.0,1,0,15,0
O=[C]C(F)F,1,1,1.0,1.0,1.0,1.0,1.0,1.0,1,0,4,0
O/N=C1\C=CC=C\C1=N/O,2,2,1.0,1.0,1.0,1.0,1.0,1.0,2,0,8,0
c1ccc(P(c2ccccc2)C2=C(C3=C(P(c4ccccc4)c4ccccc4)[C@H]4c5ccccc5[C@@H]3c3ccccc34)[C@H]3c4ccccc4[C@@H]2c2ccccc23)cc1,2,2,1.0,1.0,1.0,1.0,1.0,1.0,2,0,56,0
c1ccc(P(c2ccccc2)c2cc3c(cc2-c2cc4c(cc2P(c2ccccc2)c2ccccc2)CCCC4)CCCC3)cc1,2,2,1.0,1.0,1.0,1.0,1.0,1.0,2,0,44,0
Cc1ccc(/C=C\c2ccc(-c3cc(-c4ccccn4)nc(-c4ccccn4)c3)cc2)cc1,3,10,0.0,0.0,0.8833333333333333,1.0,0.7666666666666667,0.7878787878787878,3,7,23,0
O=C([O-])c1ccccc1/N=C/c1cc(Br)ccc1[O-],3,4,0.0,0.0,0.96875,1.0,0.9375,0.9473684210526315,3,1,15,0
[CH]O[B-](c1c(F)c(F)c(F)c(F)c1F)(c1c(F)c(F)c(F)c(F)c1F)c1c(F)c(F)c(F)c(F)c1F,1,1,1.0,1.0,1.0,1.0,1.0,1.0,1,0,35,0
COC(=O)[C](c1ccccc1[C@@H](N)C(=O)OC)C1(C(=O)OC)C(C(=O)OC)=C(C(=O)OC)C(C(=O)OC)=C1C(=O)OC,3,4,0.0,0.0,0.8076923076923077,0.6666666666666666,0.9487179487179487,0.9285714285714286,2,2,37,1
CCSCC/N=C/c1ccccc1[O-],3,3,1.0,1.0,1.0,1.0,1.0,1.0,3,0,11,0
O=N[C@@]12COC[C@]1(N=O)[C@H]1CCC[C@]2(O)C1,2,2,1.0,1.0,1.0,1.0,1.0,1.0,2,0,14,0
C(=C/c1ccc(-n2ccnc2)cc1)\c1ccc(-c2cc(-c3ccccn3)nc(-c3ccccn3)c2)cc1,3,4,0.0,0.0,0.9852941176470589,1.0,0.9705882352941176,0.972972972972973,3,1,33,0
CN1C(=O)[N-]C(=O)C(Cl)(Cl)[C@@H]1O,1,3,0.0,0.0,0.9090909090909092,1.0,0.8181818181818182,0.8333333333333334,1,2,9,0
CC(C)(C)c1cc2c([O-])c(c1)/C=[NH+]/c1ccccc1CCc1ccccc1/N=C/c1cc(C(C)(C)C)cc(c1[O-])/C=[NH+]/c1ccccc1CCc1ccccc1/N=C/2,4,4,1.0,1.0,1.0,1.0,1.0,1.0,4,0,54,0
CP(C)Cc1[c]cccc1,2,2,1.0,1.0,1.0,1.0,1.0,1.0,2,0,8,0
Cc1ncc(CO)c(/C=N/c2ccccc2SCCSc2ccccc2/N=C/c2c(CO)cnc(C)c2[O-])c1[O-],6,6,1.0,1.0,1.0,1.0,1.0,1.0,6,0,34,0
C[C@H]1CSc2ccc3ccccc3c2C1=C1c2ccccc2P(c2ccccc2)c2ccccc21,1,4,0.0,0.0,0.9558823529411764,1.0,0.9117647058823529,0.9142857142857143,1,3,31,0
COc1cccc(C(=O)[CH][S+](C)C)c1,1,1,1.0,1.0,1.0,1.0,1.0,1.0,1,0,13,0
O=C([O-])CN(CCN(Cc1ccccn1)Cc1ccccn1)Cc1ccccn1,6,7,0.0,0.0,0.9782608695652174,1.0,0.9565217391304348,0.9655172413793104,6,1,22,0
C[C@@]1(O)[C]=C(c2ccccc2)[n+]2ccccc21,1,1,1.0,1.0,1.0,1.0,1.0,1.0,1,0,16,0
[C]#[N+]C1=C/C(=C\CC(=O)OC)CC1,1,1,1.0,1.0,1.0,1.0,1.0,1.0,1,0,12,0
Cc1cccc(C)c1[N-]/C(Cc1ccccc1)=C(\[O-])Cc1ccccc1,2,2,1.0,1.0,1.0,1.0,1.0,1.0,2,0,24,0
[O-]c1ccccc1/N=C/c1cc(Br)cc(Br)c1[O-],3,3,1.0,1.0,1.0,1.0,1.0,1.0,3,0,15,0
Cc1cc(C)c(/N=C/c2cc(C(C)(C)C)cc(C(C)(C)C)c2[O-])c(C)c1,2,2,1.0,1.0,1.0,1.0,1.0,1.0,2,0,24,0
C[C]1CC(C#N)(C#N)C(C#N)(C#N)C1,1,1,1.0,1.0,1.0,1.0,1.0,1.0,1,0,13,0
CCc1c(OC)c2c(c(O[Si](C)(C)C(C)(C)C)c1-c1ccccc1C(=O)OC)CCCC2,6,11,0.0,0.0,0.9038461538461539,1.0,0.8076923076923077,0.84375,6,5,21,0
[c]1ccccc1-c1ccccc1,1,1,1.0,1.0,1.0,1.0,1.0,1.0,1,0,11,0
COc1cccc(/C=N/CCNCCCNCC/N=C/c2cccc(OC)c2[O-])c1[O-],6,6,1.0,1.0,1.0,1.0,1.0,1.0,6,0,25,0
COc1ccc(CC/N=C/c2ccccc2[O-])cc1OC,2,2,1.0,1.0,1.0,1.0,1.0,1.0,2,0,19,0
[O-]/C(=N\N=C(c1ccccn1)c1ccccn1)c1cccs1,3,4,0.0,0.0,0.9736842105263157,1.0,0.9473684210526315,0.9545454545454546,3,1,18,0
CCCCN1CCN(C2=[N+]CCN2CCCC)C1=S,2,2,1.0,1.0,1.0,1.0,1.0,1.0,2,0,17,0
[C]#Cc1ccc(N=C=S)cc1,1,3,0.0,0.0,0.9,1.0,0.8,0.8181818181818182,1,2,8,0
c1ccc(P(c2ccccc2)[C@@H]2C[C@H]3CC[C@@H]2N3P(c2ccccc2)c2ccccc2)cc1,2,2,1.0,1.0,1.0,1.0,1.0,1.0,2,0,31,0
[NH2+]=c1[n-]c(-c2ccccn2)n[nH]1,2,2,1.0,1.0,1.0,1.0,1.0,1.0,2,0,10,0
COc1cccc(/C=N/CCCNCC/N=C/c2cccc(OC)c2[O-])c1[O-],5,5,1.0,1.0,1.0,1.0,1.0,1.0,5,0,23,0
CCOc1cccc(/C=N/CCCNCC/N=C/c2cccc(OCC)c2[O-])c1[O-],5,5,1.0,1.0,1.0,1.0,1.0,1.0,5,0,25,0
c1ccc(P(c2ccccc2)c2nccn2-c2ccccn2)cc1,2,3,0.0,0.0,0.9772727272727273,1.0,0.9545454545454546,0.9583333333333334,2,1,21,0
CC(C)c1cccc(C(C)C)c1N1[C]N(c2c(C(C)C)cccc2C(C)C)C(c2ccccc2)=N1,1,1,1.0,1.0,1.0,1.0,1.0,1.0,1,0,34,0
COC(=O)[C]c1ccccc1,1,1,1.0,1.0,1.0,1.0,1.0,1.0,1,0,10,0
C/C(=N\c1c(C2CCCC2)cc(C)cc1C(c1ccccc1)c1ccccc1)c1ccc2c(n1)/C(=N/c1c(C3CCCC3)cc(C)cc1C(c1ccccc1)c1ccccc1)CCC2,3,3,1.0,1.0,1.0,1.0,1.0,1.0,3,0,61,0
CCOC(=O)[C]c1ccccc1,1,1,1.0,1.0,1.0,1.0,1.0,1.0,1,0,11,0
CC(C)/N=C/c1cc(C(C)(C)C)cc([C@]23C[C@H]4C[C@H](C[C@H](C4)C2)C3)c1[O-],2,2,1.0,1.0,1.0,1.0,1.0,1.0,2,0,24,0
O=C([N-]C(c1ccccc1)(c1ccccn1)c1ccccn1)c1ccccc1,3,3,1.0,1.0,1.0,1.0,1.0,1.0,3,0,25,0
CC(=O)NC(c1ccccc1)(c1ccccn1)c1ccccn1,3,3,1.0,0.0,0.8083333333333333,0.6666666666666666,0.95,0.9130434782608695,2,1,19,1
CC(=O)[N-]C(c1ccccc1)(c1ccccn1)c1ccccn1,3,3,1.0,1.0,1.0,1.0,1.0,1.0,3,0,20,0
[O-]c1ccccc1/N=N/c1ccccc1[O-],3,4,0.0,0.0,0.9615384615384616,1.0,0.9230769230769231,0.9375,3,1,12,0
Cc1cc(-c2ccccc2)nc(-c2nc(C)cc(-c3ccccc3)n2)n1,2,4,0.0,0.0,0.9583333333333333,1.0,0.9166666666666666,0.9230769230769231,2,2,22,0
[O-2]~[C](~[CH]~[P-](c1ccccc1)c1ccccc1)c1ccccc1,2,2,1.0,1.0,1.0,1.0,1.0,1.0,2,0,20,0
CC([O-])=C(c1ccccc1)c1ccccc1,1,1,1.0,1.0,1.0,1.0,1.0,1.0,1,0,15,0
c1cc2ccc1CNCCN1CCNCc3ccc(cc3)CSCCN(CCSC2)CCSCc2ccc(cc2)CNCC1,4,8,0.0,0.0,0.95,1.0,0.9,0.9090909090909091,4,4,36,0
CCOC(=O)[C](Cc1cccc(-c2ccccn2)n1)C(=O)OCC,3,3,1.0,1.0,1.0,1.0,1.0,1.0,3,0,21,0
CCOC(=O)[C](Cc1cccc(-c2cccc(CC(C(=O)OCC)C(=O)OCC)n2)n1)C(=O)OCC,3,3,1.0,1.0,1.0,1.0,1.0,1.0,3,0,33,0
CCOC(=O)[C](Cc1cccc(-c2cccc(C[C](C(=O)OCC)C(=O)OCC)n2)n1)C(=O)OCC,4,4,1.0,1.0,1.0,1.0,1.0,1.0,4,0,32,0
CSc1cc(C(C)(C)C)ccc1[O-],2,2,1.0,1.0,1.0,1.0,1.0,1.0,2,0,11,0
CC(C)(C)c1cc(C(C)(C)C)c(P(=[C]Cl)=C([Si](C)(C)C)[Si](C)(C)C)c(C(C)(C)C)c1,1,1,1.0,1.0,1.0,1.0,1.0,1.0,1,0,29,0
Cn1cnc(C(=O)[O-])c1,2,3,0.0,0.0,0.9285714285714286,1.0,0.8571428571428571,0.8888888888888888,2,1,6,0
C[N@@H+]1CCCN(CC(=O)[O-])Cc2cccc(n2)CN(CC(=O)O)CCC1,4,6,0.0,0.0,0.9545454545454546,1.0,0.9090909090909091,0.9230769230769231,4,2,20,0
C/C(=N\NC(=O)c1cc(C)[nH]n1)c1cccc(/C(C)=N/NC(=O)c2cc(C)[nH]n2)n1,5,7,0.0,0.0,0.96,1.0,0.92,0.9333333333333333,5,2,23,0
CC(C)c1cc(C(C)C)c(-c2cccc(-c3c(C(C)C)cc(C(C)C)cc3C(C)C)c2[O-])c(C(C)C)c1,1,1,1.0,1.0,1.0,1.0,1.0,1.0,1,0,36,0
CC1=C2C=C(C(C)C)C=Cc3cc(C(C)(C)C)cc(c32)C1,6,6,1.0,0.0,0.3,0.0,0.6,0.42857142857142855,0,6,9,6
[C]=C([Si](C)(C)C)[Si](C)(C)C,1,1,1.0,1.0,1.0,1.0,1.0,1.0,1,0,9,0
c1ccc([C@H]2N=C(c3ccccc3P(c3ccccc3)c3ccccc3)N[C@@H]2c2ccccc2)cc1,2,2,1.0,1.0,1.0,1.0,1.0,1.0,2,0,34,0
C#CC[N-]C(=O)C[N-]C(=O)C/N=C(/N=C(\[S-])N(CC)CC)c1ccccc1,4,4,1.0,1.0,1.0,1.0,1.0,1.0,4,0,23,0
Cc1c[c]c(-c2cnc3cc(C)c(C)cc3n2)cc1C,2,2,1.0,1.0,1.0,1.0,1.0,1.0,2,0,18,0
Cc1cc2ncc(-c3[c]cc(F)cc3)nc2cc1C,2,2,1.0,1.0,1.0,1.0,1.0,1.0,2,0,17,0
[S-]/C=C(\[S-])c1cccnc1,2,2,1.0,1.0,1.0,1.0,1.0,1.0,2,0,8,0
CN(C)CCN[C@H]1CCc2c(C(C)(C)C)cc(C(C)(C)C)c([O-])c21,2,3,0.0,0.0,0.9772727272727273,1.0,0.9545454545454546,0.9583333333333334,2,1,21,0
CC(C)(C)c1cc(C(C)(C)C)c2c(c1[O-])[C@@H](NCc1ccco1)CC2,2,2,1.0,1.0,1.0,1.0,1.0,1.0,2,0,23,0
[CH2]~[CH]~[CH]CC1(c2ccccc2)C=C(c2ccccc2)P(CC)C(c2ccccc2)=C1,4,4,1.0,1.0,1.0,1.0,1.0,1.0,4,0,26,0
c1ccc(CSc2cccc3cccnc23)cc1,2,2,1.0,1.0,1.0,1.0,1.0,1.0,2,0,16,0
O=[N+]([O-])c1cc(C[NH+]2CCOCCOCC[NH+](Cc3cc([N+](=O)[O-])c4cccnc4c3[O-])CCOCCOCC2)c([O-])c2ncccc12,4,4,1.0,1.0,1.0,1.0,1.0,1.0,4,0,44,0
Clc1cccc(/N=N/c2ccccc2)n1,2,2,1.0,1.0,1.0,1.0,1.0,1.0,2,0,13,0
C[P+](C=C=Cc1ccccc1)(c1ccccc1)c1ccccc1,2,3,0.0,0.0,0.9761904761904762,1.0,0.9523809523809523,0.9565217391304348,2,1,20,0
Cc1ccc(-n2c(-c3ccccc3)nnc2-c2ccc(C)cn2)cc1,2,2,1.0,1.0,1.0,1.0,1.0,1.0,2,0,23,0
Cc1ccc(-n2c(-c3ccccc3)nnc2-c2ccc(F)cn2)cc1,2,2,1.0,1.0,1.0,1.0,1.0,1.0,2,0,23,0
Cc1ccc(-n2c(-c3ccccc3)nnc2-c2ccc(Br)cn2)cc1,2,2,1.0,1.0,1.0,1.0,1.0,1.0,2,0,23,0
Cc1ccc(-n2c(-c3ccccc3)nnc2-c2ccc(C(F)(F)F)cn2)cc1,2,2,1.0,1.0,1.0,1.0,1.0,1.0,2,0,26,0
CC[C@H](C)[C@H](/N=C/c1c([O-])ccc2ccccc12)C(=O)[O-],3,4,0.0,0.0,0.9722222222222222,1.0,0.9444444444444444,0.9523809523809523,3,1,17,0
CC(C)[C@H](/N=C/c1c([O-])ccc2ccccc12)C(=O)[O-],3,4,0.0,0.0,0.9705882352941176,1.0,0.9411764705882353,0.95,3,1,16,0
CC(C)(C)[C@H](/N=C/c1c([O-])ccc2ccccc12)C(=O)[O-],3,4,0.0,0.0,0.9722222222222222,1.0,0.9444444444444444,0.9523809523809523,3,1,17,0
CSCCNCCSC,3,3,1.0,1.0,1.0,1.0,1.0,1.0,3,0,6,0
O=C(/N=C(\[S-])N1CCCC1)c1ccccc1,2,2,1.0,1.0,1.0,1.0,1.0,1.0,2,0,14,0
CC(=O)[C](C(C)=O)[C@@H](Nc1ccccc1C)c1ccccn1,2,4,0.0,0.0,0.95,1.0,0.9,0.9090909090909091,2,2,18,0
COc1ccc(N[C@H]([C](C(C)=O)C(C)=O)c2ccccn2)cc1,2,3,0.0,0.0,0.9761904761904762,1.0,0.9523809523809523,0.9565217391304348,2,1,20,0
CC(=O)[C](C(C)=O)[C@H](Nc1c(C)cccc1C)c1ccccn1,2,3,0.0,0.0,0.9761904761904762,1.0,0.9523809523809523,0.9565217391304348,2,1,20,0
CC(C)NPC([Si](C)(C)C)[Si](C)(C)C,1,1,1.0,1.0,1.0,1.0,1.0,1.0,1,0,13,0
CC(C)c1cccc(C(C)C)c1[N-]CC(Cc1ccccc1)(Cc1ccccc1)c1ccccn1,2,2,1.0,1.0,1.0,1.0,1.0,1.0,2,0,33,0
C[C](~[O-2])~[C]1CCCC[C]~1~[N-2]c1cccc2ccccc12,2,2,1.0,1.0,1.0,1.0,1.0,1.0,2,0,18,0
c1ccc2c(CN(Cc3nccc4ccccc34)Cc3nccc4ccccc34)nccc2c1,4,4,1.0,1.0,1.0,1.0,1.0,1.0,4,0,30,0
[CH]=C/C=C(\SC)C(C)=O,2,1,0.0,0.0,0.75,0.5,1.0,0.8888888888888888,1,0,7,1
CC(C/N=C/c1ncc[nH]1)(C/N=C/c1ncc[nH]1)C/N=C/c1ncc[nH]1,6,6,1.0,1.0,1.0,1.0,1.0,1.0,6,0,20,0
COC(=N)/C(C#N)=N/[O-],2,2,1.0,1.0,1.0,1.0,1.0,1.0,2,0,7,0
CCO[P-](~[O-2])(~[N-3]~[P-](~[S-2])(c1ccccc1)c1ccccc1)OCC,2,2,1.0,1.0,1.0,1.0,1.0,1.0,2,0,21,0
[CH2][C@@H](C(C)=O)c1ccccn1,3,3,1.0,1.0,1.0,1.0,1.0,1.0,3,0,8,0
CC(C)c1cccc(C(C)C)c1N1[C]C2(CCCCC2)CC1(C)C,1,1,1.0,1.0,1.0,1.0,1.0,1.0,1,0,23,0
c1ccc2c(c1)C[C@@H]1OC(C3(C4=N[C@@H]5c6ccccc6C[C@@H]5O4)CC3)=N[C@H]21,2,2,1.0,1.0,1.0,1.0,1.0,1.0,2,0,25,0
NC(=O)c1ccccc1[S-],1,2,0.0,0.0,0.9444444444444444,1.0,0.8888888888888888,0.9,1,1,8,0
[S-]/C(=C(\[S-])c1ccc(Cl)cc1)c1ccc(Cl)cc1,2,2,1.0,1.0,1.0,1.0,1.0,1.0,2,0,16,0
Cc1cc(/C=[NH+]/c2ccccc2)c([O-])c(CN(CCN(Cc2ccccn2)Cc2cc(C)cc(/C=[NH+]/c3ccccc3)c2[O-])Cc2ccccn2)c1,6,6,1.0,1.0,1.0,1.0,1.0,1.0,6,0,46,0
CN(C)CC/N=C1\C[C@H]2CC[C@]1(C)C2(C)C,2,2,1.0,1.0,1.0,1.0,1.0,1.0,2,0,14,0
N#Cc1cccnc1-c1[c]cccc1,2,2,1.0,1.0,1.0,1.0,1.0,1.0,2,0,12,0
O=C([O-])C(C(=O)[O-])c1ccccc1,2,4,0.0,0.0,0.9090909090909092,1.0,0.8181818181818182,0.8461538461538461,2,2,9,0
COc1cccc(/C=N/c2ccccc2Oc2cc3ccccc3cc2Oc2ccccc2/N=C/c2cccc(OC)c2[O-])c1[O-],5,4,0.0,0.0,0.9,0.8,1.0,0.9782608695652174,4,0,41,1
CCOc1cccc(/C=N/CCCC/N=C/c2cccc(OCC)c2[O-])c1[O-],4,4,1.0,1.0,1.0,1.0,1.0,1.0,4,0,24,0
[O-]c1ccccc1/C=N/Nc1nnc(-c2ccccc2O)s1,3,3,1.0,1.0,1.0,1.0,1.0,1.0,3,0,19,0
[CH2]C1(C)CC1,1,1,1.0,1.0,1.0,1.0,1.0,1.0,1,0,4,0
O=[N+]([O-])c1cnc(CO)n1CCO,1,3,0.0,0.0,0.9166666666666667,1.0,0.8333333333333334,0.8461538461538461,1,2,10,0
[C]#Cc1cc2cc3sc(C#C)cc3cc2s1,1,1,1.0,1.0,1.0,1.0,1.0,1.0,1,0,15,0
CCc1ccoc(=O)c1[O-],2,2,1.0,1.0,1.0,1.0,1.0,1.0,2,0,8,0
Cc1[nH+]cc(CO)c(/C=N/CC(=O)[O-])c1[O-],3,4,0.0,0.0,0.9615384615384616,1.0,0.9230769230769231,0.9375,3,1,12,0
C[C]=[N+](CC)CC,1,1,1.0,1.0,1.0,1.0,1.0,1.0,1,0,6,0
Cn1nn[nH]c1=S,1,1,1.0,1.0,1.0,1.0,1.0,1.0,1,0,6,0
Cc1ccc([O-])c(/C=N/c2cc(Br)ccc2[O-])c1,3,3,1.0,1.0,1.0,1.0,1.0,1.0,3,0,15,0
c1ccc(-c2ncc[n-]2)cc1,1,1,1.0,1.0,1.0,1.0,1.0,1.0,1,0,10,0
c1cc(C2=NO[C@]34C5=C6C7=C8[C@H]9[C@H]%10[C@H]%11[C@@H]7[C@H]7[C@@H]6[C@H]6[C@H]%12[C@@H]5[C@@H]5[C@@H]%13[C@@H]%14[C@H]%12[C@@H]%12[C@H]6[C@@H]6[C@H]7[C@@H]7[C@H]%11[C@H]%11[C@@H]%15C%16=C%17[C@@H]%18[C@@H]%19[C@@H]%20[C@H]%16[C@H]([C@@H]%10%11)[C@H]%10[C@@H]%20[C@H]%11[C@H]%16[C@@H]%19[C@H]%19[C@@H]%18[C@H]%18[C@H]%20[C@@H]%17[C@@H]%15[C@@H]7[C@@H]6[C@H]%20[C@@H]%12[C@H]%18[C@@H]%14[C@H]%19[C@@H]%13[C@H]%16[C@H]([C@H]%11[C@H]([C@@H]9%10)[C@]283)[C@@H]54)ccn1,1,6,0.0,0.0,0.9632352941176471,1.0,0.9264705882352942,0.927536231884058,1,5,63,0
C=Cc1cc[c]cc1,1,1,1.0,1.0,1.0,1.0,1.0,1.0,1,0,7,0
CC(C)P(Oc1ccccc1-c1ccccc1OP(C(C)C)C(C)C)C(C)C,2,2,1.0,1.0,1.0,1.0,1.0,1.0,2,0,26,0
c1ccc(P(Oc2ccccc2-c2ccccc2OP(c2ccccc2)c2ccccc2)c2ccccc2)cc1,2,2,1.0,1.0,1.0,1.0,1.0,1.0,2,0,38,0
COc1cc(C(C)=O)ccc1N(Cc1ccccn1)Cc1ccccn1,3,3,1.0,1.0,1.0,1.0,1.0,1.0,3,0,23,0
CC/C([C]=O)=C(/[C]=O)CC,2,2,1.0,1.0,1.0,1.0,1.0,1.0,2,0,8,0
C[C](~[O-2])~[C]1CCCC[C]~1~[N-2]c1c(C)cccc1C,2,2,1.0,1.0,1.0,1.0,1.0,1.0,2,0,16,0
C/C1=N\[C@@H]2CCCC[C@H]2NCCN[C@@H]2CCCC[C@H]2/N=C(\C)c2cc(Cl)cc1n2,5,5,1.0,1.0,1.0,1.0,1.0,1.0,5,0,24,0
CC(C)(C)c1c([O-])c([O-])c(C(C)(C)C)c2c1OCCO2,2,2,1.0,1.0,1.0,1.0,1.0,1.0,2,0,18,0
c1ccc(P(CCP(/C(=N/C2CCCCC2)NC2CCCCC2)c2ccccc2)/C(=N\C2CCCCC2)NC2CCCCC2)cc1,2,2,1.0,1.0,1.0,1.0,1.0,1.0,2,0,44,0
ClCCOP(OCCCl)OCCCl,1,1,1.0,1.0,1.0,1.0,1.0,1.0,1,0,12,0
[CH]1~[CH]CC[CH][C@@H](c2ccccc2)[CH]~1,4,4,1.0,1.0,1.0,1.0,1.0,1.0,4,0,9,0
O=C1C=C(c2ccccc2)NC2=[N+]C=NN12,1,1,1.0,1.0,1.0,1.0,1.0,1.0,1,0,15,0
COC(=O)[C@H]1N=CO[C@@H]1C,1,1,1.0,1.0,1.0,1.0,1.0,1.0,1,0,9,0
[O-]c1ccccc1/C=N/c1ccccc1/N=N/c1ccccc1,3,4,0.0,0.0,0.975,1.0,0.95,0.9565217391304348,3,1,19,0
Cc1ccc(/N=N/c2ccccc2/N=C/c2ccccc2[O-])cc1,3,4,0.0,0.0,0.9761904761904762,1.0,0.9523809523809523,0.9583333333333334,3,1,20,0
[c]1ccccc1-c1ncccn1,2,3,0.0,0.0,0.95,1.0,0.9,0.9166666666666666,2,1,9,0
CC(Cc1ccccc1)(C1=N[C@H]2c3ccccc3C[C@H]2O1)C1=N[C@H]2c3ccccc3C[C@H]2O1,2,2,1.0,1.0,1.0,1.0,1.0,1.0,2,0,31,0
CC(C)c1[c]cccc1,1,1,1.0,1.0,1.0,1.0,1.0,1.0,1,0,8,0
COc1cccc(-c2nc3c4cccnc4c4ncccc4c3[nH]2)c1OC,2,2,1.0,1.0,1.0,1.0,1.0,1.0,2,0,25,0
Cc1cc(/C=N/NC(N)=S)c([O-])c(C[N@H+]2CCC[C@@H]2C(=O)O)c1,3,3,1.0,1.0,1.0,1.0,1.0,1.0,3,0,20,0
COc1ccc(N2C(=O)[CH][C@@H]([C@@H]3[CH]~[CH]~[CH]~[CH]~[CH]CC3)C2=O)cc1,6,6,1.0,1.0,1.0,1.0,1.0,1.0,6,0,17,0
O=C1[CH][C@@H]([C@@H]2[CH]~[CH]~[CH]~[CH]~[CH]CC2)C(=O)N1c1ccccc1,6,6,1.0,1.0,1.0,1.0,1.0,1.0,6,0,15,0
CC1(C)N([O-])C(c2nccs2)=[N+]([O-])C1(C)C,2,2,1.0,1.0,1.0,1.0,1.0,1.0,2,0,14,0
COC1(OC)c2ccccc2CC[C@H]1O,6,9,0.0,0.0,0.8333333333333333,1.0,0.6666666666666666,0.8,6,3,6,0
CC(C)[C@@H](NNC(=O)c1ccc([N+](=O)[O-])cc1)P(=O)(Oc1ccccc1)Oc1ccccc1,3,3,1.0,1.0,1.0,1.0,1.0,1.0,3,0,30,0
CCC[C@H](NNC(=O)c1ccc([N+](=O)[O-])cc1)P(=O)(Oc1ccccc1)Oc1ccccc1,3,3,1.0,1.0,1.0,1.0,1.0,1.0,3,0,30,0
CN/C([S-])=N/N=C(\C)c1[c]ccs1,3,3,1.0,1.0,1.0,1.0,1.0,1.0,3,0,10,0
[O-]c1ccccc1/C=N/N=C(C(=N/N=C/c1ccccc1[O-])\c1ccccc1)/c1ccccc1,4,4,1.0,1.0,1.0,1.0,1.0,1.0,4,0,30,0
Nc1cccnc1-c1ncccc1N,2,2,1.0,1.0,1.0,1.0,1.0,1.0,2,0,12,0
CN(C)Cc1ccccc1[O-],2,2,1.0,1.0,1.0,1.0,1.0,1.0,2,0,9,0
[CH2][P+](c1ccccc1)(c1ccccc1)[C@@H](CP(c1ccccc1)c1ccccc1)P(c1ccccc1)c1ccccc1,3,3,1.0,1.0,1.0,1.0,1.0,1.0,3,0,39,0
CC(C)(NCc1ccccc1P(c1ccccc1)c1ccccc1)C(C)(C)NCc1ccccc1P(c1ccccc1)c1ccccc1,4,4,1.0,1.0,1.0,1.0,1.0,1.0,4,0,44,0
Cc1nn(-c2ccccc2)c([S-])c1/C(=N/CC/N=C(\c1ccccc1)c1c(C)nn(-c2ccccc2)c1[S-])c1ccccc1,4,4,1.0,1.0,1.0,1.0,1.0,1.0,4,0,40,0
[C](=C/C=C/c1cc(-c2ccccc2)[o+]c(-c2ccccc2)c1)\Sc1ccccc1,1,1,1.0,1.0,1.0,1.0,1.0,1.0,1,0,28,0
C1CSC[C@H]2COC[C@@H](CSCCS1)S2,4,5,0.0,0.0,0.9545454545454546,1.0,0.9090909090909091,0.9333333333333333,4,1,10,0
CN1[C]C=CC=C1,1,1,1.0,1.0,1.0,1.0,1.0,1.0,1,0,6,0
CC1(C)C[C@@H](CCl)N=C1c1[c]cccc1,2,2,1.0,1.0,1.0,1.0,1.0,1.0,2,0,13,0
C#CCOc1ccc(I)cc1,2,0,0.0,0.0,0.5,0.0,1.0,0.8181818181818182,0,0,9,2
C#Cc1cccc([N-2])c1,1,1,1.0,1.0,1.0,1.0,1.0,1.0,1,0,8,0
C[C]1~[CH]~[CH]~[C](~[N-2]([O-])~[C]([O-])~[C]2~[CH]~[CH]~[CH]~[CH]~[CH]~2)~[CH]~[CH]~1,2,2,1.0,1.0,1.0,1.0,1.0,1.0,2,0,15,0
C(#Cc1c2nc(c(C#Cc3ccccc3)c3nc(c(C#Cc4ccccc4)c4nc(c(C#Cc5ccccc5)c5nc1c1ccccc51)c1ccccc41)c1ccccc31)c1ccccc21)c1ccccc1,4,4,1.0,1.0,1.0,1.0,1.0,1.0,4,0,68,0
C[C@H]([NH3+])C(=O)N[C@H](C)c1nc2ccccc2[nH]1,1,2,0.0,0.0,0.96875,1.0,0.9375,0.9411764705882353,1,1,15,0
COc1ccc(-n2cc(-c3ccccn3)nn2)cc1,2,2,1.0,1.0,1.0,1.0,1.0,1.0,2,0,17,0
C/C(=[C]/[Si](C)(C)C)c1ccccc1,1,1,1.0,1.0,1.0,1.0,1.0,1.0,1,0,12,0
CN1[C]N(C)CC1,1,1,1.0,1.0,1.0,1.0,1.0,1.0,1,0,6,0
[S-2]~[C](~[S-2])N(Cc1ccccc1)Cc1cccnc1,2,2,1.0,1.0,1.0,1.0,1.0,1.0,2,0,16,0
[S-2]~[C](~[S-2])OCC1c2ccccc2-c2ccccc21,2,4,0.0,0.0,0.9375,1.0,0.875,0.8888888888888888,2,2,14,0
CC(C)[C@H]1CC[C@H](C)[C](~[C](~[O-2])C(F)(F)F)~[C]1~[O-2],2,2,1.0,1.0,1.0,1.0,1.0,1.0,2,0,15,0
CCOc1cccc(/C=N/CCCN2CC2)c1[O-],3,3,1.0,1.0,1.0,1.0,1.0,1.0,3,0,15,0
CCN(CC)c1ccc(/C=N/N=C(\[O-])c2ccc(C)cc2)c([O-])c1,3,3,1.0,1.0,1.0,1.0,1.0,1.0,3,0,21,0
Cc1nc2cc3ccccc3cc2nc1-c1[c]cccc1,2,2,1.0,1.0,1.0,1.0,1.0,1.0,2,0,19,0
c1nc(-n2cnnc2)n[nH]1,1,3,0.0,0.0,0.8888888888888888,1.0,0.7777777777777778,0.8,1,2,7,0
COC(=O)[C@]1(P(c2ccccc2)c2ccccc2)C[C@@](C(=O)OC)(P(c2ccccc2)c2ccccc2)C[C@@](C(=O)OC)(P(c2ccccc2)c2ccccc2)C1,2,3,0.0,0.0,0.990909090909091,1.0,0.9818181818181818,0.9824561403508771,2,1,54,0
CC1=NN(c2ccccc2)C(=O)/C1=C(\[N-]c1cccc(C)c1)c1ccccc1,2,2,1.0,1.0,1.0,1.0,1.0,1.0,2,0,26,0
N=C(NCCO)c1ccccn1,2,2,1.0,1.0,1.0,1.0,1.0,1.0,2,0,10,0
N=C(NCCCO)c1ccccn1,2,2,1.0,1.0,1.0,1.0,1.0,1.0,2,0,11,0
[CH2]~[CH]~[C](C)[Si](C)(C)C,3,3,1.0,1.0,1.0,1.0,1.0,1.0,3,0,5,0
O=[C]C(F)(F)C1C=CC=C1,5,5,1.0,1.0,1.0,1.0,1.0,1.0,5,0,5,0
CC(=O)[C@@H](C)O[C@@]12/N=C3\N=C(/C=C4\[N-][C@@](C)(/N=C5\N=C(/C=C(\[N-]1)C(C)(C)C2(C)C)C(C)(C)C5(C)C)C(C)(C)C4(C)C)C(C)(C)C3(C)C,4,5,0.0,0.0,0.9883720930232558,1.0,0.9767441860465116,0.9787234042553191,4,1,42,0
[CH2]c1ccc(CC(=O)O)cc1,1,1,1.0,1.0,1.0,1.0,1.0,1.0,1,0,10,0
O=C([N-][C@@H](c1ccccc1)[C@@H]([N-]C(=O)c1ccccc1P(c1ccccc1)c1ccccc1)c1ccccc1)c1ccccc1P(c1ccccc1)c1ccccc1,4,4,1.0,1.0,1.0,1.0,1.0,1.0,4,0,54,0
Cn1ccc(=Nc2ccccc2[N-]c2cccc3cccnc23)cc1,3,3,1.0,1.0,1.0,1.0,1.0,1.0,3,0,22,0
[S-]c1ccc2ccccc2c1,1,1,1.0,1.0,1.0,1.0,1.0,1.0,1,0,10,0
Cn1ccnc1CN1CCN(Cc2nccn2C)CCN(Cc2nccn2C)CC1,6,6,1.0,1.0,1.0,1.0,1.0,1.0,6,0,24,0
[CH]=C=NC(C)(C)C,1,1,1.0,1.0,1.0,1.0,1.0,1.0,1,0,6,0
Cc1ccc([N-]c2ccc(C)cc2[P+]([P-2])(C(C)C)C(C)C)c(P(C(C)C)C(C)C)c1,3,3,1.0,1.0,1.0,1.0,1.0,1.0,3,0,27,0
O=[N+]([O-])c1ccc([O-])c(/C=N/N=C(\[S-])SCc2ccccc2)c1,3,3,1.0,1.0,1.0,1.0,1.0,1.0,3,0,20,0
CCC1(CC)c2cc(-c3ccccn3)[c]cc2-c2ccc(N(c3ccccc3)c3ccccc3)cc21,2,2,1.0,1.0,1.0,1.0,1.0,1.0,2,0,34,0
O=NN([O-])Cc1ccccc1,2,2,1.0,1.0,1.0,1.0,1.0,1.0,2,0,9,0
Cc1ccnc(C(=O)[O-])c1,2,3,0.0,0.0,0.9375,1.0,0.875,0.9,2,1,7,0
COC(=O)c1cc(OP(C(C)C)C(C)C)[c]c(OP(C(C)C)C(C)C)c1,3,3,1.0,1.0,1.0,1.0,1.0,1.0,3,0,23,0
COC(=O)c1cc(OCC(C)C)c2cccc(NC(=O)c3cc(OCC(C)C)c4cccc(NC(=O)c5cc(C#Cc6c7ccccc7nc7ccccc67)c6cccc(NC(=O)c7cc(OCC(C)C)c8cccc(NC(=O)c9cc(OCC(C)C)c%10cccc(NC(=O)OC(C)(C)C)c%10n9)c8n7)c6n5)c4n3)c2n1,1,2,0.0,0.0,0.9954128440366973,1.0,0.9908256880733946,0.990909090909091,1,1,108,0
CC(C)([O-])C[P+](/C([O-])=N/c1ccccc1)(C(C)(C)C)C(C)(C)C,2,3,0.0,0.0,0.9761904761904762,1.0,0.9523809523809523,0.9565217391304348,2,1,20,0
O=C([O-])[C@H](Cc1c[nH]c2ccccc12)/N=C/c1c([O-])ccc2ccccc12,3,4,0.0,0.0,0.9791666666666667,1.0,0.9583333333333334,0.9629629629629629,3,1,23,0
Clc1ccc(-n2c(-c3ccccn3)nnc2-c2ccccn2)cc1,2,4,0.0,0.0,0.9545454545454546,1.0,0.9090909090909091,0.9166666666666666,2,2,20,0
CN(/C([S-])=N/N=C(\c1ccccc1)c1ccccn1)c1ccccc1,3,3,1.0,1.0,1.0,1.0,1.0,1.0,3,0,22,0
CN1CCN(C)CC(=O)[N-]CC[N-]C(=O)C1,4,4,1.0,1.0,1.0,1.0,1.0,1.0,4,0,12,0
c1ccc(-c2ccc(-c3ccncc3)cn2)nc1,2,3,0.0,0.0,0.96875,1.0,0.9375,0.9444444444444444,2,1,15,0
CN([C](~[S-2])~[N-3]~[C](~[O-2])c1ccccc1)c1ccccc1,2,2,1.0,1.0,1.0,1.0,1.0,1.0,2,0,17,0
CC(C)(C)c1cc(/N=C/c2ccccn2)c2c(c1)C(C)(C)c1cc(C(C)(C)C)cc(NCc3cccc(O)c3O)c1O2,4,4,1.0,1.0,1.0,1.0,1.0,1.0,4,0,38,0
CCn1nc(-c2ccccn2)cc1-c1ccccc1,2,2,1.0,1.0,1.0,1.0,1.0,1.0,2,0,17,0
O=C(C(/C=N/c1cccc2cccnc12)=C(/[O-])c1ccccc1)c1ccccc1,3,3,1.0,1.0,1.0,1.0,1.0,1.0,3,0,26,0
[CH2]C(CC)(CC)CC,1,1,1.0,1.0,1.0,1.0,1.0,1.0,1,0,7,0
[N-]=[N+]=NCn1cnnn1,1,1,1.0,1.0,1.0,1.0,1.0,1.0,1,0,8,0
O=C([O-])c1ccccc1/N=C/c1ccccc1P(c1ccccc1)c1ccccc1,3,4,0.0,0.0,0.9814814814814814,1.0,0.9629629629629629,0.9666666666666667,3,1,26,0
CC(=O)[C](~[N-3]~[N-2]c1ccc([N+](=O)[O-])cc1)/C(C)=N/CC/N=C(\C)c1ccccc1[O-],4,5,0.0,0.0,0.9807692307692308,1.0,0.9615384615384616,0.9666666666666667,4,1,25,0
C[C@@H](c1ccccc1)N1CC[C@@]2(CCCN2)C1,2,2,1.0,1.0,1.0,1.0,1.0,1.0,2,0,15,0
Cc1ccc(N/C([S-])=N/N=C(\c2ccccc2)c2ccccn2)cc1,3,3,1.0,1.0,1.0,1.0,1.0,1.0,3,0,22,0
FC(F)(F)C(OP(OC(C(F)(F)F)C(F)(F)F)OC(C(F)(F)F)C(F)(F)F)C(F)(F)F,1,1,1.0,1.0,1.0,1.0,1.0,1.0,1,0,30,0
CC/N=C/c1cccc(OCC)c1[O-],2,2,1.0,1.0,1.0,1.0,1.0,1.0,2,0,12,0
Clc1cc(Cl)nc(-n2cccn2)n1,2,3,0.0,0.0,0.9545454545454546,1.0,0.9090909090909091,0.9230769230769231,2,1,10,0
Cc1cc(C)c([O-])c(CN2CCN(Cc3cc(C)cc(C)c3[O-])CC2)c1,4,4,1.0,1.0,1.0,1.0,1.0,1.0,4,0,22,0
C(=N/CCN1CCCCC1)\c1ccccn1,3,3,1.0,1.0,1.0,1.0,1.0,1.0,3,0,13,0
[C]N,1,1,1.0,1.0,1.0,1.0,1.0,1.0,1,0,1,0
CO[C]c1cccs1,1,1,1.0,1.0,1.0,1.0,1.0,1.0,1,0,7,0
[CH](~[N-2]c1ccccc1)~[c]1ccc2ccccc2c1,4,1,0.0,0.0,0.625,0.25,1.0,0.8333333333333334,1,0,14,3
[C]#[N+]N=C(C)C,1,1,1.0,1.0,1.0,1.0,1.0,1.0,1,0,5,0
CCC(=C=O)/C(CC)=C(/OC)c1ccccc1,4,4,1.0,0.0,0.8365384615384616,0.75,0.9230769230769231,0.8823529411764706,3,1,12,1
CCCCC(=O)C(=O)c1ccccc1[O-],2,3,0.0,0.0,0.9615384615384616,1.0,0.9230769230769231,0.9333333333333333,2,1,12,0
CCC/C=[C]\[C]c1ccccc1[O-],3,3,1.0,1.0,1.0,1.0,1.0,1.0,3,0,10,0
CCCCC/C=[C]\[C]c1ccccc1[O-],3,3,1.0,1.0,1.0,1.0,1.0,1.0,3,0,12,0
CO[C]1~[CH]~[CH]~[C](c2ccccc2C=O)C[CH]~1,5,6,0.0,0.0,0.9545454545454546,1.0,0.9090909090909091,0.9375,5,1,10,0
COc1ccccc1[C@H](C)N(C)C,6,6,1.0,1.0,1.0,1.0,1.0,1.0,6,0,7,0
COc1c([C@H](C)N(C)C)cccc1[Si](C)(C)C,6,6,1.0,1.0,1.0,1.0,1.0,1.0,6,0,11,0
[O-]c1ccccc1/C=N/CCSCCSCCSCC/N=C/c1ccccc1[O-],4,7,0.0,0.0,0.94,1.0,0.88,0.896551724137931,4,3,22,0
[N-]=[O+][B-](c1c(F)c(F)c(F)c(F)c1F)(c1c(F)c(F)c(F)c(F)c1F)c1c(F)c(F)c(F)c(F)c1F,1,1,1.0,1.0,1.0,1.0,1.0,1.0,1,0,35,0
CC(C)c1ccccc1[S-],1,1,1.0,1.0,1.0,1.0,1.0,1.0,1,0,9,0
CC(C)(C)c1ccccc1[S-],1,1,1.0,1.0,1.0,1.0,1.0,1.0,1,0,10,0
O=C([C]C(=O)c1ccccc1)c1ccccc1,1,1,1.0,1.0,1.0,1.0,1.0,1.0,1,0,16,0
C/C([O-])=C/C(C)=[NH+]/CC/[NH+]=C(C)/C=C(/C)[O-],2,2,1.0,1.0,1.0,1.0,1.0,1.0,2,0,14,0
O=C1[N-]C(=O)C(F)(F)C1(F)F,1,3,0.0,0.0,0.9,1.0,0.8,0.8181818181818182,1,2,8,0
C(=N/c1ccccc1)\c1ccc(/C=N/c2ccccc2)[n-]1,2,3,0.0,0.0,0.9736842105263157,1.0,0.9473684210526315,0.9523809523809523,2,1,18,0
C=[C]C(=O)OCC,1,1,1.0,1.0,1.0,1.0,1.0,1.0,1,0,6,0
C[Si](C)(C)[CH]c1c2ccccc2cc2ccccc12,1,2,0.0,0.0,0.9722222222222222,1.0,0.9444444444444444,0.9473684210526315,1,1,17,0
CC(C)O[P-](~[S-2])(~[N-3]~[C](~[S-2])NC(C)(C)C)OC(C)C,2,2,1.0,1.0,1.0,1.0,1.0,1.0,2,0,16,0
[CH2]P(C)(C)=N[P+]([CH2])(C)C,2,3,0.0,0.0,0.9285714285714286,1.0,0.8571428571428571,0.8888888888888888,2,1,6,0
CN(C)CCc1ccccn1,2,2,1.0,1.0,1.0,1.0,1.0,1.0,2,0,9,0
N#Cc1ccc(/N=C/c2ccccn2)cc1,2,2,1.0,1.0,1.0,1.0,1.0,1.0,2,0,14,0
C/C([N-]c1c(C(C)C)cccc1C(C)C)=C1\CCCC(/C(C)=N/c2c(C(C)C)cccc2C(C)C)=N1,3,3,1.0,1.0,1.0,1.0,1.0,1.0,3,0,33,0
O=P(CO)(c1ccccc1)c1ccccc1,1,2,0.0,0.0,0.9666666666666667,1.0,0.9333333333333333,0.9375,1,1,14,0
CC1(C)C=CC=C[C@@H]1[C@H]1C=CC=CC1(C)C,6,8,0.0,0.0,0.9,1.0,0.8,0.875,6,2,8,0
[S-]c1ccc(Cl)cn1,2,2,1.0,1.0,1.0,1.0,1.0,1.0,2,0,6,0
O=C(NCc1ccccc1)c1ccc([N+](=O)[O-])cc1,6,3,0.0,0.0,0.75,0.5,1.0,0.8421052631578947,3,0,13,3
O=C([O-])c1nccnc1C(=O)O,2,3,0.0,0.0,0.95,1.0,0.9,0.9166666666666666,2,1,9,0
O=c1[n-]c(-c2ccccn2)nnc1-c1ccccc1,2,3,0.0,0.0,0.9705882352941176,1.0,0.9411764705882353,0.9473684210526315,2,1,16,0
COc1ccnc(CN2CCC[C@H]2[C@@H]2CCCN2Cc2cc(OC)ccn2)c1,4,4,1.0,1.0,1.0,1.0,1.0,1.0,4,0,24,0
CC1(C)[C@@H]2CC[C@@]1(C)[C@](C)(Oc1ccc([Si](C)(C)C)cc1)C2,6,6,1.0,1.0,1.0,1.0,1.0,1.0,6,0,16,0
CC(C)(C)P(Cc1cccc([C@@H](C(=[N-])c2ccccc2)P(C(C)(C)C)C(C)(C)C)n1)C(C)(C)C,4,4,1.0,1.0,1.0,1.0,1.0,1.0,4,0,30,0
C/N=C(\c1ccc(C(F)(F)F)cc1)[C@H](c1cccc(CP(C(C)(C)C)C(C)(C)C)n1)P(C(C)(C)C)C(C)(C)C,4,4,1.0,1.0,1.0,1.0,1.0,1.0,4,0,35,0
Brc1cc[c]c(-c2ccccn2)c1,2,2,1.0,1.0,1.0,1.0,1.0,1.0,2,0,11,0
CC(=N\O)/C(C)=N/[C@@H](C)CNCCNC[C@H](C)/N=C(C)/C(C)=N/O,6,6,1.0,1.0,1.0,1.0,1.0,1.0,6,0,18,0
c1cc2nc(c1)CCCc1ccc(cc1)OCCCCCCCCCCOc1ccc(cc1)CCC2,1,1,1.0,1.0,1.0,1.0,1.0,1.0,1,0,35,0
[C](NC[C]1~[CH]~[CH]~[CH]~[CH]~[CH]~1)NC[C]1~[CH]~[CH]~[CH]~[CH]~[CH]~1,1,1,1.0,1.0,1.0,1.0,1.0,1.0,1,0,16,0
CC1(C)[C@H]2CC[C@]1(C)/C(=N/Cc1ccccc1)C2,1,1,1.0,1.0,1.0,1.0,1.0,1.0,1,0,17,0
Cc1ccnc(-c2cc(CCc3ccc(N)cc3)ccn2)c1,2,3,0.0,0.0,0.975,1.0,0.95,0.9545454545454546,2,1,19,0
O=C(O)CNCC(=O)O,3,3,1.0,0.0,0.75,0.6666666666666666,0.8333333333333334,0.7777777777777778,2,1,5,1
COCCOCCOCCOc1cc(C#Cc2ccc(C#Cc3ccncc3)cc2)cc(OCCOCCOCCOC)c1OCCOCCOCCOC,1,8,0.0,0.0,0.9351851851851851,1.0,0.8703703703703703,0.8727272727272727,1,7,47,0
CC(C)(C)c1cc(C(C)(C)C)c([P+](=S)O[Si](C)(C)C)c(C(C)(C)C)c1,2,2,1.0,1.0,1.0,1.0,1.0,1.0,2,0,23,0
COc1cccc2c1[C@@H]1C(=N\c3c(C(C)C)cccc3C(C)C)/C(=N/c3c(C(C)C)cccc3C(C)C)[C@H]2c2c(OC)cccc21,2,2,1.0,1.0,1.0,1.0,1.0,1.0,2,0,44,0
CCO[C]/C=C(\C1=CCCC1)N(C)C,1,1,1.0,1.0,1.0,1.0,1.0,1.0,1,0,13,0
CCOC1=C2CCCC2=C(P(C2CCCCC2)C2CCCCC2)C1,1,1,1.0,1.0,1.0,1.0,1.0,1.0,1,0,23,0
[CH](~[N-2]c1ccccc1)~[C](~[CH]~[N-2]c1ccccc1)c1ccccc1,2,2,1.0,1.0,1.0,1.0,1.0,1.0,2,0,21,0
c1ccc(CN(CCN(Cc2nccc3ccccc23)Cc2nccc3ccccc23)Cc2ccccn2)nc1,6,6,1.0,1.0,1.0,1.0,1.0,1.0,6,0,34,0
c1cnc2c(c1)ccn2CCCn1ccc2cccnc21,2,2,1.0,1.0,1.0,1.0,1.0,1.0,2,0,19,0
c1cnc2c(c1)ccn2CCCCn1ccc2cccnc21,2,2,1.0,1.0,1.0,1.0,1.0,1.0,2,0,20,0
CC(/C=C(\[O-])c1cccc(Br)c1)=N\c1ccccc1,2,2,1.0,1.0,1.0,1.0,1.0,1.0,2,0,17,0
CCC(CC)(CC)c1cc(C)cc(-c2cccc(-c3cc(C)cc(C(CC)(CC)CC)c3[O-])n2)c1[O-],3,3,1.0,1.0,1.0,1.0,1.0,1.0,3,0,33,0
CC(C)(C)c1cc(-c2cccc(-c3cc(C(C)(C)C)cc(C(C)(C)C)c3[O-])n2)c([O-])c(C(C)(C)C)c1,3,3,1.0,1.0,1.0,1.0,1.0,1.0,3,0,33,0
CC(/C=C(\[O-])c1ccc(Br)cc1)=N\c1ccccc1,2,2,1.0,1.0,1.0,1.0,1.0,1.0,2,0,17,0
[O-]c1ccccc1N(CCn1cccn1)CCn1cccn1,4,4,1.0,1.0,1.0,1.0,1.0,1.0,4,0,18,0
COC(=O)C1=C(C(=O)OC)C2c3cccc(P(c4ccccc4)c4ccccc4)c3[C]1c1c2cccc1P(c1ccccc1)c1ccccc1,3,3,1.0,1.0,1.0,1.0,1.0,1.0,3,0,47,0
[c]1c(-c2ccccc2OP(c2ccccc2)c2ccccc2)cccc1-c1ccccc1OP(c1ccccc1)c1ccccc1,3,3,1.0,1.0,1.0,1.0,1.0,1.0,3,0,43,0
CC(C)P(Oc1ccccc1-c1[c]c(-c2ccccc2OP(C(C)C)C(C)C)ccc1)C(C)C,3,3,1.0,1.0,1.0,1.0,1.0,1.0,3,0,31,0
[CH]c1cc2ccccc2n1CC=C,1,1,1.0,1.0,1.0,1.0,1.0,1.0,1,0,12,0
CC(C)(C)[C]~[O-][B-](F)(F)[O-]~[C]C(C)(C)C,2,2,1.0,1.0,1.0,1.0,1.0,1.0,2,0,13,0
C=C/C=C/[C@H]1CC(C(=O)OC)(C(=O)OC)[C@H](C(=O)OCC)O1,4,5,0.0,0.0,0.9722222222222222,1.0,0.9444444444444444,0.9545454545454546,4,1,17,0
COC(=O)/C([C]N(C)c1ccc(C)cc1)=[C]\c1ccccc1,2,2,1.0,1.0,1.0,1.0,1.0,1.0,2,0,20,0
C[C](~[N-2]c1ccc(C)cc1)~[N-2]c1ccc(C)cc1,2,2,1.0,1.0,1.0,1.0,1.0,1.0,2,0,16,0
CCN(CC)c1ccc(/C=N/c2cccc(NS(=O)(=O)c3ccccc3)c2)c([O-])c1,2,2,1.0,1.0,1.0,1.0,1.0,1.0,2,0,28,0
COC(=O)c1ccc(/C(=C2\C=CC(C3=N/C(=C(/c4ccc(C(=O)OC)cc4)c4ccc[n-]4)C=C3)=N2)c2ccc[n-]2)cc1,4,4,1.0,1.0,1.0,1.0,1.0,1.0,4,0,38,0
[C](=C/c1ccccn1)\c1ccc([Si](c2ccccc2)(c2ccccc2)c2ccccc2)cc1,2,2,1.0,1.0,1.0,1.0,1.0,1.0,2,0,31,0
c1ccc(P([C](c2cc[nH+]cc2)P(c2ccccc2)c2ccccc2)c2ccccc2)cc1,2,2,1.0,1.0,1.0,1.0,1.0,1.0,2,0,31,0
CC(C)n1ncn(Cc2cccc(Cn3cnn(C(C)C)c3=S)n2)c1=S,3,5,0.0,0.0,0.9565217391304348,1.0,0.9130434782608695,0.9230769230769231,3,2,21,0
Cn1ccc(-c2cc([N+](=O)[O-])ccc2[O-])n1,2,2,1.0,1.0,1.0,1.0,1.0,1.0,2,0,14,0
CC(C)(C)c1cc2c([S-])c(c1)Sc1cc(C(C)(C)C)cc(c1S)Sc1cc(C(C)(C)C)cc(c1S)Sc1cc(C(C)(C)C)cc(c1[S-])S2,3,6,0.0,0.0,0.9666666666666667,1.0,0.9333333333333333,0.9375,3,3,42,0
[O-]c1ccccc1-c1cc(-c2ccccc2)[nH]n1,2,2,1.0,1.0,1.0,1.0,1.0,1.0,2,0,16,0
C[C](~[O-2])~[C]1CCc2ccccc2[C]~1~[O-2],2,2,1.0,1.0,1.0,1.0,1.0,1.0,2,0,12,0
C[C]1~[C](C)~[C](C)C(C)(C)[C](C)~[C]~1C,5,5,1.0,1.0,1.0,1.0,1.0,1.0,5,0,8,0
O=C(O)c1ccc([B-](n2cccn2)(n2cccn2)n2cccn2)cc1,3,3,1.0,1.0,1.0,1.0,1.0,1.0,3,0,22,0
[N-2]C1CCCCC1,1,1,1.0,1.0,1.0,1.0,1.0,1.0,1,0,6,0
CCOCn1c(-c2cccc(C[N-]c3c(C(C)C)cccc3C(C)C)n2)nc2ccccc21,3,3,1.0,1.0,1.0,1.0,1.0,1.0,3,0,30,0
CO[C]1~[CH]C(c2ccccc2)[CH]~[CH]~[C]~1C(=O)c1cccs1,5,5,1.0,1.0,1.0,1.0,1.0,1.0,5,0,16,0
[O-]c1ccccc1-c1nnc(-c2ccccc2)s1,2,2,1.0,1.0,1.0,1.0,1.0,1.0,2,0,16,0
N[C](~[S-2])~[N-3]~[C](N)~[S-2],2,2,1.0,1.0,1.0,1.0,1.0,1.0,2,0,5,0
[O-]c1ccccc1-c1nnc(-c2ccc(C(F)(F)F)cc2)s1,2,2,1.0,1.0,1.0,1.0,1.0,1.0,2,0,20,0
C/C([O-])=C/C(C)=N/C1CCCCC1,2,2,1.0,1.0,1.0,1.0,1.0,1.0,2,0,11,0
[O-]c1ccc(Cl)cc1/N=N/c1[c]cccc1,3,3,1.0,1.0,1.0,1.0,1.0,1.0,3,0,13,0
COC(=O)/C=C/C=C/[C@H](C)O,4,4,1.0,1.0,1.0,1.0,1.0,1.0,4,0,7,0
COC(=O)/C=C/C=C/[C@@H](C)OC,4,4,1.0,1.0,1.0,1.0,1.0,1.0,4,0,8,0
CCC1(CC)c2ccc([nH]2)C(C)(C)c2ccc([nH]2)C(CC)(CC)c2ccc([nH]2)C(C)(c2ccc(/N=C/c3cc(Cl)ccc3[O-])cc2)c2ccc1[nH]2,2,2,1.0,1.0,1.0,1.0,1.0,1.0,2,0,49,0
c1ccc(-c2cccc(-c3ccccc3-c3ccccc3-c3cccc(-c4ccccn4)n3)n2)nc1,4,4,1.0,1.0,1.0,1.0,1.0,1.0,4,0,32,0
C#CCNC1=N\O[B@-]2(F)O/N=C(c3ccccc3)/C(c3ccccc3)=N/O[B@-](F)(O/N=C/1)O/N=C(c1ccccc1)/C(c1ccccc1)=N/O2,6,6,1.0,1.0,1.0,1.0,1.0,1.0,6,0,44,0
C/C(=N\C(C)C)c1cccc(/C(C)=N/C(C)C)n1,3,3,1.0,1.0,1.0,1.0,1.0,1.0,3,0,15,0
CC(C)C1=N[C@@H]2[C@H](O1)O[C@H]1CO[C@H](c3ccccc3)O[C@@H]1[C@H]2OP(c1ccccc1)c1ccccc1,2,7,0.0,0.0,0.9264705882352942,1.0,0.8529411764705882,0.8611111111111112,2,5,29,0
C[C](~[N-2]c1ccc(N(C)C)cc1)~[N-2]c1ccc(N(C)C)cc1,2,2,1.0,1.0,1.0,1.0,1.0,1.0,2,0,20,0
CC(/C=C(\[O-])c1ccccc1)=N\N=C(/[O-])C(C)C,3,3,1.0,1.0,1.0,1.0,1.0,1.0,3,0,15,0
c1ccc(-c2nc(NP(c3ccccc3)c3ccccc3)nc(NP(c3ccccc3)c3ccccc3)n2)cc1,3,3,1.0,1.0,1.0,1.0,1.0,1.0,3,0,37,0
CCOC(=O)C(N)(Cc1cn(Cc2ccccc2)nn1)Cc1cn(Cc2ccccc2)nn1,3,3,1.0,1.0,1.0,1.0,1.0,1.0,3,0,30,0
CC(C/N=C/c1c[nH]cn1)(C/N=C/c1c[nH]cn1)C/N=C/c1c[nH]cn1,6,6,1.0,1.0,1.0,1.0,1.0,1.0,6,0,20,0
O=c1[nH]cccc1Br,1,1,1.0,1.0,1.0,1.0,1.0,1.0,1,0,7,0
COc1cccc(/C=N/Cc2ccccn2)c1[O-],3,3,1.0,1.0,1.0,1.0,1.0,1.0,3,0,15,0
C#Cc1ccc(/N=C/c2cc(C(C)(C)C)cc(C(C)(C)C)c2[O-])c(/N=C/c2cc(C(C)(C)C)cc(C(C)(C)C)c2[O-])c1,4,4,1.0,1.0,1.0,1.0,1.0,1.0,4,0,38,0
Fc1ccccc1/N=C/c1ccccn1,2,2,1.0,1.0,1.0,1.0,1.0,1.0,2,0,13,0
N/C(=N\N=C(/[O-])c1cc(Cl)ccc1O)c1ccccn1,3,3,1.0,1.0,1.0,1.0,1.0,1.0,3,0,17,0
Cc1c[c]c(-c2ncccn2)cc1,2,3,0.0,0.0,0.9545454545454546,1.0,0.9090909090909091,0.9230769230769231,2,1,10,0
CCOc1cccc(/C=N/CC[NH2+]C(C)C)c1[O-],2,2,1.0,1.0,1.0,1.0,1.0,1.0,2,0,16,0
CCOc1cccc(/C=N/CC[NH2+]C)c1[O-],2,2,1.0,1.0,1.0,1.0,1.0,1.0,2,0,14,0
C[Si]1(C)C(c2ccccc2)=CC=C1c1ccccc1,4,4,1.0,1.0,1.0,1.0,1.0,1.0,4,0,15,0
FC(F)(F)/C(C/C(=N\N=C(\[S-])SCc1ccccc1)c1cccs1)=N\N=C(/[S-])SCc1ccccc1,4,4,1.0,0.0,0.859375,0.75,0.96875,0.9444444444444444,3,1,31,1
CP(C)(=O)c1ccccc1,1,1,1.0,1.0,1.0,1.0,1.0,1.0,1,0,9,0
CC[C@H]1CCN[C@@H]2CCCC[C@H]2N[C@H](CC)CCN[C@H]2CCCC[C@@H]2N1,4,4,1.0,1.0,1.0,1.0,1.0,1.0,4,0,22,0
COc1cccc(/C(C)=N/c2c(C(C)C)cccc2C(C)C)n1,2,2,1.0,1.0,1.0,1.0,1.0,1.0,2,0,21,0
C/C(=N\C1CC1)c1ccccn1,2,2,1.0,1.0,1.0,1.0,1.0,1.0,2,0,10,0
CCc1cccnc1,1,1,1.0,1.0,1.0,1.0,1.0,1.0,1,0,7,0
CC(C)N(C(C)C)P(CCP(c1ccccc1)c1ccccc1)CCP(c1ccccc1)c1ccccc1,3,3,1.0,1.0,1.0,1.0,1.0,1.0,3,0,35,0
CC(C)(C)n1[c]nnn1,1,1,1.0,1.0,1.0,1.0,1.0,1.0,1,0,8,0
O=C([N-]c1cccc[n+]1[O-])c1[c]cccc1,3,3,1.0,1.0,1.0,1.0,1.0,1.0,3,0,13,0
O=C(Nc1cccc[n+]1[O-])c1ccccc1,1,1,1.0,1.0,1.0,1.0,1.0,1.0,1,0,15,0
O=S=NP(c1ccccc1)c1ccccc1,1,2,0.0,0.0,0.9666666666666667,1.0,0.9333333333333333,0.9375,1,1,14,0
O=C([O-])C(=O)Nc1ccc(O)cc1,2,3,0.0,0.0,0.9545454545454546,1.0,0.9090909090909091,0.9230769230769231,2,1,10,0
Cn1c(=O)[nH]c(=O)c2n[n-]nc21,1,1,1.0,1.0,1.0,1.0,1.0,1.0,1,0,11,0
CC(C)(C)/N=[P+](\[S-])N(C(C)(C)C)[Si](C)(C)C,2,3,0.0,0.0,0.9642857142857143,1.0,0.9285714285714286,0.9375,2,1,13,0
CCOC(=O)/C(=N\O)c1csc(N)n1,2,2,1.0,1.0,1.0,1.0,1.0,1.0,2,0,12,0
COc1cccc(/C=N/OCCO/N=C/c2ccc(/C=N/[C@@H]3CCCC[C@H]3/N=C/c3ccc(/C=N/OCCO/N=C/c4cccc(OC)c4O)c(O)c3[O-])c([O-])c2O)c1O,4,6,0.0,0.0,0.9821428571428572,1.0,0.9642857142857143,0.9666666666666667,4,2,54,0
c1ccc(-c2ccc(-n3cc(-c4ccccn4)nn3)cc2)cc1,2,2,1.0,1.0,1.0,1.0,1.0,1.0,2,0,21,0
CO[C]C1=CC(OC)(OC)C=CC1(OC)OC,2,3,0.0,0.0,0.6833333333333333,0.5,0.8666666666666667,0.8235294117647058,1,2,13,1
C[C@@H](SCc1cccc(CS[C@H](C)C(=O)[O-])n1)C(=O)[O-],5,7,0.0,0.0,0.9333333333333333,1.0,0.8666666666666667,0.9,5,2,13,0
CP(C)CCCP(CCCP(C)C)C(C)(C)C,3,3,1.0,1.0,1.0,1.0,1.0,1.0,3,0,14,0
Cc1c[c]c(-c2ccccn2)s1,2,2,1.0,1.0,1.0,1.0,1.0,1.0,2,0,10,0
CC1(C(Cl)(Cl)Cl)C=CC(=O)C=C1,4,4,1.0,1.0,1.0,1.0,1.0,1.0,4,0,8,0
COc1ccccc1/C=C/c1ccnc(-c2cc(/C=C/c3ccccc3OC)ccn2)c1,2,6,0.0,0.0,0.9333333333333333,1.0,0.8666666666666667,0.875,2,4,26,0
Cc1cc(C)cc(N(C)C)c1,6,6,1.0,1.0,1.0,1.0,1.0,1.0,6,0,5,0
c1nc(-n2cnnc2)n[n-]1,1,3,0.0,0.0,0.8888888888888888,1.0,0.7777777777777778,0.8,1,2,7,0
O=C(NC1=NCCCS1)c1ccccc1,2,2,1.0,1.0,1.0,1.0,1.0,1.0,2,0,13,0
COC(=O)/C(=C/[N-]/C(C#N)=C(/C#N)[N-]/C=C(\C(C)=O)C(=O)OC)C(C)=O,4,6,0.0,0.0,0.9545454545454546,1.0,0.9090909090909091,0.9230769230769231,4,2,20,0
CCOC(=O)/C(=C/[N-]/C(C#N)=C(/C#N)[N-]/C=C(\C(C)=O)C(=O)OCC)C(C)=O,4,6,0.0,0.0,0.9583333333333333,1.0,0.9166666666666666,0.9285714285714286,4,2,22,0
Brc1ccc(-c2nnc(-c3ccccn3)n2-c2ccccc2)cc1,2,2,1.0,1.0,1.0,1.0,1.0,1.0,2,0,22,0
O=C([O-])c1c(O)c(Cl)cc(Cl)c1Cl,1,2,0.0,0.0,0.9583333333333333,1.0,0.9166666666666666,0.9230769230769231,1,1,11,0
CCCCn1ncn(Cc2cccc(Cn3cnn(CCCC)c3=S)n2)c1=S,3,5,0.0,0.0,0.96,1.0,0.92,0.9285714285714286,3,2,23,0
C/C(=C\c1ccncn1)c1cccnc1,1,3,0.0,0.0,0.9285714285714286,1.0,0.8571428571428571,0.8666666666666667,1,2,12,0
[S-2]~[C](~[S-2])N(CCc1ccccc1)Cc1ccco1,2,2,1.0,1.0,1.0,1.0,1.0,1.0,2,0,16,0
Fc1c(F)c(F)c(-c2c3nc(c4[n-]c(c(I)c4I)c(-c4c(F)c(F)c(F)c(F)c4F)c4ccc([n-]4)c(-c4c(F)c(F)c(F)c(F)c4F)c4ccc2[n-]4)C(I)=C3I)c(F)c1F,4,4,1.0,1.0,1.0,1.0,1.0,1.0,4,0,56,0
CCC/C(=N\CC/N=C(\CCC)c1ccccc1[O-])c1ccccc1[O-],4,4,1.0,1.0,1.0,1.0,1.0,1.0,4,0,22,0
CC(C)[C@H]1COC(C(C)(C)OP(c2ccccc2)c2ccccc2)=N1,2,2,1.0,1.0,1.0,1.0,1.0,1.0,2,0,23,0
CC(C)(OP(c1ccccc1)c1ccccc1)C1=N[C@@H](C(C)(C)C)CO1,2,2,1.0,1.0,1.0,1.0,1.0,1.0,2,0,24,0
CN(Cc1ccncc1)C(=S)[S-],1,3,0.0,0.0,0.9090909090909092,1.0,0.8181818181818182,0.8333333333333334,1,2,9,0
[C]1=[N+](c2ccccn2)CCC1,2,2,1.0,1.0,1.0,1.0,1.0,1.0,2,0,9,0
CN(C)c1ccc(/C([O-])=N/N=C/c2ccccn2)cc1,3,3,1.0,1.0,1.0,1.0,1.0,1.0,3,0,17,0
CO[C](~[O-2])~[CH]~[C](~[O-2])C(F)(F)Cl,2,2,1.0,1.0,1.0,1.0,1.0,1.0,2,0,9,0
CC1(C)O[C@H]2CSCCCSC[C@@H]2O1,2,2,1.0,1.0,1.0,1.0,1.0,1.0,2,0,12,0
[CH](c1ccccc1)[P+]([CH]c1ccccc1)(Cc1ccccc1)c1ccccc1,2,2,1.0,1.0,1.0,1.0,1.0,1.0,2,0,26,0
Cc1ccc(/C([S-])=C(/[S-])c2ccc(C)cc2)cc1,2,2,1.0,1.0,1.0,1.0,1.0,1.0,2,0,16,0
[C]#CC(c1ccccc1)(c1ccccc1)n1cccn1,1,2,0.0,0.0,0.9736842105263157,1.0,0.9473684210526315,0.95,1,1,18,0
Cc1ccnc([N-]C(C)(C)C)c1,2,2,1.0,1.0,1.0,1.0,1.0,1.0,2,0,10,0
Cc1ccnc(NC(C)(C)C)c1,1,1,1.0,1.0,1.0,1.0,1.0,1.0,1,0,11,0
Cc1ccc(C([N-]c2ccccc2)(c2ccc(C)cc2)C(C)(C)[O-])cc1,2,2,1.0,1.0,1.0,1.0,1.0,1.0,2,0,24,0
CC[C]1~[CH]~[CH]~[CH]C(c2ccccc2)[CH]~[CH]~1,6,6,1.0,1.0,1.0,1.0,1.0,1.0,6,0,9,0
[C](~[NH-][NH-]~[C]~[NH-]C1CCCCC1)~[NH-]C1CCCCC1,2,2,1.0,1.0,1.0,1.0,1.0,1.0,2,0,16,0
CC(C)(C)N=[S+](C)(~[N-2]C(C)(C)C)~[N-2]C(C)(C)C,2,2,1.0,1.0,1.0,1.0,1.0,1.0,2,0,15,0
c1ccc(-c2cc(N3CCCC3)cc(-c3ccccn3)n2)nc1,3,3,1.0,1.0,1.0,1.0,1.0,1.0,3,0,20,0
Nc1ccccc1[N-]c1ccccc1/N=N/c1ccccn1,3,4,0.0,0.0,0.9736842105263157,1.0,0.9473684210526315,0.9545454545454546,3,1,18,0
C[C@]1(N)CNCCNC[C@@]2(C)CN(CCNC1)[C@@H](c1ccc3ccccc3c1)N2,5,5,1.0,1.0,1.0,1.0,1.0,1.0,5,0,24,0
CCCN(Cc1c2ccccc2cc2ccccc12)P(c1ccccc1)c1ccccc1,1,1,1.0,1.0,1.0,1.0,1.0,1.0,1,0,31,0
CC1(C)N([O-])C(C2=[N+]([O-])C(C)(C)C(C)(C)N2[O-])=[N+]([O-])C1(C)C,2,2,1.0,1.0,1.0,1.0,1.0,1.0,2,0,20,0
O=C([O-])/C=C\C(=O)Nc1ccccc1Cl,1,2,0.0,0.0,0.9642857142857143,1.0,0.9285714285714286,0.9333333333333333,1,1,13,0
COc1ccccc1-c1cc(-c2ccccn2)nc(-c2ccccn2)c1,3,3,1.0,1.0,1.0,1.0,1.0,1.0,3,0,23,0
[c]1ccc(-c2ccccc2)cc1,1,1,1.0,1.0,1.0,1.0,1.0,1.0,1,0,11,0
CCCCCCCCCCCC[Si]12c3ccccc3P(c3ccccc31)c1ccccc12,1,1,1.0,1.0,1.0,1.0,1.0,1.0,1,0,31,0
CC(C)(C)c1ccc2c(c1)C(c1[c]c(-c3[c]c(Oc4ccccn4)ccc3)ccc1)(c1ccccn1)c1cc(C(C)(C)C)ccc1-2,4,4,1.0,1.0,1.0,1.0,1.0,1.0,4,0,42,0
[c]1c(Oc2ccccn2)cccc1-c1[c]c(C2(c3ccccn3)c3ccccc3-c3ccccc32)ccc1,4,4,1.0,1.0,1.0,1.0,1.0,1.0,4,0,34,0
c1cc2ccc3ccc(-c4ccncc4)c4ccc(c1)c2c34,1,1,1.0,1.0,1.0,1.0,1.0,1.0,1,0,21,0
O=c1oc2ccccc2cc1-c1cccnc1,1,1,1.0,1.0,1.0,1.0,1.0,1.0,1,0,16,0
O=C(Oc1ccncc1)c1cc2ccccc2oc1=O,1,1,1.0,1.0,1.0,1.0,1.0,1.0,1,0,19,0
CC(C)(C)NC(=O)c1cccc([S-])c1[S-],2,2,1.0,1.0,1.0,1.0,1.0,1.0,2,0,13,0
Cc1cc(/C=N/c2c(C(C)C)cccc2C(C)C)c([O-])c(/C=[NH+]/c2c(C(C)C)cccc2C(C)C)c1,2,2,1.0,1.0,1.0,1.0,1.0,1.0,2,0,34,0
CC(C)NC(=[N+]c1ccc(I)cc1)NC(C)C,1,1,1.0,1.0,1.0,1.0,1.0,1.0,1,0,16,0
CC(C)(C)[C@H]1COC(/C=C2\[N-][C@@H](C(C)(C)C)CO2)=N1,2,2,1.0,1.0,1.0,1.0,1.0,1.0,2,0,17,0
c1cc2nc(c1)CNCCCSCCCNC2,4,4,1.0,1.0,1.0,1.0,1.0,1.0,4,0,13,0
CC(C)SCc1[c]c(CSC(C)C)ccc1,3,3,1.0,1.0,1.0,1.0,1.0,1.0,3,0,13,0
Cc1ccc([N-2]~[C](~[N-2]c2ccc(C)cc2)c2ccccc2)cc1,2,2,1.0,1.0,1.0,1.0,1.0,1.0,2,0,21,0
O=C(O)c1ccc2ccc(-n3cccn3)nc2n1,2,3,0.0,0.0,0.96875,1.0,0.9375,0.9444444444444444,2,1,15,0
NC(=[NH2+])NCc1ccc(-c2ccc(CNC(N)=[NH2+])cn2)nc1,2,2,1.0,1.0,1.0,1.0,1.0,1.0,2,0,20,0
N#CC(P(=Nc1ccccc1)(c1ccccc1)c1ccccc1)=P([N-]c1ccccc1)(c1ccccc1)c1ccccc1,2,2,1.0,1.0,1.0,1.0,1.0,1.0,2,0,41,0
c1ccc(Cn2cc(P(c3ccccc3)c3ccccc3)nn2)cc1,1,1,1.0,1.0,1.0,1.0,1.0,1.0,1,0,24,0
Cn1n[n+](Cc2ccccc2)cc1P(c1ccccc1)c1ccccc1,1,1,1.0,1.0,1.0,1.0,1.0,1.0,1,0,25,0
N#CC(/N=C/c1ccc(O)cc1[O-])=C(C#N)/N=C/c1ccc(O)cc1[O-],4,4,1.0,1.0,1.0,1.0,1.0,1.0,4,0,22,0
[S-]c1ccccc1/C=N/c1ccccc1[S-],3,3,1.0,1.0,1.0,1.0,1.0,1.0,3,0,13,0
Cc1cccc(C)c1[N-]C(=O)C(=O)[O-],2,3,0.0,0.0,0.9583333333333333,1.0,0.9166666666666666,0.9285714285714286,2,1,11,0
NCc1ccccc1P(=O)(c1ccccc1)c1ccccc1,1,2,0.0,0.0,0.9761904761904762,1.0,0.9523809523809523,0.9545454545454546,1,1,20,0
CC(C)(C)c1cc(/C=N/CCC(=O)Nc2ccccc2)c([O-])c(C(C)(C)C)c1,2,2,1.0,1.0,1.0,1.0,1.0,1.0,2,0,26,0
CCCCCCCCCCCCCCCCOc1cc(-c2nc3ccccc3n2CCCCCCCCCCCCCCCC)nc(-c2nc3ccccc3n2CCCCCCCCCCCCCCCC)c1,3,3,1.0,1.0,1.0,1.0,1.0,1.0,3,0,70,0
CCc1cccc(CC)c1/N=C(\C)c1ccc2c(n1)/C(=N/c1c(CC)cccc1CC)C(C)(C)CC2,3,3,1.0,1.0,1.0,1.0,1.0,1.0,3,0,33,0
C/C(=N\c1c(C(C)C)cccc1C(C)C)c1ccc2c(n1)/C(=N/c1c(C(C)C)cccc1C(C)C)C(C)(C)CC2,3,3,1.0,1.0,1.0,1.0,1.0,1.0,3,0,37,0
C/C(=N\CCCNCC/N=C(\C)C(C)(C)S[S-])C(C)(C)[S-],6,6,1.0,1.0,1.0,1.0,1.0,1.0,6,0,15,0
C/C(=N\CCCNCC/N=C(\C)C(C)(C)[S-])C(C)(C)[S-],5,5,1.0,1.0,1.0,1.0,1.0,1.0,5,0,15,0
CC(C)C[C@@H](C(=O)[O-])N(Cc1ccccn1)Cc1cc([N+](=O)[O-])ccc1[O-],4,5,0.0,0.0,0.9782608695652174,1.0,0.9565217391304348,0.9629629629629629,4,1,22,0
N/N=C(\[O-])c1ccccc1,2,2,1.0,1.0,1.0,1.0,1.0,1.0,2,0,8,0
Cc1ccccc1C(C)(C)O,6,7,0.0,0.0,0.9,1.0,0.8,0.9090909090909091,6,1,4,0
Nc1ccc[nH+]c1-c1[nH+]cccc1N,2,2,1.0,1.0,1.0,1.0,1.0,1.0,2,0,12,0
CC(C)=N/N=C(\[S-])N1CCCCCC1,2,2,1.0,1.0,1.0,1.0,1.0,1.0,2,0,12,0
Cc1ccccc1N,1,1,1.0,1.0,1.0,1.0,1.0,1.0,1,0,7,0
O=C([O-])C(O)(c1ccccn1)c1ccccn1,3,4,0.0,0.0,0.9642857142857143,1.0,0.9285714285714286,0.9411764705882353,3,1,13,0
Cc1cc(C)c(B(c2ccc(-c3[c]ccc(F)c3F)nc2)c2c(C)cc(C)cc2C)c(C)c1,2,2,1.0,1.0,1.0,1.0,1.0,1.0,2,0,31,0
Cc1cc(C)c(B(c2ccc(-c3[c]c4ccccc4s3)nc2)c2c(C)cc(C)cc2C)c(C)c1,2,2,1.0,1.0,1.0,1.0,1.0,1.0,2,0,32,0
OCc1c[c]c(-c2cnccn2)cc1,2,2,1.0,1.0,1.0,1.0,1.0,1.0,2,0,12,0
Nc1ncc(Br)cn1,1,2,0.0,0.0,0.9285714285714286,1.0,0.8571428571428571,0.875,1,1,6,0
NC(=O)N/N=C/c1coc2ccccc2c1=O,3,3,1.0,1.0,1.0,1.0,1.0,1.0,3,0,14,0
C[C@@H]1CC(C)(C)N[C@@H](CN)CN[C@@H](C)C[C@](C)(CO)N[C@@H](C[NH3+])CN1,6,6,1.0,1.0,1.0,1.0,1.0,1.0,6,0,19,0
CCCC[C@@H](CC)CN(C[C@H](CC)CCCC)[C](~[S-2])~[S-2],2,2,1.0,1.0,1.0,1.0,1.0,1.0,2,0,18,0
c1n[nH]cc1[C@]12C[C@H]3C[C@H](C[C@H](C3)C1)C2,1,1,1.0,1.0,1.0,1.0,1.0,1.0,1,0,14,0
CC(C)[Si](c1ccc(CN2CCC[C@H]2[C@@H]2CCCN2Cc2nc3ccccc3n2C)nc1)(C(C)C)C(C)C,4,4,1.0,1.0,1.0,1.0,1.0,1.0,4,0,34,0
O=C(c1[c]cc(F)cc1)c1ccccc1F,2,2,1.0,1.0,1.0,1.0,1.0,1.0,2,0,14,0
COC(=O)C1=CC(C)(C)N=N1,1,3,0.0,0.0,0.9,1.0,0.8,0.8181818181818182,1,2,8,0
COc1cc([Si](C)(C)C)c(O[Si](C)(C)C(C)(C)C)c2ccccc12,6,10,0.0,0.0,0.8888888888888888,1.0,0.7777777777777778,0.8333333333333334,6,4,14,0
O=C1CSCC(=O)[N-]CCCNCCNCCC[N-]1,5,5,1.0,1.0,1.0,1.0,1.0,1.0,5,0,14,0
CN1CCCNC2=N\O[B@-]3(F)O/N=C(c4ccccc4)/C(c4ccccc4)=N/O[B@-](F)(O/N=C/21)O/N=C(c1ccccc1)/C(c1ccccc1)=N/O3,6,6,1.0,1.0,1.0,1.0,1.0,1.0,6,0,46,0
Cc1ccc([N-]c2ccc(C)cc2P(c2ccccc2)c2ccccc2)c(P(c2ccccc2)c2ccccc2)c1,3,3,1.0,1.0,1.0,1.0,1.0,1.0,3,0,38,0
O=C1c2ccccc2C(=O)c2c1ccc1[n-]c(-c3ccc4ccccc4n3)nc21,2,2,1.0,1.0,1.0,1.0,1.0,1.0,2,0,27,0
O=C1c2ccccc2C(=O)c2c1ccc1nc(-c3ccccn3)[nH]c21,2,2,1.0,1.0,1.0,1.0,1.0,1.0,2,0,23,0
Oc1c(O)c2cccnc2c2ncccc12,2,2,1.0,1.0,1.0,1.0,1.0,1.0,2,0,14,0
CCC1=C(C)C(C)=C(CC)C1=O,4,4,1.0,1.0,1.0,1.0,1.0,1.0,4,0,8,0
Cc1ccc([C](~[N-3]~[N-2]c2ccccc2)~[N-3]~[N-2]c2c(C)cc(C)cc2C)cc1,2,2,1.0,1.0,1.0,1.0,1.0,1.0,2,0,25,0
Cc1cc(C)n(-c2cc(C)c3ccccc3[nH+]2)n1,1,1,1.0,1.0,1.0,1.0,1.0,1.0,1,0,17,0
CCOC(CN)OCC,1,1,1.0,1.0,1.0,1.0,1.0,1.0,1,0,8,0
C/C(=N\[CH]CCP(c1ccccc1)c1ccccc1)c1cccc(/C(C)=N/CCCP(c2ccccc2)c2ccccc2)n1,6,6,1.0,1.0,1.0,1.0,1.0,1.0,6,0,38,0
OCCN(CCN(Cc1ccccn1)Cc1ccccn1)Cc1ccccn1,5,6,0.0,0.0,0.9782608695652174,1.0,0.9565217391304348,0.9642857142857143,5,1,22,0
F[B@-]12O/N=C3\NCCN\C3=N/O[B@-](F)(O/N=C(c3ccccc3)/C(c3ccccc3)=N/O1)O/N=C(c1ccccc1)/C(c1ccccc1)=N/O2,6,6,1.0,1.0,1.0,1.0,1.0,1.0,6,0,44,0
Cc1cc(C)c(P(c2c(C)cc(C)cc2C)[C@H]([O-])c2ccccc2)c(C)c1,1,2,0.0,0.0,0.9807692307692308,1.0,0.9615384615384616,0.9629629629629629,1,1,25,0
O=C([O-])P(C1CCCCC1)C1CCCCC1,2,3,0.0,0.0,0.9642857142857143,1.0,0.9285714285714286,0.9375,2,1,13,0
COc1ccc(N(c2cccc(-c3[c]cc(F)cc3F)n2)c2cccc(-c3[c]cc(F)cc3F)n2)cc1,4,4,1.0,1.0,1.0,1.0,1.0,1.0,4,0,33,0
CCCCCCOc1c(F)c(-c2ccccn2)[c]c(-c2ccccn2)c1F,3,3,1.0,1.0,1.0,1.0,1.0,1.0,3,0,24,0
CC(=[N-])[P+](C)(c1ccccc1)c1ccccc1,1,1,1.0,1.0,1.0,1.0,1.0,1.0,1,0,16,0
Cc1ccc(C#N)cc1,1,2,0.0,0.0,0.9375,1.0,0.875,0.8888888888888888,1,1,7,0
[C](=C(\c1ccccc1)c1ccccc1-n1cccn1)\c1ccccc1,2,2,1.0,1.0,1.0,1.0,1.0,1.0,2,0,23,0
COCC/N=C/c1ccccc1[CH][C](/[C]=C/c1ccccc1)c1ccccc1,4,5,0.0,0.0,0.9791666666666667,1.0,0.9583333333333334,0.9642857142857143,4,1,23,0
COc1ccc(/C=C/c2ccc(-c3cc(-c4ccccn4)nc(-c4ccccn4)c3)cc2)cc1,3,7,0.0,0.0,0.935483870967742,1.0,0.8709677419354839,0.8823529411764706,3,4,27,0
Cc1cccc(C)c1/N=[C]\[Si]([Si](C)(C)C)([Si](C)(C)C)[Si](C)(C)[Si-]([Si](C)(C)C)[Si](C)(C)C,3,3,1.0,1.0,1.0,1.0,1.0,1.0,3,0,28,0
Cc1cccc(C)c1/N=[C]\[Si]([Si](C)(C)C)([Si](C)(C)C)[Si](C)(C)[Si](C)(C)[Si-]([Si](C)(C)C)[Si](C)(C)C,3,3,1.0,1.0,1.0,1.0,1.0,1.0,3,0,31,0
O=C([O-])[C@H]1CSC(c2ccccc2)=N1,2,3,0.0,0.0,0.9583333333333333,1.0,0.9166666666666666,0.9285714285714286,2,1,11,0
CC(C)c1cccc(C(C)C)c1/N=C1\CCCc2ccc(Cl)nc21,2,2,1.0,1.0,1.0,1.0,1.0,1.0,2,0,22,0
NC1=N\O[B@-]2(F)O/N=C(c3ccccc3)/C(c3ccccc3)=N/O[B@-](F)(O/N=C/1N)O/N=C(c1ccccc1)/C(c1ccccc1)=N/O2,6,6,1.0,1.0,1.0,1.0,1.0,1.0,6,0,42,0
O=C1NC2=N\O[B@-]3(F)O/N=C(c4ccccc4)/C(c4ccccc4)=N/O[B@-](F)(O/N=C/2NC1(c1ccccc1)c1ccccc1)O/N=C(c1ccccc1)/C(c1ccccc1)=N/O3,6,6,1.0,1.0,1.0,1.0,1.0,1.0,6,0,57,0
c1cnc2c(c1)[C@H]1O[C@H]1c1cccnc1-2,2,2,1.0,1.0,1.0,1.0,1.0,1.0,2,0,13,0
O=[N+]([O-])c1ccc([N-2]~[N-3]~[N-2](~[O-2])c2ccccc2)cc1,2,2,1.0,1.0,1.0,1.0,1.0,1.0,2,0,17,0
Cc1cc(C)c(N(c2ccccn2)c2ccccn2)c(C)c1,2,2,1.0,1.0,1.0,1.0,1.0,1.0,2,0,20,0
c1ccc(N(c2ccccn2)c2cccc3ccccc23)nc1,2,2,1.0,1.0,1.0,1.0,1.0,1.0,2,0,21,0
c1ccc(N(c2ccccc2)c2ccc(-c3ccc(-c4cnc5c(ccc6cccnc65)c4)s3)cc2)cc1,2,2,1.0,1.0,1.0,1.0,1.0,1.0,2,0,36,0
OCCNCc1ccccc1P(c1ccccc1)c1ccccc1,2,3,0.0,0.0,0.9772727272727273,1.0,0.9545454545454546,0.9583333333333334,2,1,21,0
CC(C)(C)C1=CC(=O)C(C(C)(C)C)=C([O-])C1=O,2,2,1.0,1.0,1.0,1.0,1.0,1.0,2,0,15,0
CC(C)(C)CN1Cc2cccc(c2)CN(CC(C)(C)C)Cc2cccc(n2)C1,4,3,0.0,0.0,0.875,0.75,1.0,0.9642857142857143,3,0,24,1
CC(C)(C)N1Cc2cccc(c2)CN(C(C)(C)C)Cc2cccc(n2)C1,2,3,0.0,0.0,0.9791666666666667,1.0,0.9583333333333334,0.9615384615384616,2,1,23,0
CC(C)(C)CN1Cc2[c]c(ccc2)CN(CC(C)(C)C)Cc2cccc(n2)C1,4,4,1.0,1.0,1.0,1.0,1.0,1.0,4,0,24,0
c1ccn2ccnc2c1,1,1,1.0,1.0,1.0,1.0,1.0,1.0,1,0,8,0
CCCCCCC(c1nccn1C)c1nccn1C,2,2,1.0,1.0,1.0,1.0,1.0,1.0,2,0,17,0
CNCCC/N=C/c1c(CO)c[nH+]c(C)c1[O-],3,3,1.0,1.0,1.0,1.0,1.0,1.0,3,0,14,0
C[CH]c1ccccc1P(C(C)(C)C)C(C)(C)C,2,2,1.0,1.0,1.0,1.0,1.0,1.0,2,0,15,0
C=CC[n+]1ccc(N)cc1,2,2,1.0,1.0,1.0,1.0,1.0,1.0,2,0,8,0
O=P([O-])(c1ccccn1)c1ccccn1,3,4,0.0,0.0,0.9583333333333333,1.0,0.9166666666666666,0.9333333333333333,3,1,11,0
c1ccc(-c2ccc(-c3ccccn3)nc2)cc1,2,2,1.0,1.0,1.0,1.0,1.0,1.0,2,0,16,0
c1ccc2c(CN3CCCNCCN(Cc4cccc5ccccc45)CCCNCC3)cccc2c1,4,4,1.0,1.0,1.0,1.0,1.0,1.0,4,0,32,0
c1ccc2c(CN3CCCNCCN(Cc4c5ccccc5cc5ccccc45)CCCNCC3)c3ccccc3cc2c1,4,4,1.0,1.0,1.0,1.0,1.0,1.0,4,0,40,0
NC(=S)N/N=C/c1coc2ccccc2c1=O,3,3,1.0,1.0,1.0,1.0,1.0,1.0,3,0,14,0
O=S(=O)([O-])c1cccc(P(c2cccc(S(=O)(=O)[O-])c2)c2cccc(S(=O)(=O)[O-])c2)c1,1,1,1.0,1.0,1.0,1.0,1.0,1.0,1,0,30,0
C#CCN1CCCN(CC#C)CCN(CC(=O)OC)CCCN(CC#C)CC1,5,5,1.0,1.0,1.0,1.0,1.0,1.0,5,0,23,0
Cc1ccc(N[C]Nc2c(C)cccc2C)cc1,1,1,1.0,1.0,1.0,1.0,1.0,1.0,1,0,17,0
CCc1ccc(C)nc1,1,1,1.0,1.0,1.0,1.0,1.0,1.0,1,0,8,0
COc1cccc(/C=N/NC(=O)c2ccccc2[O-])c1[O-],3,4,0.0,0.0,0.9722222222222222,1.0,0.9444444444444444,0.9523809523809523,3,1,17,0
NC(=[NH2+])NCCC[C@H](/N=C/c1c([O-])ccc2ccccc12)C(=O)[O-],3,4,0.0,0.0,0.9761904761904762,1.0,0.9523809523809523,0.9583333333333334,3,1,20,0
Cc1ncc([N+](=O)[O-])n1CCO,1,1,1.0,1.0,1.0,1.0,1.0,1.0,1,0,11,0
[O-]c1ccccc1/C=N/[N-]c1ccccn1,3,3,1.0,1.0,1.0,1.0,1.0,1.0,3,0,13,0
N[C@@H](C(=O)[O-])c1ccccc1,2,3,0.0,0.0,0.9444444444444444,1.0,0.8888888888888888,0.9090909090909091,2,1,8,0
c1cnc(N2CCCN3CCC[N+]=C32)nc1,2,3,0.0,0.0,0.9642857142857143,1.0,0.9285714285714286,0.9375,2,1,13,0
CCc1cccc(CC)c1/N=C/c1[c]cccc1,2,2,1.0,1.0,1.0,1.0,1.0,1.0,2,0,16,0
c1ccc2c(c1)c1ccccc1n2-c1ccc(-c2cc(-c3nccs3)nc(-c3nccs3)c2)cc1,2,3,0.0,0.0,0.9848484848484849,1.0,0.9696969696969697,0.9714285714285714,2,1,32,0
CCOC(=O)C(C)(C)C(=O)Nc1cccc(-c2cccc(NC(=O)C(C)(C)C(=O)OCC)n2)n1,4,4,1.0,1.0,1.0,1.0,1.0,1.0,4,0,30,0
ClCCN(CCCl)Cc1ccccn1,2,2,1.0,1.0,1.0,1.0,1.0,1.0,2,0,12,0
CN(C)c1ccc(N(C)C)cc1,6,6,1.0,1.0,1.0,1.0,1.0,1.0,6,0,6,0
C(#Cc1ccccc1C#Cc1cccc(COc2ccccc2)n1)c1cccc(COc2ccccc2)n1,2,4,0.0,0.0,0.9722222222222222,1.0,0.9444444444444444,0.9473684210526315,2,2,34,0
C[Si](C)(C)C[C](~[S-2])~[S-2],2,2,1.0,1.0,1.0,1.0,1.0,1.0,2,0,6,0
O=C1c2ccccc2-c2ncccc21,1,2,0.0,0.0,0.9615384615384616,1.0,0.9230769230769231,0.9285714285714286,1,1,12,0
CCO[C]Nc1ccccc1,1,1,1.0,1.0,1.0,1.0,1.0,1.0,1,0,10,0
[O-]c1c(F)cc(F)cc1/C=N/CCO,2,3,0.0,0.0,0.9583333333333333,1.0,0.9166666666666666,0.9285714285714286,2,1,11,0
C/C(=N\c1ccc(C(C)C)cc1)c1cccc(/C(C)=N/c2ccc(C(C)C)cc2)n1,3,3,1.0,1.0,1.0,1.0,1.0,1.0,3,0,27,0
c1ccc([C@@H]2Nc3ccccc3CO2)cc1,6,2,0.0,0.0,0.6666666666666666,0.3333333333333333,1.0,0.75,2,0,10,4
Cc1[nH+]cc(CO)c(/C=N/CCC/N=C/c2c(CO)c[nH+]c(C)c2[O-])c1[O-],4,4,1.0,1.0,1.0,1.0,1.0,1.0,4,0,23,0
CSC(=S)N(C)N,2,2,1.0,1.0,1.0,1.0,1.0,1.0,2,0,5,0
Cc1ccc([C](~[NH-2])~[N-3]~[N-2]c2c(C)cc(C)cc2C)cc1,2,2,1.0,1.0,1.0,1.0,1.0,1.0,2,0,18,0
CN1CCN(CP(CN2CCN(C)CC2)CN2CCN(C)CC2)CC1,1,7,0.0,0.0,0.875,1.0,0.75,0.76,1,6,18,0
CC(C)c1cccc(C(C)C)c1-n1cc(CSc2ccccc2)nn1,2,2,1.0,1.0,1.0,1.0,1.0,1.0,2,0,23,0
CC(C)c1cccc(C(C)C)c1/N=C/c1cccc(/C=[NH+]/c2c(C(C)C)cccc2C(C)C)c1[O-],2,2,1.0,1.0,1.0,1.0,1.0,1.0,2,0,33,0
CC1(C)OB(Oc2ccccc2P(c2ccccc2)c2ccccc2)OC1(C)C,1,1,1.0,1.0,1.0,1.0,1.0,1.0,1,0,28,0
[S-]/C(=N\N=C\c1cccc2cccnc12)Nc1ccc(I)cc1,3,3,1.0,1.0,1.0,1.0,1.0,1.0,3,0,20,0
O=C(O)c1ccc(N/C([S-])=N/N=C/c2cccc3cccnc23)cc1,3,3,1.0,1.0,1.0,1.0,1.0,1.0,3,0,22,0
[S-]/C(=N\N=C\c1cccc2cccnc12)Nc1ccccc1,3,3,1.0,1.0,1.0,1.0,1.0,1.0,3,0,19,0
O=[N+]([O-])c1ccc(N/C([S-])=N/N=C/c2cccc3cccnc23)cc1,3,3,1.0,1.0,1.0,1.0,1.0,1.0,3,0,22,0
Fc1ccc(N/C([S-])=N/N=C/c2cccc3cccnc23)cc1,3,3,1.0,1.0,1.0,1.0,1.0,1.0,3,0,20,0
CO[Si-](OC)OC,1,1,1.0,1.0,1.0,1.0,1.0,1.0,1,0,6,0
c1ccc(P(O[Si](OP(c2ccccc2)c2ccccc2)(OP(c2ccccc2)c2ccccc2)c2ccccc2)c2ccccc2)cc1,3,3,1.0,1.0,1.0,1.0,1.0,1.0,3,0,46,0
[O-]B(c1c(F)c(F)c(F)c(F)c1F)c1c(F)c(F)c(F)c(F)c1F,1,1,1.0,1.0,1.0,1.0,1.0,1.0,1,0,23,0
N[C@@H](Cc1ccccc1)C([O-])(c1ccccc1)c1ccccc1,2,2,1.0,1.0,1.0,1.0,1.0,1.0,2,0,21,0
Cc1cc(C)c(-c2ccc(C(C)(c3ccc(-c4c(C)cc(C)cc4C)[n-]3)c3ccc(-c4c(C)cc(C)cc4C)[n-]3)[n-]2)c(C)c1,3,3,1.0,1.0,1.0,1.0,1.0,1.0,3,0,41,0
Cc1cc(C)c(-c2ccc(C(C)(c3ccc(-c4c(C)cc(C)cc4C)[n-]3)c3ccc(-c4c(C)cc(C)cc4C)[nH]3)[n-]2)c(C)c1,2,2,1.0,1.0,1.0,1.0,1.0,1.0,2,0,42,0
[CH]=C/C=C\[O-],2,2,1.0,1.0,1.0,1.0,1.0,1.0,2,0,3,0
COc1ccc([C@H]2N=C(N(C)C)ON2Cc2ccccc2)cc1,1,1,1.0,1.0,1.0,1.0,1.0,1.0,1,0,22,0
c1ccc(-n2cnc3ccccc32)cc1,1,1,1.0,1.0,1.0,1.0,1.0,1.0,1,0,14,0
COc1ccc(-c2nnc(-c3ccccn3)n2-c2ccc(C)cc2)cc1,2,2,1.0,1.0,1.0,1.0,1.0,1.0,2,0,24,0
Cc1c(-c2ccccc2)n[nH]c1-c1ccccc1,1,1,1.0,1.0,1.0,1.0,1.0,1.0,1,0,17,0
O=C1c2ccccc2N[C@H](c2c[nH]cn2)N1/N=C/c1c[nH]cn1,3,4,0.0,0.0,0.975,1.0,0.95,0.9565217391304348,3,1,19,0
C/C(=N\N=C(/[S-])Nc1ccccc1)c1nccs1,3,3,1.0,1.0,1.0,1.0,1.0,1.0,3,0,15,0
Cn1ccnc1CNCC(O)CNCc1nccn1C,4,4,1.0,1.0,1.0,1.0,1.0,1.0,4,0,16,0
CCc1ccccn1,1,1,1.0,1.0,1.0,1.0,1.0,1.0,1,0,7,0
CC(C)c1ccncc1,1,1,1.0,1.0,1.0,1.0,1.0,1.0,1,0,8,0
O=S(=O)(c1ccccc1)n1c[c]c2ccccc21,1,1,1.0,1.0,1.0,1.0,1.0,1.0,1,0,17,0
C1=CC2(N=N1)c1ccccc1-c1ccccc12,1,1,1.0,0.0,0.46875,0.0,0.9375,0.8823529411764706,0,1,15,1
Cc1cc(/C=N/NC(=S)N2CCCC2)c([O-])c(C[N@@H+]2CCC[C@H]2C(=O)O)c1,3,3,1.0,1.0,1.0,1.0,1.0,1.0,3,0,24,0
C(Cc1nnn[n-]1)NCCc1nnn[n-]1,3,3,1.0,1.0,1.0,1.0,1.0,1.0,3,0,12,0
CCCc1cc(=O)[nH]c(=S)[nH]1,1,1,1.0,1.0,1.0,1.0,1.0,1.0,1,0,10,0
CCN1C(=O)c2cccc3c(-n4cc(CN5CCNCCNCCNCC5)nn4)ccc(c23)C1=O,5,5,1.0,1.0,1.0,1.0,1.0,1.0,5,0,30,0
c1cc2c3c(cccc3c1)NC(c1nc3ccccc3s1)N2,2,3,0.0,0.0,0.975,1.0,0.95,0.9545454545454546,2,1,19,0
CCCCc1ccc(/N=C/c2c([O-])ccc3ccccc23)cc1,2,2,1.0,1.0,1.0,1.0,1.0,1.0,2,0,21,0
O=C(C[C@H](c1cccnc1)P(c1ccccc1)c1ccccc1)c1ccccc1,1,3,0.0,0.0,0.9642857142857143,1.0,0.9285714285714286,0.9310344827586207,1,2,26,0
COc1ccc2c(c1)CC[C@@H]1C2=CC[C@@H]2C[CH]CC[C@]21C,1,9,0.0,0.0,0.8,1.0,0.6,0.6190476190476191,1,8,12,0
COc1ccc2c(c1)CC[C@H]1C2=CC[C@@H]2[C@@]3(C)CC[CH]C[C@@H]3CC[C@]21C,1,9,0.0,0.0,0.8400000000000001,1.0,0.68,0.6923076923076923,1,8,17,0
CN(P(c1ccccc1)c1ccccc1)P(c1ccccc1)c1ccccc1,2,2,1.0,1.0,1.0,1.0,1.0,1.0,2,0,26,0
C/C(=N\c1ccc(C(F)(F)F)cc1)c1cccc(/C(C)=N/c2ccc(C(F)(F)F)cc2)n1,3,3,1.0,1.0,1.0,1.0,1.0,1.0,3,0,29,0
Nc1ccccc1[O-],2,2,1.0,1.0,1.0,1.0,1.0,1.0,2,0,6,0
CC(C)(C)c1cc2c([O-])c(c1)/C=N/c1ccccc1CCc1ccccc1/N=C/c1cc(C(C)(C)C)cc(c1[O-])/C=N/c1ccccc1CCc1ccccc1/N=C/2,4,6,0.0,0.0,0.9814814814814814,1.0,0.9629629629629629,0.9655172413793104,4,2,52,0
CC(C)(C)c1cc2c([O-])c(c1)/C=N/c1ccccc1CCc1ccccc1/N=C/c1cc(C(C)(C)C)cc(c1O)/C=N/c1ccccc1CCc1ccccc1/N=C/2,2,6,0.0,0.0,0.9642857142857143,1.0,0.9285714285714286,0.9310344827586207,2,4,52,0
[C]=CC(c1ccccc1)c1ccccc1,1,1,1.0,1.0,1.0,1.0,1.0,1.0,1,0,14,0
c1ccc(CN2C(c3ccccc3P(c3ccccc3)c3ccccc3)=N[C@H](c3ccccc3)[C@H]2c2ccccc2)cc1,2,2,1.0,1.0,1.0,1.0,1.0,1.0,2,0,41,0
c1ccc(C2=NSN=C(c3ccccn3)[N-]2)nc1,3,3,1.0,1.0,1.0,1.0,1.0,1.0,3,0,15,0
O=C1CCC/C=C/CCC1,2,3,0.0,0.0,0.9375,1.0,0.875,0.9,2,1,7,0
O=C(O/C1=C/CC/C=C/CCC1)c1ccccc1,2,4,0.0,0.0,0.9375,1.0,0.875,0.8888888888888888,2,2,14,0
F[C](F)C(F)F,1,1,1.0,1.0,1.0,1.0,1.0,1.0,1,0,5,0
c1cncc(-c2cccnc2)c1,1,2,0.0,0.0,0.9545454545454546,1.0,0.9090909090909091,0.9166666666666666,1,1,10,0
CCS/C([S-])=C/C(=O)c1ccc(OC)cc1,2,2,1.0,1.0,1.0,1.0,1.0,1.0,2,0,14,0
c1ccc(CN2CNCCNCN(Cc3ccccc3)CNCCNC2)cc1,4,4,1.0,1.0,1.0,1.0,1.0,1.0,4,0,24,0
COC(=O)c1cc(/C(C)=N/N=C(\[O-])c2ccccc2)nc(/C(C)=N/NC(=O)c2ccccc2)c1,5,5,1.0,1.0,1.0,1.0,1.0,1.0,5,0,29,0
CC(C)=NCCN(CCN=C(C)C)Cc1ccccn1,4,4,1.0,1.0,1.0,1.0,1.0,1.0,4,0,16,0
NCCN(CCN)Cc1ccccn1,4,4,1.0,1.0,1.0,1.0,1.0,1.0,4,0,10,0
C=Cc1cc(C(F)(F)F)cc(C(F)(F)F)c1,2,4,0.0,0.0,0.9285714285714286,1.0,0.8571428571428571,0.875,2,2,12,0
Cc1cc2nc(-c3nc4cc(C)c(C)cc4[nH]3)[nH]c2cc1C,2,2,1.0,1.0,1.0,1.0,1.0,1.0,2,0,20,0
O=C(O)c1ccc(F)cc1,1,6,0.0,0.0,0.16666666666666666,0.0,0.3333333333333333,0.3,0,6,3,1
O=C([O-])CN1CCN(C(c2ccc(F)cc2)c2ccc(F)cc2)CC1,2,4,0.0,0.0,0.9565217391304348,1.0,0.9130434782608695,0.92,2,2,21,0
Oc1ccccc1-c1cc(-c2ccccn2)nc(-c2ccccn2)c1,3,3,1.0,1.0,1.0,1.0,1.0,1.0,3,0,22,0
COC(=O)[C@@H]1[C@@H](C(=O)[N-]c2cccc3cccnc23)[CH]c2cc3c(cc2[C@@H]1O[Si](C(C)C)(C(C)C)C(C)C)OCO3,3,3,1.0,1.0,1.0,1.0,1.0,1.0,3,0,38,0
CCN(CC)c1ccc(/N=N/c2ccccn2)cc1,1,2,0.0,0.0,0.9722222222222222,1.0,0.9444444444444444,0.9473684210526315,1,1,17,0
CCNC(N)=S,1,1,1.0,1.0,1.0,1.0,1.0,1.0,1,0,5,0
[c]1ccccc1CP(Cc1ccccc1)c1ccccc1,2,2,1.0,1.0,1.0,1.0,1.0,1.0,2,0,19,0
CNN(C)C(=S)[S-],2,3,0.0,0.0,0.9,1.0,0.8,0.8571428571428571,2,1,4,0
CCNC(=O)NCC,1,1,1.0,1.0,1.0,1.0,1.0,1.0,1,0,7,0
CC1(C)COC(C(C)(C)OP(c2ccccc2)c2ccccc2)=N1,2,2,1.0,1.0,1.0,1.0,1.0,1.0,2,0,22,0
O=C(O)c1ccc(-c2cc(-c3c(Cl)nc4ccccn34)cc(C(=O)[O-])n2)cc1,2,3,0.0,0.0,0.9807692307692308,1.0,0.9615384615384616,0.9642857142857143,2,1,25,0
Cc1nn(-c2ccccc2)c([O-])c1/C=N/c1ccc(/N=N/c2ccccc2)cc1,2,2,1.0,1.0,1.0,1.0,1.0,1.0,2,0,27,0
CC(C)(C)c1ccnc(-c2[c]cc(F)c(C#N)c2F)c1,2,2,1.0,1.0,1.0,1.0,1.0,1.0,2,0,18,0
[CH2]N1[CH]~[CH]N(CC(C)(CN2[C]N(CCCC)[CH]~[CH]2)CN2[C]N(CCCC)[CH]~[CH]2)[CH]1,2,4,0.0,0.0,0.962962962962963,1.0,0.9259259259259259,0.9310344827586207,2,2,25,0
c1ccc(P(c2ccccc2)c2ccc3ccccc3c2-c2nccc3ccccc23)cc1,2,2,1.0,1.0,1.0,1.0,1.0,1.0,2,0,31,0
O=C([O-])c1cc(=O)[nH]c(=O)[nH]1,1,2,0.0,0.0,0.95,1.0,0.9,0.9090909090909091,1,1,9,0
c1cc(-c2cccc(-c3nnn4ccccc34)n2)nc(-c2nnn3ccccc23)c1,4,4,1.0,1.0,1.0,1.0,1.0,1.0,4,0,26,0
C[C@@H](N)CCc1ccccc1,1,2,0.0,0.0,0.95,1.0,0.9,0.9090909090909091,1,1,9,0
COc1ccc2c(c1)[C]([C](~[S-2])~[S-2])c1cc(OC)ccc1-2,2,3,0.0,0.0,0.9722222222222222,1.0,0.9444444444444444,0.95,2,1,17,0
Nc1ccc(-c2[c]c(-c3ccccc3[S-])ccc2)nc1,3,3,1.0,1.0,1.0,1.0,1.0,1.0,3,0,17,0
C(=N/c1ccccc1/N=C/c1ccc[n-]1)\c1ccc[n-]1,4,4,1.0,1.0,1.0,1.0,1.0,1.0,4,0,16,0
Cc1ccccc1-n1ccnc1/C([O-])=C/c1ccccc1,2,2,1.0,1.0,1.0,1.0,1.0,1.0,2,0,19,0
Cc1ccc2cccc3c2c1-c1cccc2c1P3c1cccc3ccc(C)c-2c13,1,1,1.0,1.0,1.0,1.0,1.0,1.0,1,0,28,0
Cn1ccnc1C([O-])(c1ccccc1N)c1nccn1C,2,3,0.0,0.0,0.9736842105263157,1.0,0.9473684210526315,0.9523809523809523,2,1,18,0
CO[C@H]([N-]C(=O)c1nccc2ccccc12)c1nccc2ccccc12,3,3,1.0,1.0,1.0,1.0,1.0,1.0,3,0,23,0
c1ccc(N2CP(c3ccccc3)CCP(c3ccccc3)C2)cc1,2,2,1.0,1.0,1.0,1.0,1.0,1.0,2,0,23,0
CC(C)[C@H](N)C(=O)[N-]CCC[N-]C(=O)[C@@H](N)C(C)C,4,4,1.0,1.0,1.0,1.0,1.0,1.0,4,0,15,0
c1ccc(P(Cc2cccc3c2-c2ccccc2-3)c2ccccc2)cc1,1,1,1.0,1.0,1.0,1.0,1.0,1.0,1,0,25,0
C=Cc1ccccc1[S-],3,3,1.0,1.0,1.0,1.0,1.0,1.0,3,0,6,0
CCc1ccccc1[S-],1,1,1.0,1.0,1.0,1.0,1.0,1.0,1,0,8,0
CC(=O)/C([CH]c1ccccn1)=C(\C)[O-],3,3,1.0,1.0,1.0,1.0,1.0,1.0,3,0,11,0
O=C1C2=CN/C1=C(\c1ccccc1)C1=N/C(=C(/c3ccccc3)C3=N/C(=C(/c4ccccc4)C4=N/C(=C\2c2ccccc2)C=C4)C=C3)C=C1,5,3,0.0,0.0,0.8,0.6,1.0,0.9591836734693877,3,0,44,2
c1ccc(C/C(C2=N[C@@H](c3ccccc3)CO2)=C2/[N-][C@@H](c3ccccc3)CO2)cc1,2,2,1.0,1.0,1.0,1.0,1.0,1.0,2,0,28,0
Cc1nc2ccccc2[n-]1,1,2,0.0,0.0,0.9444444444444444,1.0,0.8888888888888888,0.9,1,1,8,0
COc1ccc(-c2cc(-c3ccccn3)nc(-c3ccccn3)c2)cc1C(F)(F)F,3,3,1.0,1.0,1.0,1.0,1.0,1.0,3,0,27,0
FC(F)(F)c1cccc(-c2cc(-c3ccccn3)nc(-c3ccccn3)c2)c1,3,3,1.0,1.0,1.0,1.0,1.0,1.0,3,0,25,0
FC(F)(F)c1cc(-c2cc(-c3ccccn3)nc(-c3ccccn3)c2)cc(C(F)(F)F)c1,3,3,1.0,1.0,1.0,1.0,1.0,1.0,3,0,29,0
COC(=O)/C([O-])=C(/[C]O)C(=O)OC,2,2,1.0,1.0,1.0,1.0,1.0,1.0,2,0,11,0
c1ccc(P(Cc2cccc3c2sc2c(CP(c4ccccc4)c4ccccc4)cccc23)c2ccccc2)cc1,3,3,1.0,1.0,1.0,1.0,1.0,1.0,3,0,38,0
CN1CCN(C)C1=[N+]c1cc(F)c(F)cc1[N+]=C1N(C)CCN1C,2,2,1.0,1.0,1.0,1.0,1.0,1.0,2,0,22,0
O=C(O)C[C@H]([O-])C(=O)[O-],2,3,0.0,0.0,0.9285714285714286,1.0,0.8571428571428571,0.8888888888888888,2,1,6,0
Cc1nc(/C=N/CCCN(C)CCC/N=C/c2c[nH]c(C)n2)c[nH]1,5,5,1.0,1.0,1.0,1.0,1.0,1.0,5,0,19,0
Cc1c[c]c(-c2ccccc2/C=N/Cc2ccccc2Br)cc1,2,2,1.0,1.0,1.0,1.0,1.0,1.0,2,0,21,0
CC(C)(C)c1cc2c([O-])c(c1)Sc1cc(C(C)(C)C)cc(c1[O-])Sc1cc(C(C)(C)C)cc(c1O)Sc1cc(C(C)(C)C)cc(c1[O-])S2,3,7,0.0,0.0,0.9555555555555555,1.0,0.9111111111111111,0.9166666666666666,3,4,41,0
Cc1ccc(P(=S)(c2ccc(C)cc2)[C@](C[N-]C(=O)c2ccccn2)(c2ccccc2)C(F)(F)F)cc1,3,3,1.0,1.0,1.0,1.0,1.0,1.0,3,0,34,0
C=CCn1ccc(-c2cccc(-c3ccn(CC=C)n3)n2)n1,3,5,0.0,0.0,0.9473684210526316,1.0,0.8947368421052632,0.9090909090909091,3,2,17,0
[C]#CC1(O)CCCCC1,1,1,1.0,1.0,1.0,1.0,1.0,1.0,1,0,8,0
c1cnn(C2=NCCCS2)c1,2,2,1.0,1.0,1.0,1.0,1.0,1.0,2,0,9,0
CCOc1cccc(/C=N/N=C(\[S-])N2CCOCC2)c1[O-],3,3,1.0,1.0,1.0,1.0,1.0,1.0,3,0,18,0
N#CCc1cccnc1,1,2,0.0,0.0,0.9375,1.0,0.875,0.8888888888888888,1,1,7,0
C#CC1(O)CCCCC1,2,2,1.0,1.0,1.0,1.0,1.0,1.0,2,0,7,0
CCCNC(=S)NC(=O)c1ccccc1,1,1,1.0,1.0,1.0,1.0,1.0,1.0,1,0,14,0
CC[C@H](C)[C@H](/N=C/c1cccc(OC)c1[O-])C(=O)[O-],3,4,0.0,0.0,0.96875,1.0,0.9375,0.9473684210526315,3,1,15,0
CCc1ccc(N(C)C(=O)c2ccc3ccc4ccc(C(=O)N(CC)c5ccc(CC)cc5)nc4c3n2)cc1,3,4,0.0,0.0,0.9861111111111112,1.0,0.9722222222222222,0.9743589743589743,3,1,35,0
C[C@@](c1[c]cccc1)(c1ccccn1)c1cc2ccccc2c(-c2[c]cccc2)n1,4,4,1.0,1.0,1.0,1.0,1.0,1.0,4,0,26,0
C[C@](c1ccccc1)(c1ccccn1)c1cc2ccccc2c(-c2[c]cccc2)n1,4,3,0.0,0.0,0.875,0.75,1.0,0.9666666666666667,3,0,26,1
[CH2]CCCBr,1,1,1.0,1.0,1.0,1.0,1.0,1.0,1,0,4,0
CCOc1cccc(/C=N/CCNCCO)c1[O-],3,4,0.0,0.0,0.9666666666666667,1.0,0.9333333333333333,0.9444444444444444,3,1,14,0
Cc1[nH+]cc(CO)c(/C=N/CCc2cccs2)c1[O-],2,2,1.0,1.0,1.0,1.0,1.0,1.0,2,0,17,0
CCCC1=C(CCC)c2nc1nc1[nH]c(nc3nc(nc4[nH]c(n2)c(CCC)c4CCC)C(/N=C/c2cc(C(C)(C)C)ccc2[O-])=C3/N=C/c2cc(C(C)(C)C)ccc2[O-])c(CCC)c1CCC,4,9,0.0,0.0,0.9609375,1.0,0.921875,0.9264705882352942,4,5,59,0
[c]1ccsc1-c1sc(-c2cccs2)cc1P(c1ccccc1)c1ccccc1,2,2,1.0,1.0,1.0,1.0,1.0,1.0,2,0,26,0
O=C(Nc1c2ccccc2cc2ccccc12)c1cccc(-c2cccc(-c3cccc(C(=O)Nc4c5ccccc5cc5ccccc45)n3)n2)n1,5,5,1.0,1.0,1.0,1.0,1.0,1.0,5,0,47,0
CN(C)c1ccc(/C=N/N=C/c2cccc3ccccc23)cc1,1,2,0.0,0.0,0.9772727272727273,1.0,0.9545454545454546,0.9565217391304348,1,1,21,0
O=C1[N-]/C(=C\c2ccccn2)C(=O)N1,2,2,1.0,1.0,1.0,1.0,1.0,1.0,2,0,12,0
COc1cc(C(C)(C)C)c2op(N[C@@H]3CCCC[C@H]3Np3oc4c(C(C)(C)C)cc(OC)cc4c4cc(OC)cc(C(C)(C)C)c4o3)oc3c(C(C)(C)C)cc(OC)cc3c2c1,2,2,1.0,1.0,1.0,1.0,1.0,1.0,2,0,60,0
N/C([S-])=N/N=C\c1ccc(F)cc1,2,3,0.0,0.0,0.9545454545454546,1.0,0.9090909090909091,0.9230769230769231,2,1,10,0
Cn1ccnc1C(n1ccc(C(C)(C)C)n1)n1ccc(C(C)(C)C)n1,2,3,0.0,0.0,0.9782608695652174,1.0,0.9565217391304348,0.96,2,1,22,0
CC(C)CN(CC(C)C)C(=O)c1cccc(C(=O)N(CC(C)C)CC(C)C)n1,3,3,1.0,1.0,1.0,1.0,1.0,1.0,3,0,25,0
CC(C)N(C(=O)c1cccc(C(=O)N(C(C)C)C(C)C)n1)C(C)C,3,3,1.0,1.0,1.0,1.0,1.0,1.0,3,0,21,0
C=CCO[C@@H](Cn1ccnc1)c1ccc(Cl)cc1Cl,1,1,1.0,1.0,1.0,1.0,1.0,1.0,1,0,18,0
[CH2]C=[N+](CC)CC,1,1,1.0,1.0,1.0,1.0,1.0,1.0,1,0,6,0
Cc1cccc(-n2c(-c3ccccn3)nnc2-c2ccccn2)c1,2,4,0.0,0.0,0.9545454545454546,1.0,0.9090909090909091,0.9166666666666666,2,2,20,0
O=C([O-])COc1ccccc1F,1,3,0.0,0.0,0.9090909090909092,1.0,0.8181818181818182,0.8333333333333334,1,2,9,0
Cc1ccc([N-]/N=[N+](\[O-])C(C)(C)C)cc1,2,2,1.0,1.0,1.0,1.0,1.0,1.0,2,0,13,0
CCc1cccc(C)c1[N-]/N=[N+](/C)[O-],2,2,1.0,1.0,1.0,1.0,1.0,1.0,2,0,12,0
O=C(C[C@@H](c1ccccc1)P(c1ccccc1)c1ccccc1)c1ccccc1,1,2,0.0,0.0,0.9821428571428572,1.0,0.9642857142857143,0.9655172413793104,1,1,27,0
COc1cc(Br)cc(/C=N/c2cc3ccccc3cc2[O-])c1[O-],3,3,1.0,1.0,1.0,1.0,1.0,1.0,3,0,20,0
O=C([N-]CCN(Cc1ccccn1)Cc1ccccn1)c1ccccc1[O-],5,5,1.0,1.0,1.0,1.0,1.0,1.0,5,0,22,0
COc1cc(/C=N/[C@@H]2CCCC[C@H]2/N=C/c2cc(OC)c(OC)c(OC)c2[O-])c([O-])c(OC)c1OC,4,4,1.0,1.0,1.0,1.0,1.0,1.0,4,0,32,0
CCC1=C(CC)/C(=C/c2ccc(/C=C3\N=C(C)C(CC)=C3CC)[n-]2)N=C1C,3,3,1.0,1.0,1.0,1.0,1.0,1.0,3,0,24,0
CS/C([S-])=N/c1nc2ccccc2s1,2,2,1.0,1.0,1.0,1.0,1.0,1.0,2,0,12,0
O=C(O)c1ccc(-c2ccc(C(=O)O)cc2C(=O)[O-])cc1,2,2,1.0,1.0,1.0,1.0,1.0,1.0,2,0,19,0
O=C([O-])c1ccc(-c2ccc(C(=O)O)cc2)c(C(=O)O)c1,1,2,0.0,0.0,0.45,0.0,0.9,0.8571428571428571,0,2,18,1
O=C([O-])c1ccc(-c2ccc(C(=O)O)cc2)c(C(=O)[O-])c1,1,4,0.0,0.0,0.925,1.0,0.85,0.8571428571428571,1,3,17,0
CC(C)[C@H]1CC[C@H](C)C[C@@H]1OC(=O)c1ccccc1[N+]=C(N(C)C)N(C)C,2,2,1.0,1.0,1.0,1.0,1.0,1.0,2,0,25,0
C[C@@H]1N[C@H]1c1ccccc1,1,1,1.0,1.0,1.0,1.0,1.0,1.0,1,0,9,0
O=[N+]([O-])c1ccc(/C([O-])=N/N=C/c2ccccc2[O-])cc1,3,3,1.0,1.0,1.0,1.0,1.0,1.0,3,0,18,0
[CH2]~[C](~[CH]c1ccccc1)[C@H]1C=CCCC1,3,3,1.0,1.0,1.0,1.0,1.0,1.0,3,0,12,0
[O-]c1ccccc1/C=N/Nc1ccccn1,3,3,1.0,1.0,1.0,1.0,1.0,1.0,3,0,13,0
[O-]c1ccc(Cl)cc1/C=N/Nc1ccccn1,3,3,1.0,1.0,1.0,1.0,1.0,1.0,3,0,14,0
Cc1ccc([O-])c(/C=N/Nc2ccccn2)c1,3,3,1.0,1.0,1.0,1.0,1.0,1.0,3,0,14,0
COc1ccc(CC/N=C(\C)c2ccccc2[O-])cc1OC,2,2,1.0,1.0,1.0,1.0,1.0,1.0,2,0,20,0
c1ccc(P2Cc3ccc4ccccc4c3-c3c(ccc4ccccc34)C2)cc1,1,1,1.0,1.0,1.0,1.0,1.0,1.0,1,0,28,0
Cc1cc(C)c(C(P(C2CCCCC2)C2CCCCC2)=P(C2CCCCC2)(C2CCCCC2)C2CCCCC2)c(C)c1,1,1,1.0,1.0,1.0,1.0,1.0,1.0,1,0,41,0
CC1=C([O-])/C(=C\N=N\C(=O)C[N+](C)(C)C)C(CO)=CN1,3,4,0.0,0.0,0.9705882352941176,1.0,0.9411764705882353,0.95,3,1,16,0
Cc1ncc(CO)c(/C=N/CC[O-])c1[O-],3,3,1.0,1.0,1.0,1.0,1.0,1.0,3,0,12,0
CCOC(C/N=C/c1c([O-])ccc2ccccc12)OCC,2,2,1.0,1.0,1.0,1.0,1.0,1.0,2,0,19,0
CCOC(C/N=C/c1cc2ccccc2cc1[O-])OCC,2,2,1.0,1.0,1.0,1.0,1.0,1.0,2,0,19,0
COc1ccc(-c2nnc(-c3ccccn3)n2-c2ccc(Cl)cc2)cc1,2,2,1.0,1.0,1.0,1.0,1.0,1.0,2,0,24,0
O=[N+]([O-])c1ccc(/C([O-])=N/N=C/c2cc(Cl)ccc2[O-])cc1,3,3,1.0,1.0,1.0,1.0,1.0,1.0,3,0,19,0
[O-]Sc1ccccn1,2,2,1.0,1.0,1.0,1.0,1.0,1.0,2,0,6,0
[S-]C1=C([S-])S[C@@H]2CCC[C@@H]2S1,2,2,1.0,1.0,1.0,1.0,1.0,1.0,2,0,9,0
COc1cc(C(C)(C)C)c2op(N(C(C)C)C(C)C)oc3c(C(C)(C)C)cc(OC)cc3c2c1,1,1,1.0,1.0,1.0,1.0,1.0,1.0,1,0,33,0
c1ccc(CN2CCCC[C@@H]2[C@H]2CCCCN2Cc2ccccn2)nc1,4,4,1.0,1.0,1.0,1.0,1.0,1.0,4,0,22,0
COc1ccc(CC/N=C/c2cccc(OC)c2[O-])cc1OC,2,2,1.0,1.0,1.0,1.0,1.0,1.0,2,0,21,0
CN[C]=O,1,1,1.0,1.0,1.0,1.0,1.0,1.0,1,0,3,0
Cc1c(C)c2p(c1-c1cccs1)CCCp1c(-c3cccs3)c(C)c(C)c1-2,2,2,1.0,1.0,1.0,1.0,1.0,1.0,2,0,25,0
CCCCS[C](~[S-2])~[S-2],2,2,1.0,1.0,1.0,1.0,1.0,1.0,2,0,6,0
Cc1cc(C)c(-n2[c]c[n+](-c3c(C)cc(C)cc3C)c2)c(C)c1,1,1,1.0,1.0,1.0,1.0,1.0,1.0,1,0,22,0
C/C(=N\O)c1[c]cc([N+](=O)[O-])cc1,2,2,1.0,1.0,1.0,1.0,1.0,1.0,2,0,11,0
C/C(=N\[O-])c1[c]cc([N+](=O)[O-])cc1,2,2,1.0,1.0,1.0,1.0,1.0,1.0,2,0,11,0
CC(C)c1cccc(C(C)C)c1/N=C/c1[c]c2c(cc1)OCO2,2,2,1.0,1.0,1.0,1.0,1.0,1.0,2,0,21,0
N#CC1=N\O[B@-]2(F)O/N=C(c3ccccc3)/C(c3ccccc3)=N/O[B@-](F)(O/N=C/1)O/N=C(c1ccccc1)/C(c1ccccc1)=N/O2,6,6,1.0,1.0,1.0,1.0,1.0,1.0,6,0,42,0
C1=C(c2ccccc2)P2CC[C@]1(c1ccccc1)O2,1,1,1.0,1.0,1.0,1.0,1.0,1.0,1,0,18,0
c1ccc(-c2cc(-c3scc4c3OCCO4)cc(-c3ccccn3)n2)nc1,3,3,1.0,1.0,1.0,1.0,1.0,1.0,3,0,24,0
[C]#CC(C#CC(C#Cc1cncc(C#CC(C#CC(C#[C])=C(c2ccccc2)c2ccccc2)=C(c2ccccc2)c2ccccc2)c1)=C(c1ccccc1)c1ccccc1)=C(c1ccccc1)c1ccccc1,2,3,0.0,0.0,0.9930555555555556,1.0,0.9861111111111112,0.9864864864864865,2,1,71,0
C/C(=N\NC(N)=S)c1ccc(C)s1,1,2,0.0,0.0,0.9583333333333333,1.0,0.9166666666666666,0.9230769230769231,1,1,11,0
CS[C@@H](C)[C@@H](C)SC,2,2,1.0,1.0,1.0,1.0,1.0,1.0,2,0,6,0
[c]1ccccc1-c1cccc(-c2cn(Cc3ccccc3)nn2)n1,3,3,1.0,1.0,1.0,1.0,1.0,1.0,3,0,21,0
CC(C)CN(CC(C)C)C(=O)c1ccccn1,2,2,1.0,1.0,1.0,1.0,1.0,1.0,2,0,15,0
CCCc1cc(CCC)[s+](-c2c(-c3c(C)cc(C)cc3C)cccc2-c2c(C)cc(C)cc2C)c1,4,3,0.0,0.0,0.7338709677419355,0.5,0.967741935483871,0.9142857142857143,2,1,30,2
c1ccc(C2=N[C@H](COCc3cccc(COC[C@@H]4COC(c5ccccc5)=N4)n3)CO2)cc1,5,5,1.0,1.0,1.0,1.0,1.0,1.0,5,0,29,0
c1cc(N2CCCN3CCC[N+]=C32)nc(N2CCCN3CCC[N+]=C32)c1,3,3,1.0,1.0,1.0,1.0,1.0,1.0,3,0,23,0
CN1c2cccc(n2)N(C)c2cccc(n2)N(c2ccccc2[N+](=O)[O-])c2cccc(n2)N(C)c2cccc1n2,4,4,1.0,1.0,1.0,1.0,1.0,1.0,4,0,36,0
CCCC[p+]1c(-c2ccccc2)c(-c2ccccc2)cc(C)c1P(=S)(c1ccccc1)c1ccccc1,2,2,1.0,1.0,1.0,1.0,1.0,1.0,2,0,35,0
Cc1cc(-c2ccccc2)c(-c2ccccc2)[p+](C)c1P(=S)(c1ccccc1)c1ccccc1,2,2,1.0,1.0,1.0,1.0,1.0,1.0,2,0,32,0
C[C@@H]1[C@@H](CN[CH]c2ccccn2)C[C@H]2C[C@@H]1C2(C)C,2,3,0.0,0.0,0.9705882352941176,1.0,0.9411764705882353,0.9473684210526315,2,1,16,0
CNc1ccc([N+](=O)[O-])cc1OCCSCCSCCO,2,5,0.0,0.0,0.9210526315789473,1.0,0.8421052631578947,0.8571428571428571,2,3,16,0
NCCCNCCNCCCNCc1c2ccccc2cc2ccccc12,4,4,1.0,1.0,1.0,1.0,1.0,1.0,4,0,23,0
O=C([O-])CSc1nnc(SCC(=O)O)s1,1,4,0.0,0.0,0.8928571428571428,1.0,0.7857142857142857,0.8,1,3,11,0
O=C([CH][P+](CCP(c1ccccc1)c1ccccc1)(c1ccccc1)c1ccccc1)c1cccc(Br)c1,2,2,1.0,1.0,1.0,1.0,1.0,1.0,2,0,36,0
CC(=N)n1ncn(C)c1=S,2,3,0.0,0.0,0.9375,1.0,0.875,0.9,2,1,7,0
CCCCn1cc(Cn2cc[n+](C)c2C)nn1,1,1,1.0,1.0,1.0,1.0,1.0,1.0,1,0,16,0
CCCCNC1=N\O[B@-]2(F)O/N=C(c3ccccc3)/C(c3ccccc3)=N/O[B@-](F)(O/N=C/1NCCCC)O/N=C(c1ccccc1)/C(c1ccccc1)=N/O2,6,6,1.0,1.0,1.0,1.0,1.0,1.0,6,0,50,0
C[Si](C)(C)C/[C]=N\c1ccccc1,2,2,1.0,1.0,1.0,1.0,1.0,1.0,2,0,11,0
CC(C)(C)/C(=C/[Si-](F)F)[Si-](F)F,2,2,1.0,1.0,1.0,1.0,1.0,1.0,2,0,10,0
COc1ccc(/C=N/C(C#N)=C(/C#N)[N-]Cc2ccccn2)cc1,3,3,1.0,1.0,1.0,1.0,1.0,1.0,3,0,21,0
N#CC(/N=C/c1ccc(C(F)(F)F)cc1)=C(\C#N)[N-]Cc1ccccn1,3,3,1.0,1.0,1.0,1.0,1.0,1.0,3,0,23,0
O=C(NCc1ccc(-c2ccccn2)nc1)Nc1ccccc1NC(=O)Nc1ccc([N+](=O)[O-])cc1,2,2,1.0,1.0,1.0,1.0,1.0,1.0,2,0,34,0
CC(C)(C)c1ccc(NC(=O)Nc2ccccc2NC(=O)NCc2ccc(-c3ccccn3)nc2)cc1,2,2,1.0,1.0,1.0,1.0,1.0,1.0,2,0,35,0
O=C([O-])c1ccc(C(F)(F)F)cc1,1,2,0.0,0.0,0.9583333333333333,1.0,0.9166666666666666,0.9230769230769231,1,1,11,0
[O-]c1ccc2ccccc2c1/C=N/CC1OCCO1,2,2,1.0,1.0,1.0,1.0,1.0,1.0,2,0,17,0
[O-]c1cc2ccccc2cc1/C=N/CC1OCCO1,2,2,1.0,1.0,1.0,1.0,1.0,1.0,2,0,17,0
CCN(CC)/C([S-])=N/C(=N/CC(=O)[N-]CC(=O)[N-]CC(=O)O)c1ccccc1,4,4,1.0,1.0,1.0,1.0,1.0,1.0,4,0,24,0
O=C(O)C[N-]C(=O)C[N-]C(=O)C/N=C(/N=C(\[S-])N1CCOCC1)c1ccccc1,4,4,1.0,1.0,1.0,1.0,1.0,1.0,4,0,25,0
CS(=O)(=O)[N-]c1cccc2scnc12,2,2,1.0,1.0,1.0,1.0,1.0,1.0,2,0,12,0
CS(=O)(=O)[N-]c1cccn2ccnc12,2,2,1.0,1.0,1.0,1.0,1.0,1.0,2,0,12,0
C/C(=N\c1c(C(C)C)cccc1C(C)C)C1=CC=C/C(=C/P(C(C)(C)C)C(C)(C)C)[N-]1,3,3,1.0,1.0,1.0,1.0,1.0,1.0,3,0,28,0
CC(C)(C)c1cc(C([Si](C)(C)C)[Si](C)(C)C)c([Si-3])c(C([Si](C)(C)C)[Si](C)(C)C)c1,1,1,1.0,1.0,1.0,1.0,1.0,1.0,1,0,28,0
[CH]CCc1ccccn1,2,2,1.0,1.0,1.0,1.0,1.0,1.0,2,0,7,0
O=C=C(F)F,2,3,0.0,0.0,0.8333333333333333,1.0,0.6666666666666666,0.8,2,1,2,0
O=C[CH]CC(/C(=N/c1cc(C(F)(F)F)cc(C(F)(F)F)c1)C(F)(F)F)/C(=N/c1cc(C(F)(F)F)cc(C(F)(F)F)c1)C(F)(F)F,3,3,1.0,1.0,1.0,1.0,1.0,1.0,3,0,42,0
C[C](P(=S)(c1ccccc1)c1ccccc1)P(=S)(c1ccccc1)c1ccccc1,3,3,1.0,1.0,1.0,1.0,1.0,1.0,3,0,27,0
Cc1cc(C)c(/C=N/CC/N=C/c2c(C)cc(C)cc2C)c(C)c1,2,2,1.0,1.0,1.0,1.0,1.0,1.0,2,0,22,0
C1=C[C@H]2C[C@@H]1c1nc3c4cccnc4c4ncccc4c3nc12,2,2,1.0,1.0,1.0,1.0,1.0,1.0,2,0,21,0
Cc1ccc(-c2nc(=O)c3ccccc3n2CCc2ccccc2)cc1,2,1,0.0,0.0,0.75,0.5,1.0,0.9615384615384616,1,0,24,1
CCN(CC)[C@@H]1CCCC[C@H]1N(CC)CC,2,2,1.0,1.0,1.0,1.0,1.0,1.0,2,0,14,0
O=C1c2ccccc2C(=O)c2c1ccc1nc(-c3ncc[nH]3)[nH]c21,2,2,1.0,1.0,1.0,1.0,1.0,1.0,2,0,22,0
CCCC/N=C/c1cccc(OCc2ccccc2)c1[O-],2,2,1.0,1.0,1.0,1.0,1.0,1.0,2,0,19,0
OCc1ccccc1[S-],1,1,1.0,1.0,1.0,1.0,1.0,1.0,1,0,8,0
CC(C)(C)c1c[c]c2c(c1)C(C)(C)c1cc(C(C)(C)C)cc(Br)c1O2,1,1,1.0,1.0,1.0,1.0,1.0,1.0,1,0,24,0
CC1(C)O[Si](C)(C)OC(C)(C)[C]2~[C]1~[C]1C(c3ccccc3)(c3ccccc3)O[Si](c3ccccc3)(c3ccccc3)OC(c3ccccc3)(c3ccccc3)[C]~2~1,4,4,1.0,1.0,1.0,1.0,1.0,1.0,4,0,52,0
[C]#CC#CC1=C(C)SC(=C2SC(C)=C(C)S2)S1,1,1,1.0,1.0,1.0,1.0,1.0,1.0,1,0,16,0
[C]#CC(C(=C(C#N)C#N)C1=C(C)SC(=C2SC(C)=C(C)S2)S1)=c1ccc(=C(C#N)C#N)cc1,1,1,1.0,1.0,1.0,1.0,1.0,1.0,1,0,32,0
OC[C@H]1O[C@@H](OCCn2cc(-c3ccccn3)nn2)[C@H](O)[C@@H](O)[C@@H]1O,2,2,1.0,1.0,1.0,1.0,1.0,1.0,2,0,23,0
ON=C(c1ccncc1)c1ccncc1,1,2,0.0,0.0,0.9642857142857143,1.0,0.9285714285714286,0.9333333333333333,1,1,13,0
CCCCN1CNCCNCN(CCCC)CNCCNC1,4,4,1.0,1.0,1.0,1.0,1.0,1.0,4,0,18,0
CC(=O)NO,2,2,1.0,1.0,1.0,1.0,1.0,1.0,2,0,3,0
Nc1ccccc1-c1ccc2cccnc2n1,2,3,0.0,0.0,0.9666666666666667,1.0,0.9333333333333333,0.9411764705882353,2,1,14,0
C/C(N)=C\C#N,1,1,1.0,1.0,1.0,1.0,1.0,1.0,1,0,5,0
c1ccc(P(c2ccccc2)c2ccccc2[C@H]2OC(c3ccccc3)(c3ccccc3)[C@@H]3CCCN23)cc1,2,7,0.0,0.0,0.6689189189189189,0.5,0.8378378378378378,0.8205128205128205,1,6,31,1
Cc1ccc([C](~[S-2])~[S-2]~[S-2])cc1,2,2,1.0,1.0,1.0,1.0,1.0,1.0,2,0,9,0
COc1ccc(C2=C([Si](C)(C)C)C(c3ccc(OC)cc3)=C2[Si](C)(C)C)cc1,4,4,1.0,1.0,1.0,1.0,1.0,1.0,4,0,24,0
C[Si](C)(C)C1=C(c2ccc(C(F)(F)F)cc2)C([Si](C)(C)C)=C1c1ccc(C(F)(F)F)cc1,4,4,1.0,1.0,1.0,1.0,1.0,1.0,4,0,28,0
O=c1c(-c2ccccc2)c(-c2ccccc2)c(=O)c1=O,2,2,1.0,1.0,1.0,1.0,1.0,1.0,2,0,18,0
Cc1cc([C@]23C[C@H]4C[C@H](C[C@H](C4)C2)C3)c([O-])c([C@]23C[C@H]4C[C@H](C[C@H](C4)C2)C3)c1,1,1,1.0,1.0,1.0,1.0,1.0,1.0,1,0,27,0
Cc1[n-]c2ccccc2c1C,1,1,1.0,1.0,1.0,1.0,1.0,1.0,1,0,10,0
CC1(c2ccccn2)CN(CCc2ccccn2)CCN(CCc2ccccn2)C1,5,5,1.0,1.0,1.0,1.0,1.0,1.0,5,0,25,0
CC[P+](CC)(CC)/C(C)=[C]\OC,1,1,1.0,1.0,1.0,1.0,1.0,1.0,1,0,11,0
COc1cccc(Cc2cccc(-n3nnc4ccccc43)n2)n1,3,3,1.0,1.0,1.0,1.0,1.0,1.0,3,0,21,0
N[C@H]1CCC[C@@H]1C(=O)[O-],2,3,0.0,0.0,0.9285714285714286,1.0,0.8571428571428571,0.8888888888888888,2,1,6,0
Cc1[nH+]cc(CO)c(/C=N/CCS(=O)(=O)[O-])c1[O-],2,3,0.0,0.0,0.96875,1.0,0.9375,0.9444444444444444,2,1,15,0
CC(C)(C)c1cccc(C=O)c1[O-],2,2,1.0,1.0,1.0,1.0,1.0,1.0,2,0,11,0
CC1=N\O[B@-]2(F)O/N=C(c3ccccc3)/C(c3ccccc3)=N/O[B@-](F)(O/N=C/1Br)O/N=C(c1ccccc1)/C(c1ccccc1)=N/O2,6,6,1.0,1.0,1.0,1.0,1.0,1.0,6,0,42,0
Nn1c(-c2ccc(Cl)cc2)nnc1-c1ccccn1,2,3,0.0,0.0,0.9705882352941176,1.0,0.9411764705882353,0.9473684210526315,2,1,16,0
S=c1[nH]snc1[S-],2,2,1.0,1.0,1.0,1.0,1.0,1.0,2,0,5,0
O=C([O-])COc1cccc(OCC(=O)O)c1,1,4,0.0,0.0,0.9,1.0,0.8,0.8125,1,3,12,0
C[C@H](c1[c]c([C@H](C)c2ccccn2)ccc1)c1ccccn1,3,3,1.0,1.0,1.0,1.0,1.0,1.0,3,0,19,0
O=[N+]([O-])c1ccc(/C([O-])=N/N=C/c2cccc(Br)c2[O-])cc1,3,3,1.0,1.0,1.0,1.0,1.0,1.0,3,0,19,0
CP(C)CP(C)CP(C)C,2,3,0.0,0.0,0.9375,1.0,0.875,0.9,2,1,7,0
CN(Cc1cccc(Br)n1)Cc1cccc(Br)n1,3,3,1.0,1.0,1.0,1.0,1.0,1.0,3,0,15,0
O=C1C(Br)=C(Br)C(=O)c2ccccc21,2,2,1.0,1.0,1.0,1.0,1.0,1.0,2,0,12,0
CC(C)(C)[C@H]1OP(Cl)OP1C(C)(C)C,1,2,0.0,0.0,0.9615384615384616,1.0,0.9230769230769231,0.9285714285714286,1,1,12,0
Cc1cc(C)c(/N=C/c2cccc(C(C)(C)C)c2[O-])c(C)c1,2,2,1.0,1.0,1.0,1.0,1.0,1.0,2,0,20,0
O=C1[C]=C(Cl)C(=O)C2=C1[C@H]1c3ccccc3[C@@H]2c2ccccc21,1,1,1.0,1.0,1.0,1.0,1.0,1.0,1,0,22,0
C[C@@H](c1ccccc1)N(CCN([C@@H](C)c1ccccc1)P(c1ccccc1)c1ccccc1)P(c1ccccc1)c1ccccc1,2,2,1.0,1.0,1.0,1.0,1.0,1.0,2,0,44,0
Cc1cnc([O-])[n-]c1=O,2,2,1.0,1.0,1.0,1.0,1.0,1.0,2,0,7,0
CC(=N\N)/C(C)=N/N,2,2,1.0,1.0,1.0,1.0,1.0,1.0,2,0,6,0
Cc1cc(C)c([O-])c(CN(CCN2COc3c(C)cc(C)cc3C2)Cc2cc(C)cc(C)c2[O-])c1,4,4,1.0,1.0,1.0,1.0,1.0,1.0,4,0,31,0
CCCCNC(=O)[N-]S(=O)(=O)c1ccc(C)cc1,1,2,0.0,0.0,0.9705882352941176,1.0,0.9411764705882353,0.9444444444444444,1,1,16,0
CC(C)(C)c1cc(CN2C(=O)/C(=N/N=C(/N)[S-])c3ccccc32)cc(C(C)(C)C)c1O,3,3,1.0,1.0,1.0,1.0,1.0,1.0,3,0,28,0
COC(=O)/C=C/C=C\C=O,4,4,1.0,1.0,1.0,1.0,1.0,1.0,4,0,6,0
O=C(OCCCOP(=O)(c1ccccc1)c1ccccc1)c1cccc([O-])c1[O-],2,3,0.0,0.0,0.9814814814814814,1.0,0.9629629629629629,0.9655172413793104,2,1,26,0
N=c1c(=N)c2cccc3ccc4cccc1c4c32,2,2,1.0,1.0,1.0,1.0,1.0,1.0,2,0,16,0
c1ccc2c(c1)ccc1c2ccc2c3ccccc3ccc21,6,20,0.0,0.0,0.4479166666666667,0.8333333333333334,0.0625,0.2727272727272727,5,15,1,1
O=P(Cc1cccc[n+]1[O-])(c1ccccc1)c1ccccc1,2,2,1.0,1.0,1.0,1.0,1.0,1.0,2,0,20,0
Cc1cc2nc(C)c(-c3[c]cccc3)nc2cc1C,2,2,1.0,1.0,1.0,1.0,1.0,1.0,2,0,17,0
CN(C)C(=[N+]c1ccccc1N(C)c1ccccc1[N+]=C(N(C)C)N(C)C)N(C)C,3,3,1.0,1.0,1.0,1.0,1.0,1.0,3,0,27,0
[S-]/C(=N\N=C(/c1ccccc1)c1ccccn1)Nc1ccccc1,3,3,1.0,1.0,1.0,1.0,1.0,1.0,3,0,21,0
CC(C)(C)/N=[B-](/c1[c]cccc1)N(C(C)(C)C)[Si](C)(C)C,2,2,1.0,1.0,1.0,1.0,1.0,1.0,2,0,19,0
CSC[C@]12CC[C@H](C[C@H]1OP1N(c3ccccc3)C[C@@H]3CCCN31)C2(C)C,2,2,1.0,1.0,1.0,1.0,1.0,1.0,2,0,25,0
CC(=N\N=C(/[S-])N1CCCC1)/C(C)=N/NC(=S)N1CCCC1,4,4,1.0,1.0,1.0,1.0,1.0,1.0,4,0,18,0
[O-][C@H]1CCCO1,1,1,1.0,1.0,1.0,1.0,1.0,1.0,1,0,5,0
Cn1c(C(CC(=O)[O-])c2nc3ccccc3n2C)nc2ccccc21,3,4,0.0,0.0,0.9772727272727273,1.0,0.9545454545454546,0.96,3,1,21,0
[BH3-][P+](CCCCCCP(c1ccccc1)c1ccccc1)(c1ccccc1)c1ccccc1,1,1,1.0,1.0,1.0,1.0,1.0,1.0,1,0,32,0
Cc1cs/c(=N\P(c2ccccc2)c2ccccc2)[nH]1,1,1,1.0,1.0,1.0,1.0,1.0,1.0,1,0,19,0
COc1ccc(-c2nnc(NS(=O)(=O)c3ccc(C)cc3)s2)cc1,1,1,1.0,1.0,1.0,1.0,1.0,1.0,1,0,23,0
CCO[C]/C=C(\c1ccccc1)n1nc(C(C)(C)C)cc1C(C)(C)C,1,2,0.0,0.0,0.9791666666666667,1.0,0.9583333333333334,0.96,1,1,23,0
CCO[C]/C=C(\c1ccccc1)n1ccc(C)n1,1,2,0.0,0.0,0.9705882352941176,1.0,0.9411764705882353,0.9444444444444444,1,1,16,0
CN(C)c1ccccc1[CH][Si](C)(C)C,2,2,1.0,1.0,1.0,1.0,1.0,1.0,2,0,12,0
CNC(=S)NN=C(c1ccccn1)c1ccccn1,2,4,0.0,0.0,0.9411764705882353,1.0,0.8823529411764706,0.8947368421052632,2,2,15,0
Nn1c(-c2cccs2)n[n-]c1=S,1,2,0.0,0.0,0.9545454545454546,1.0,0.9090909090909091,0.9166666666666666,1,1,10,0
CCCCCCn1[c]c(-c2ccccc2)[n+](C)n1,1,1,1.0,1.0,1.0,1.0,1.0,1.0,1,0,17,0
CCCCn1[c]c(-c2ccccc2)[n+](C)n1,1,1,1.0,1.0,1.0,1.0,1.0,1.0,1,0,15,0
C[n+]1nn(Cc2ccccc2)[c]c1-c1ccc(-c2ccccc2)cc1,1,1,1.0,1.0,1.0,1.0,1.0,1.0,1,0,24,0
Cc1ccc([N-][P+](C)([N-]c2ccc(C)cc2)Nc2ccc(C)cc2)cc1,2,2,1.0,1.0,1.0,1.0,1.0,1.0,2,0,24,0
CCCCN(P(c1ccccc1)c1ccccc1)P(c1ccccc1)c1ccccc1,2,2,1.0,1.0,1.0,1.0,1.0,1.0,2,0,29,0
COc1ccc(/C([O-])=N/N=C/c2ccccn2)cc1,3,3,1.0,1.0,1.0,1.0,1.0,1.0,3,0,16,0
C[C@H](C(=O)[O-])c1ccc(Sc2ccccc2)c(CC(=O)O)c1,2,3,0.0,0.0,0.975,1.0,0.95,0.9545454545454546,2,1,19,0
Brc1ccccc1CP(Cc1ccccc1Br)Cc1ccccc1Br,1,1,1.0,1.0,1.0,1.0,1.0,1.0,1,0,24,0
Ic1ccccc1OP(Oc1ccccc1I)Oc1ccccc1I,1,1,1.0,1.0,1.0,1.0,1.0,1.0,1,0,24,0
CN(c1[c]cccn1)[Si-]1[N-](C(C)(C)C)~[C](c2ccccc2)~[N-]1C(C)(C)C,2,2,1.0,1.0,1.0,1.0,1.0,1.0,2,0,24,0
CN(c1ccccn1)[Si-]1[N-](C(C)(C)C)~[C](c2ccccc2)~[N-]1C(C)(C)C,2,2,1.0,1.0,1.0,1.0,1.0,1.0,2,0,24,0
[CH][C@@H]1CC(C=C)=C(C(=O)OC)[C@@H]1C(=O)OC,1,1,1.0,1.0,1.0,1.0,1.0,1.0,1,0,15,0
COc1cccc(/C=N/Cc2ccccc2)c1[O-],2,2,1.0,1.0,1.0,1.0,1.0,1.0,2,0,16,0
C[NH+](C)NP(c1ccccc1)c1ccccc1,1,1,1.0,1.0,1.0,1.0,1.0,1.0,1,0,16,0
CCOC(=O)[C](Oc1[c]cccc1)C(C)C,2,2,1.0,1.0,1.0,1.0,1.0,1.0,2,0,14,0
CCOC(=O)[C@H](CC)Oc1[c]cccc1,1,1,1.0,1.0,1.0,1.0,1.0,1.0,1,0,14,0
CCOC(=O)[C@H](Oc1[c]cccc1)C(C)C,1,1,1.0,1.0,1.0,1.0,1.0,1.0,1,0,15,0
[C]/C(=C(\C=[C]\c1ccccc1)Cc1ccccc1)c1ccccc1,2,2,1.0,1.0,1.0,1.0,1.0,1.0,2,0,22,0
[C]/C(=C(\C=[C]\c1ccccc1)Cc1ccccc1)c1ccc(C)cc1,2,2,1.0,1.0,1.0,1.0,1.0,1.0,2,0,23,0
[O-2]~[C](~[CH]P(c1ccccc1)c1ccccc1)c1ccccc1Nc1ccccc1,2,2,1.0,1.0,1.0,1.0,1.0,1.0,2,0,27,0
O[Si-](O)O,1,1,1.0,1.0,1.0,1.0,1.0,1.0,1,0,3,0
Cc1cc(C)n(C(n2nc(C)cc2C)[Si](C)(C)[N-]c2ccccc2)n1,3,3,1.0,1.0,1.0,1.0,1.0,1.0,3,0,22,0
CC(C)(C)c1cc(C(C)(C)C)n(C(n2nc(C(C)(C)C)cc2C(C)(C)C)[Si](C)(C)[N-]c2ccccc2)n1,3,3,1.0,1.0,1.0,1.0,1.0,1.0,3,0,34,0
O=[N+]([O-])c1c[c]c(-c2ccccn2)cc1,2,2,1.0,1.0,1.0,1.0,1.0,1.0,2,0,13,0
Cn1ccnc1CNCC[O-],3,3,1.0,1.0,1.0,1.0,1.0,1.0,3,0,8,0
CC(C)c1ccccc1P(c1ccccc1C(C)C)c1ccccc1P(c1ccccc1C(C)C)c1ccccc1C(C)C,2,2,1.0,1.0,1.0,1.0,1.0,1.0,2,0,42,0
CSC(=O)/C(=C(/[C]=O)C(F)(F)F)C(F)(F)F,4,2,0.0,0.0,0.5833333333333333,0.25,0.9166666666666666,0.75,1,1,11,3
C[C@@H](CSC(F)(F)F)SC(F)(F)F,2,2,1.0,1.0,1.0,1.0,1.0,1.0,2,0,11,0
NCC(c1ccccc1)c1ccccc1,1,1,1.0,1.0,1.0,1.0,1.0,1.0,1,0,14,0
CCO[C@H](C)[C@@H]([C]=O)OCC,1,2,0.0,0.0,0.95,1.0,0.9,0.9090909090909091,1,1,9,0
CC#[N+][Si-](c1ccccc1)c1ccccc1,1,1,1.0,1.0,1.0,1.0,1.0,1.0,1,0,15,0
Cc1cc(C)cc(C/[C]=N\c2c(C)cccc2C)c1,2,2,1.0,1.0,1.0,1.0,1.0,1.0,2,0,17,0
Cn1ccnc1CN1CCCN(Cc2nccn2C)CC1,4,4,1.0,1.0,1.0,1.0,1.0,1.0,4,0,17,0
c1nc(CN2CCCN(Cc3c[nH]cn3)CC2)c[nH]1,4,4,1.0,1.0,1.0,1.0,1.0,1.0,4,0,15,0
Cn1ccnc1CP(c1ccccc1)c1ccccc1,2,2,1.0,1.0,1.0,1.0,1.0,1.0,2,0,18,0
CC(=O)C(/C(C)=N/CC/N=C(C)/C(C(C)=O)=C(/C)[O-])=C(\C)[O-],4,4,1.0,1.0,1.0,1.0,1.0,1.0,4,0,18,0
Cn1cccc1CN(Cc1ccccc1)[C](~[S-2])~[S-2],2,2,1.0,1.0,1.0,1.0,1.0,1.0,2,0,16,0
CCO[Si](CCCN(P(c1ccccc1)c1ccccc1)P(c1ccccc1)c1ccccc1)(OCC)OCC,2,2,1.0,1.0,1.0,1.0,1.0,1.0,2,0,38,0
Cc1cc(C)c([N-2]~[C]2C=CC=C[C]~2~[N-2]c2c(C)cc(C)cc2C)c(C)c1,2,2,1.0,1.0,1.0,1.0,1.0,1.0,2,0,24,0
Cc1cc(C)c(P(C#CC(C)(C)C)P(/C=C\C(C)(C)C)c2c(C)cc(C)cc2C)c(C)c1,1,2,0.0,0.0,0.9838709677419355,1.0,0.967741935483871,0.96875,1,1,30,0
COC(=O)/[C]=C(/C=C/C(C)(C)C)C(=O)OC,2,2,1.0,0.0,0.7142857142857143,0.5,0.9285714285714286,0.875,1,1,13,1
O=C([O-])CN[C@@H](Cc1c[nH]cn1)C(=O)[O-],4,6,0.0,0.0,0.9090909090909092,1.0,0.8181818181818182,0.8666666666666667,4,2,9,0
C=C[Si]1(C)C(c2ccccc2)=CC=C1c1ccccc1,6,4,0.0,0.0,0.8333333333333333,0.6666666666666666,1.0,0.9,4,0,14,2
C[C@@H](O)C/[NH+]=C/c1c([O-])ccc2ccccc12,1,1,1.0,1.0,1.0,1.0,1.0,1.0,1,0,16,0
CCCOc1c2[c]ccc1Sc1cccc(c1OCCC)Sc1cccc(c1OCCC)Sc1cccc(c1OCCC)S2,1,6,0.0,0.0,0.9418604651162791,1.0,0.8837209302325582,0.8863636363636364,1,5,38,0
O=C(N/N=C/c1ccc2ccc3cccc4c[c]c1c2c43)c1ccccc1,3,3,1.0,1.0,1.0,1.0,1.0,1.0,3,0,24,0
C=C/N=C1/N(C=C)[C][C@@]1(C)OCC,1,1,1.0,1.0,1.0,1.0,1.0,1.0,1,0,12,0
CN(C)P(=[O+][Si-](OC(C)(C)C)OC(C)(C)C)(N(C)C)N(C)C,1,1,1.0,1.0,1.0,1.0,1.0,1.0,1,0,21,0
c1ccc(N=P(CP(c2ccccc2)c2ccccc2)(c2ccccc2)c2ccccc2)cc1,2,2,1.0,1.0,1.0,1.0,1.0,1.0,2,0,32,0
C[C@@H](N=P(CP(c1ccccc1)c1ccccc1)(c1ccccc1)c1ccccc1)c1ccccc1,2,2,1.0,1.0,1.0,1.0,1.0,1.0,2,0,34,0
[CH2][Si](C)(C)N(P1N(C(C)(C)C)P(=N[Si](C)(C)C)(N[Si](C)(C)C)N1C(C)(C)C)[Si](C)(C)C,2,3,0.0,0.0,0.9827586206896552,1.0,0.9655172413793104,0.967741935483871,2,1,28,0
O=C(N/N=C/c1ccccn1)c1ccc(F)cc1,2,3,0.0,0.0,0.96875,1.0,0.9375,0.9444444444444444,2,1,15,0
C[C@]12CC[C@](C)(CC1)[C@@H](CP(c1ccccc1)c1ccccc1)[C@@H]2CP(c1ccccc1)c1ccccc1,2,2,1.0,1.0,1.0,1.0,1.0,1.0,2,0,36,0
[S-]Cc1ccncc1,1,1,1.0,1.0,1.0,1.0,1.0,1.0,1,0,7,0
Cc1cc(C)c([N-]c2ccc(C)cc2P(c2ccccc2)c2cc(C)ccc2[N-]c2c(C)cc(C)cc2C)c(C)c1,3,3,1.0,1.0,1.0,1.0,1.0,1.0,3,0,38,0
N#Cc1c[c]ccc1,1,1,1.0,1.0,1.0,1.0,1.0,1.0,1,0,7,0
c1ccc(CN(Cc2ccccn2)C2CCCCC2)nc1,3,3,1.0,1.0,1.0,1.0,1.0,1.0,3,0,18,0
CSc1ccccc1C([O-])(C(F)(F)F)C(F)(F)F,2,2,1.0,1.0,1.0,1.0,1.0,1.0,2,0,16,0
Cc1cccc(C)c1N(Cn1cccn1)Cn1cccn1,2,2,1.0,1.0,1.0,1.0,1.0,1.0,2,0,19,0
Cc1ccc(-n2c(-c3ccccn3)nnc2-c2cccnn2)cc1,2,4,0.0,0.0,0.9545454545454546,1.0,0.9090909090909091,0.9166666666666666,2,2,20,0
[C]#CCCO,1,1,1.0,1.0,1.0,1.0,1.0,1.0,1,0,4,0
C/C1=N\CCN(C)CC/C(C)=N/CCN(C)CC1,4,4,1.0,1.0,1.0,1.0,1.0,1.0,4,0,14,0
Cn1ccnc1/C([O-])=C/c1ccccc1,2,2,1.0,1.0,1.0,1.0,1.0,1.0,2,0,13,0
C[Si](C)(C)CC(=N\c1ccccc1)/C([N-]c1ccccc1)=C(\C[Si](C)(C)C)[N-]c1ccccc1,2,3,0.0,0.0,0.984375,1.0,0.96875,0.9705882352941176,2,1,31,0
Cc1n[n-]c(-c2ccccn2)n1,2,2,1.0,1.0,1.0,1.0,1.0,1.0,2,0,10,0
CCn1[c]c(-c2[c]cccc2)[n+](CC)n1,2,2,1.0,1.0,1.0,1.0,1.0,1.0,2,0,13,0
O=[N+]([O-])c1c[c]ccc1,1,1,1.0,1.0,1.0,1.0,1.0,1.0,1,0,8,0
C/C([O-])=C/C(C)=N/[C@@H](C)C/N=C(C)/C(C)=N/O,4,4,1.0,1.0,1.0,1.0,1.0,1.0,4,0,13,0
[c]1ccccc1-c1cccc(-c2ccccc2-c2ccccc2-c2ccccn2)n1,3,3,1.0,1.0,1.0,1.0,1.0,1.0,3,0,27,0
Cc1c[c]c(-c2cccc(-c3ccc(C)cc3)n2)cc1,2,2,1.0,1.0,1.0,1.0,1.0,1.0,2,0,18,0
CS/C(=N/N=C(\c1ccccc1)c1ccccc1[O-])[N-]c1ccccc1,3,3,1.0,1.0,1.0,1.0,1.0,1.0,3,0,23,0
Cc1ccc(C[N-]C(=O)N([C]=O)Cc2ccc(C)cc2)cc1,2,2,1.0,1.0,1.0,1.0,1.0,1.0,2,0,20,0
c1ccc(Cn2cccn2)cc1,1,1,1.0,1.0,1.0,1.0,1.0,1.0,1,0,11,0
O=C(C[C@H](c1ccccc1)[C@H](/N=C(\c1ccccc1)c1ccccc1[N-]C(=O)[C@@H]1CCCN1Cc1ccccc1)C(=O)[O-])c1ccccc1,4,5,0.0,0.0,0.9888888888888889,1.0,0.9777777777777777,0.9795918367346939,4,1,44,0
COC(=O)[C](c1cc(C)cc(C)c1)C1(C(=O)OC)C(C(=O)OC)=C(C(=O)OC)C(C(=O)OC)=C1C(=O)OC,2,3,0.0,0.0,0.7222222222222222,0.5,0.9444444444444444,0.9210526315789473,1,2,34,1
COC(=O)/C=[C]/C#Cc1ccccc1,2,4,0.0,0.0,0.9166666666666667,1.0,0.8333333333333334,0.8571428571428571,2,2,10,0
O=C([O-])CN1CCCN(CC(=O)O)CCN(CC(=O)[O-])C[C@H](Cc2ccc([N+](=O)[O-])cc2)CN(CC(=O)O)CC1,6,10,0.0,0.0,0.9411764705882353,1.0,0.8823529411764706,0.9,6,4,30,0
Cc1cccc(C)c1N[C]Nc1c(C)cccc1C,1,1,1.0,1.0,1.0,1.0,1.0,1.0,1,0,18,0
c1coc(-c2c[nH]nn2)c1,1,2,0.0,0.0,0.9444444444444444,1.0,0.8888888888888888,0.9,1,1,8,0
Cc1cc(C)n([BH-]2n3c(C)cc(C)[n+]3[P-][n+]3c(C)cc(C)n32)n1,1,2,0.0,0.0,0.9772727272727273,1.0,0.9545454545454546,0.9565217391304348,1,1,21,0
CC1(C)CC[C@H]2N=C(c3ccc(Br)cc3)ON21,1,1,1.0,1.0,1.0,1.0,1.0,1.0,1,0,16,0
[N-2]c1ccccc1O,1,1,1.0,1.0,1.0,1.0,1.0,1.0,1,0,7,0
CCOC(=O)C1(C(=O)OCC)C[C]2~[C](C)[C@@]3(C)[CH]C(=O)[C@@]4(CN(S(=O)(=O)c5ccc(C)cc5)C[C@@H]4C3=O)[C]~2C1,4,4,1.0,1.0,1.0,1.0,1.0,1.0,4,0,35,0
C1=NCCOc2ccccc21,1,2,0.0,0.0,0.95,1.0,0.9,0.9090909090909091,1,1,9,0
CSC(=O)N=[N-],1,1,1.0,1.0,1.0,1.0,1.0,1.0,1,0,5,0
Cc1cc(-c2ccccc2)n(-c2[c]cccc2)n1,2,2,1.0,1.0,1.0,1.0,1.0,1.0,2,0,16,0
O=C([O-])CCNC(=O)C(=O)NCCC(=O)[O-],2,4,0.0,0.0,0.9285714285714286,1.0,0.8571428571428571,0.875,2,2,12,0
c1nc([C@@H]2CCNCCNCCCNCCN2)c[nH]1,5,5,1.0,1.0,1.0,1.0,1.0,1.0,5,0,14,0
COC(=O)[C](c1ccccc1Cc1ccccn1)C1(C(=O)OC)C(C(=O)OC)=C(C(=O)OC)C(C(=O)OC)=C1C(=O)OC,3,4,0.0,0.0,0.8083333333333333,0.6666666666666666,0.95,0.9302325581395349,2,2,38,1
[CH2][C@@H](OCC)[C@@H]1C(=O)CCC[C@H]1C,1,2,0.0,0.0,0.9583333333333333,1.0,0.9166666666666666,0.9230769230769231,1,1,11,0
Oc1cc(OP(c2ccccc2)c2ccccc2)[c]c(OP(c2ccccc2)c2ccccc2)c1,3,3,1.0,1.0,1.0,1.0,1.0,1.0,3,0,32,0
[CH2]C(CCl)(n1cccn1)n1cccn1,3,3,1.0,1.0,1.0,1.0,1.0,1.0,3,0,11,0
[O-]/C(=C\P(c1ccccc1)c1ccccc1)C(F)(F)F,2,2,1.0,1.0,1.0,1.0,1.0,1.0,2,0,18,0
CC(=O)N[C@H]1CCCN([O-])C(=O)/C=C(/C)CCOC(=O)[C@@H](NC(C)=O)CCCN([O-])C(=O)/C=C(/C)CCOC(=O)[C@@H](NC(C)=O)CCCN([O-])C(=O)/C=C(/C)CCOC1=O,6,6,1.0,1.0,1.0,1.0,1.0,1.0,6,0,54,0
[CH](n1ccc2cccnc21)n1ccc2cccnc21,3,3,1.0,1.0,1.0,1.0,1.0,1.0,3,0,16,0
C[C@@H](/N=C/c1cc(Cl)ccc1[O-])c1ccccc1,2,2,1.0,1.0,1.0,1.0,1.0,1.0,2,0,16,0
CC#CCCC(=O)[O-],1,2,0.0,0.0,0.9285714285714286,1.0,0.8571428571428571,0.875,1,1,6,0
C/[C]=C1/CCC(=O)O1,1,1,1.0,1.0,1.0,1.0,1.0,1.0,1,0,7,0
CC(=O)O/C=C/C=C/OC(C)=O,4,4,1.0,1.0,1.0,1.0,1.0,1.0,4,0,8,0
COc1cc(-c2c(P(c3ccccc3)c3ccccc3)ccc3ccccc23)c2c(ccc3ccccc32)c1,1,2,0.0,0.0,0.986842105263158,1.0,0.9736842105263158,0.9743589743589743,1,1,37,0
[c]1ccccc1-c1cccnc1,1,2,0.0,0.0,0.9545454545454546,1.0,0.9090909090909091,0.9166666666666666,1,1,10,0
COc1cc([N+](=O)[O-])cc(/C=N/CCN(C)CCN(C)CC/N=C/c2cc([N+](=O)[O-])cc(OC)c2[O-])c1[O-],6,6,1.0,1.0,1.0,1.0,1.0,1.0,6,0,32,0
Cc1cccc(C)c1/N=[C]\[Si]([Si](C)(C)C)([Si](C)(C)C)[Si](C)(C)C,2,2,1.0,1.0,1.0,1.0,1.0,1.0,2,0,21,0
CC[Si](/[C]=N\c1c(C)cccc1C)([Si](C)(C)C)[Si](C)(C)C,2,2,1.0,1.0,1.0,1.0,1.0,1.0,2,0,19,0
[NH-2]~[C](~[N-3]~[C](~[N-2]c1ccccc1)c1ccccc1)c1ccccc1,2,2,1.0,1.0,1.0,1.0,1.0,1.0,2,0,21,0
c1ccc([N-2]~[C](~[N-3]~[C](~[N-2]c2ccccc2)c2ccccc2)c2ccccc2)cc1,2,2,1.0,1.0,1.0,1.0,1.0,1.0,2,0,27,0
Cc1cn[nH]c1,1,1,1.0,1.0,1.0,1.0,1.0,1.0,1,0,5,0
Clc1cc(Cl)cc(-n2c(-c3ccccn3)nnc2-c2ccccn2)c1,2,4,0.0,0.0,0.9565217391304348,1.0,0.9130434782608695,0.92,2,2,21,0
CSC(=N)N/N=C/c1ccccn1,3,3,1.0,1.0,1.0,1.0,1.0,1.0,3,0,10,0
CSC(=[N-])N/N=C/c1ccccn1,3,3,1.0,1.0,1.0,1.0,1.0,1.0,3,0,10,0
C[C@H](O)C/N=C/c1c([O-])ccc2ccccc12,3,3,1.0,1.0,1.0,1.0,1.0,1.0,3,0,14,0
Cc1ccnn1C(C)(n1nccc1C)n1nccc1C,3,3,1.0,1.0,1.0,1.0,1.0,1.0,3,0,17,0
C/C(=N\NC(N)=O)c1ccccc1[O-],3,3,1.0,1.0,1.0,1.0,1.0,1.0,3,0,11,0
c1ccc([P-]c2ccccc2P(c2ccccc2)c2ccccc2)cc1,2,2,1.0,1.0,1.0,1.0,1.0,1.0,2,0,24,0
CC(C)(C)c1cc(CN(Cc2ccccn2)Cc2ccccn2)c(O[Si](C)(C)C)c(C(C)(C)C)c1,3,4,0.0,0.0,0.984375,1.0,0.96875,0.9714285714285714,3,1,31,0
COCOc1ccccc1,6,6,1.0,1.0,1.0,1.0,1.0,1.0,6,0,4,0
O=C(OCc1ccccc1[N+](=O)[O-])N(C1CCCCC1)C1CCCCC1,6,4,0.0,0.0,0.8333333333333333,0.6666666666666666,1.0,0.9230769230769231,4,0,20,2
CO/[C]=C/Cc1ccccc1,1,1,1.0,1.0,1.0,1.0,1.0,1.0,1,0,10,0
O=C([N-]c1nc2ccccc2s1)c1ccccn1,2,2,1.0,1.0,1.0,1.0,1.0,1.0,2,0,16,0
O=C(/N=C(\[S-])N1CCCCC1)c1ccccc1,2,2,1.0,1.0,1.0,1.0,1.0,1.0,2,0,15,0
[CH2]c1c(-c2ccccc2)[n+](-c2c(C(C)C)cccc2C(C)C)nn1-c1c(C(C)C)cccc1C(C)C,1,1,1.0,1.0,1.0,1.0,1.0,1.0,1,0,35,0
OP(C(F)(F)F)C(F)(F)F,1,1,1.0,1.0,1.0,1.0,1.0,1.0,1,0,9,0
Cc1cc(C)n(-c2ncccn2)n1,2,3,0.0,0.0,0.9545454545454546,1.0,0.9090909090909091,0.9230769230769231,2,1,10,0
C=C1C(=O)C(C)=C(C)C2=C1CCC(C)(C)O2,2,6,0.0,0.0,0.8571428571428572,1.0,0.7142857142857143,0.75,2,4,10,0
COc1ccc(/C=N/Cc2ccc(C)o2)c([O-])c1,2,2,1.0,1.0,1.0,1.0,1.0,1.0,2,0,16,0
N/C(=N\N1C(=O)c2ccccc2N[C@H]1c1ccc2ccccc2n1)c1ccccn1,2,4,0.0,0.0,0.9642857142857143,1.0,0.9285714285714286,0.9333333333333333,2,2,26,0
N/C(=N\N1C(=O)c2ccccc2[N-][C@@H]1c1ccc2ccccc2n1)c1ccccn1,3,4,0.0,0.0,0.7962962962962963,0.6666666666666666,0.9259259259259259,0.9,2,2,25,1
O=C(O)/C=C/c1ccc(S(=O)(=O)[O-])cc1,1,2,0.0,0.0,0.9642857142857143,1.0,0.9285714285714286,0.9333333333333333,1,1,13,0
CCN1CCN(CC[N-]C(N)=[NH2+])CCN(CC[N-]C(N)=[NH2+])CC1,5,5,1.0,1.0,1.0,1.0,1.0,1.0,5,0,18,0
CC(C)c1[c]n([C@@H]2CCCC[C@H]2NCc2ccccc2)c(-c2ccccc2)[n+]1-c1ccccc1,2,2,1.0,1.0,1.0,1.0,1.0,1.0,2,0,32,0
C/N=C/c1[c]cccc1Cl,2,2,1.0,1.0,1.0,1.0,1.0,1.0,2,0,8,0
Cc1ccc(N([O-])N=O)cc1,2,2,1.0,1.0,1.0,1.0,1.0,1.0,2,0,9,0
[S-]/C(=C(\[S-])c1ccc(Br)cc1)c1ccc(Br)cc1,2,2,1.0,1.0,1.0,1.0,1.0,1.0,2,0,16,0
Fc1ccc(/C([S-])=C(/[S-])c2ccc(F)cc2)cc1,2,2,1.0,1.0,1.0,1.0,1.0,1.0,2,0,16,0
C=Cc1ccc(B([O-])OB([O-])c2ccc(C=C)cc2)cc1,2,2,1.0,1.0,1.0,1.0,1.0,1.0,2,0,19,0
CC(C)[P+](=C(C(=O)O[Si](C)(C)C)c1ccccn1)C(C)C,2,2,1.0,1.0,1.0,1.0,1.0,1.0,2,0,19,0
COC(=O)C1=C(C)NC(C)=C(C(=O)OC)C1c1cccc(C[C]=O)n1,3,2,0.0,0.0,0.8333333333333333,0.6666666666666666,1.0,0.96,2,0,22,1
COC(=O)C1=C(C)N(C)C(C)=C(C(=O)OC)C1c1cccc(C[C]=O)n1,3,2,0.0,0.0,0.8333333333333333,0.6666666666666666,1.0,0.9615384615384616,2,0,23,1
[O-]/C(=N\N=C1/CCCc2c1[nH]c1ccccc21)c1ccccc1,2,2,1.0,1.0,1.0,1.0,1.0,1.0,2,0,21,0
COc1ccc(/C([O-])=N/N=C2\CCCc3c2[nH]c2ccccc32)cc1,2,2,1.0,1.0,1.0,1.0,1.0,1.0,2,0,23,0
[O-]/C(=N\N=C1/CCCc2c1[nH]c1ccccc21)c1ccc(Br)cc1,2,2,1.0,1.0,1.0,1.0,1.0,1.0,2,0,22,0
[O-]/N=C(\[O-])c1ccccc1O,2,2,1.0,1.0,1.0,1.0,1.0,1.0,2,0,9,0
CC(C)(C)c1cc(CN(Cc2cc(C(C)(C)C)cc(C(C)(C)C)c2[O-])C[C@@H]2CCCO2)c([O-])c(C(C)(C)C)c1,4,4,1.0,1.0,1.0,1.0,1.0,1.0,4,0,35,0
COc1ccc([P-][S-])cc1,2,2,1.0,1.0,1.0,1.0,1.0,1.0,2,0,8,0
c1ccc(CN2CCN(Cc3ccccc3)[P-]2)cc1,1,1,1.0,1.0,1.0,1.0,1.0,1.0,1,0,18,0
C[S@@](=O)CP(c1ccccc1)c1ccccc1,2,2,1.0,0.0,0.7166666666666667,0.5,0.9333333333333333,0.8823529411764706,1,1,14,1
C1=COCCO1,2,2,1.0,1.0,1.0,1.0,1.0,1.0,2,0,4,0
Fc1ccccc1SCc1ccccc1SCCSc1ccccc1CSc1ccccc1F,2,6,0.0,0.0,0.9375,1.0,0.875,0.8823529411764706,2,4,28,0
Fc1ccc(SCc2ccccc2SCCSc2ccccc2CSc2ccc(F)cc2)cc1,2,4,0.0,0.0,0.96875,1.0,0.9375,0.9411764705882353,2,2,30,0
[O-]c1ccccc1/C=N/c1ccccc1/N=N/c1ccccc1[O-],4,5,0.0,0.0,0.975,1.0,0.95,0.9583333333333334,4,1,19,0
CC(C)(C)C(=O)Nc1cccc(CN(Cc2ccccc2)Cc2cccc(/N=C(\[O-])C(C)(C)C)n2)n1,4,5,0.0,0.0,0.984375,1.0,0.96875,0.9722222222222222,4,1,31,0
Cn1ccnc1CN1CCN(CC(=O)[O-])CCN(Cc2nccn2C)CC1,6,7,0.0,0.0,0.9761904761904762,1.0,0.9523809523809523,0.9629629629629629,6,1,20,0
O=C([O-])[C@H](Cc1ncc[nH]1)NCc1ccccc1[O-],4,5,0.0,0.0,0.9666666666666667,1.0,0.9333333333333333,0.9473684210526315,4,1,14,0
CNC(=S)Nc1cccc(NC(=S)NC)n1,3,3,1.0,1.0,1.0,1.0,1.0,1.0,3,0,13,0
c1ccc(C(=NCCCN=C(c2ccccc2)c2ccccc2)c2ccccc2)cc1,2,2,1.0,1.0,1.0,1.0,1.0,1.0,2,0,29,0
NCCCN=C(c1ccccc1)c1ccccc1,2,2,1.0,1.0,1.0,1.0,1.0,1.0,2,0,16,0
NCCN=C(c1ccccc1)c1ccccc1,2,2,1.0,1.0,1.0,1.0,1.0,1.0,2,0,15,0
N1=S=NC2=C1c1nc2nc2[n-]c(nc3nc(nc4[n-]c(n1)c1c4N=S=N1)C1=C3N=S=N1)c1c2N=S=N1,4,4,1.0,1.0,1.0,1.0,1.0,1.0,4,0,32,0
[C](=Cc1ccccc1)~[C]1CC/C=C\CC[CH]~1,5,5,1.0,1.0,1.0,1.0,1.0,1.0,5,0,11,0
C/C1=C/C(C)=N/c2ccccc2[N-]/C(C)=C\C(C)=N\CC[N-]1,4,4,1.0,1.0,1.0,1.0,1.0,1.0,4,0,18,0
C[C](~[CH]~[CH]c1ccccc1)P(C(C)C)C(C)C,4,4,1.0,1.0,1.0,1.0,1.0,1.0,4,0,13,0
CCOc1nc([N+](=O)[O-])cc([N+](=O)[O-])c1[O-],2,2,1.0,0.0,0.7142857142857143,0.5,0.9285714285714286,0.875,1,1,13,1
Cc1[nH]cnc1CSCC/N=C/c1ccccc1[O-],4,4,1.0,1.0,1.0,1.0,1.0,1.0,4,0,15,0
CC(C)/[N+]=C(/NC(C)C)N(C)C,1,1,1.0,1.0,1.0,1.0,1.0,1.0,1,0,11,0
c1ccc(CN2CCNCCN(Cc3ccccc3)Cc3ccccc3OCc3cccc(n3)COc3ccccc3C2)cc1,5,6,0.0,0.0,0.9875,1.0,0.975,0.9777777777777777,5,1,39,0
c1ccc(CN2CCNCc3ccccc3OCc3cccc(n3)COc3ccccc3CN(Cc3ccccc3)CC2)cc1,6,6,1.0,1.0,1.0,1.0,1.0,1.0,6,0,39,0
c1ccc(CN2CCN(Cc3ccccc3)Cc3ccccc3OCc3cccc(n3)COc3ccccc3CN(Cc3ccccc3)CC2)cc1,6,6,1.0,1.0,1.0,1.0,1.0,1.0,6,0,46,0
c1ccc(CN2CCNCCNCc3ccccc3OCc3cccc(n3)COc3ccccc3C2)cc1,6,6,1.0,1.0,1.0,1.0,1.0,1.0,6,0,32,0
CN(C)Cc1ncccc1O,2,2,1.0,1.0,1.0,1.0,1.0,1.0,2,0,9,0
c1ccc(CN2CCCN(Cc3ccccn3)CCCN(Cc3ccccc3)Cc3cccc(n3)C2)cc1,5,5,1.0,1.0,1.0,1.0,1.0,1.0,5,0,33,0
O=S(=O)([O-])c1ccc2ccccc2c1,1,1,1.0,1.0,1.0,1.0,1.0,1.0,1,0,13,0
COP(OC)N(C)P(OC)OC,2,2,1.0,1.0,1.0,1.0,1.0,1.0,2,0,10,0
c1nnc(-n2cnnc2)[nH]1,1,3,0.0,0.0,0.8888888888888888,1.0,0.7777777777777778,0.8,1,2,7,0
N[C@@H]1CC[C@H](N)C1,2,2,1.0,1.0,1.0,1.0,1.0,1.0,2,0,5,0
O=C1C[C@H](c2ccccc2)NCCNCCCNCC[N-]1,4,4,1.0,1.0,1.0,1.0,1.0,1.0,4,0,17,0
CC(C)c1cccc(C(C)C)c1[N-]c1ccccc1[N-]/C=C\[N-]c1ccccc1[N-]c1c(C(C)C)cccc1C(C)C,4,4,1.0,1.0,1.0,1.0,1.0,1.0,4,0,38,0
CCC(=N)O/N=C(/C)N,1,1,1.0,1.0,1.0,1.0,1.0,1.0,1,0,8,0
Cc1cccc(C[C](~[N-2]C(C)C)~[N-2]C(C)C)n1,2,3,0.0,0.0,0.9666666666666667,1.0,0.9333333333333333,0.9411764705882353,2,1,14,0
COc1cccc(OC)c1-c1ccccc1P(c1ccccc1)c1cccc(-c2cc(C(F)(F)F)cc(C(F)(F)F)c2)c1[O-],2,2,1.0,1.0,1.0,1.0,1.0,1.0,2,0,42,0
[CH2]~[CH]~[CH]c1ccc(C)cc1,3,3,1.0,1.0,1.0,1.0,1.0,1.0,3,0,7,0
c1ccc2c(c1)O[P@]1(=N[P@]3(=N[P@]4(=N1)Oc1cccnc1-c1ncccc1O4)Oc1ccccc1-c1ccccc1O3)Oc1ccccc1-2,2,2,1.0,1.0,1.0,1.0,1.0,1.0,2,0,46,0
CN(C)c1ccccc1P(c1ccccc1N(C)C)[C@H]1CCC[C@@H]1P(c1ccccc1N(C)C)c1ccccc1N(C)C,3,6,0.0,0.0,0.9625,1.0,0.925,0.9302325581395349,3,3,37,0
[BH3-][N+](C)(C)C[C@@H](C(=O)OCC)[C@@H](C#Cc1ccccc1)c1ccccc1OC,6,7,0.0,0.0,0.9772727272727273,1.0,0.9545454545454546,0.9642857142857143,6,1,21,0
CCCn1[c]c(-c2ccccc2)[n+](C)n1,1,1,1.0,1.0,1.0,1.0,1.0,1.0,1,0,14,0
O=C([O-])CNCC(=O)O,2,4,0.0,0.0,0.8571428571428572,1.0,0.7142857142857143,0.7777777777777778,2,2,5,0
N#CC(/N=C/c1ccccc1[O-])=C(C#N)/N=C/c1ccccc1[O-],4,4,1.0,1.0,1.0,1.0,1.0,1.0,4,0,20,0
O=C([N-]c1ccc(Cl)cc1/C(=N/[C@H](Cc1c[nH]c2ccccc12)C(=O)[O-])c1ccccc1)[C@H]1CCCN1Cc1ccc(Cl)c(Cl)c1,4,5,0.0,0.0,0.9880952380952381,1.0,0.9761904761904762,0.9782608695652174,4,1,41,0
CSC1=C(SC)SC(=C2SC=C(c3ccc(-c4nc5ccccc5s4)nc3)S2)S1,2,2,1.0,1.0,1.0,1.0,1.0,1.0,2,0,27,0
COc1cccc(/C=N/[n+]2c(C)n[nH]c2[S-])c1,1,1,1.0,1.0,1.0,1.0,1.0,1.0,1,0,16,0
C=CCN(P(c1ccccc1)c1ccccc1)P(c1ccccc1)c1ccccc1,2,4,0.0,0.0,0.9642857142857143,1.0,0.9285714285714286,0.9333333333333333,2,2,26,0
[CH]1~[C](c2ccccc2)~[CH]~[C](c2ccccc2)O[C]~1/C=C/c1ccccc1,5,5,1.0,1.0,1.0,1.0,1.0,1.0,5,0,21,0
Cc1cccc(C)c1N/[C]=C/C(=O)N(C(C)C)C(C)C,2,2,1.0,1.0,1.0,1.0,1.0,1.0,2,0,18,0
Cc1cccc(C)c1N[C]CC(=O)[O-],2,3,0.0,0.0,0.9583333333333333,1.0,0.9166666666666666,0.9285714285714286,2,1,11,0
[c]1ccc(-c2cccs2)cc1-c1ccccn1,2,2,1.0,1.0,1.0,1.0,1.0,1.0,2,0,15,0
C/C(=N\c1c(C(C)C)cccc1C(C)C)c1ccc2cccc(C3=N[C@@H](Cc4ccccc4)CS3)c2n1,3,3,1.0,1.0,1.0,1.0,1.0,1.0,3,0,34,0
[CH]=C/C=C(/C)[S-],2,2,1.0,1.0,1.0,1.0,1.0,1.0,2,0,4,0
C/N=C(\c1ccccc1)P(c1cccc(C)c1)c1cccc(C)c1,1,2,0.0,0.0,0.9782608695652174,1.0,0.9565217391304348,0.9583333333333334,1,1,22,0
Cc1nc(/C=N/CCCC/N=C/c2c[nH]c(C)n2)c[nH]1,4,4,1.0,1.0,1.0,1.0,1.0,1.0,4,0,16,0
[CH2]~[C](~[CH]C(=O)N1CCCCC1)N1CCCCC1,3,3,1.0,1.0,1.0,1.0,1.0,1.0,3,0,14,0
C[Si](C)(CSC1CCCCC1)N[Si](C)(C)CSC1CCCCC1,3,3,1.0,1.0,1.0,1.0,1.0,1.0,3,0,20,0
CC(=O)C/[C]=C\c1ccccc1,2,2,1.0,1.0,1.0,1.0,1.0,1.0,2,0,10,0
CCSCCOc1c2cc(C(C)(C)C)cc1Cc1cc(C(C)(C)C)cc(c1O)Cc1cc(C(C)(C)C)cc(c1OCCSCC)Cc1cc(C(C)(C)C)cc(c1O)C2,2,2,1.0,1.0,1.0,1.0,1.0,1.0,2,0,56,0
Cc1cc([O-])c(/C=N/NC(N)=S)cc1Cl,3,3,1.0,1.0,1.0,1.0,1.0,1.0,3,0,12,0
C/N=C(\[S-])P(c1ccccc1)c1ccccc1,2,2,1.0,1.0,1.0,1.0,1.0,1.0,2,0,15,0
Cc1cc(C)c(/N=C/N(c2c(C)cc(C)cc2C)P(c2ccccc2)c2ccccc2)c(C)c1,2,2,1.0,1.0,1.0,1.0,1.0,1.0,2,0,32,0
CC(C)c1cccc(C(C)C)c1/N=C/N(c1c(C(C)C)cccc1C(C)C)P(c1ccccc1)c1ccccc1,2,2,1.0,1.0,1.0,1.0,1.0,1.0,2,0,38,0
CC(=O)NC1=NC(C)(C)CC1,1,2,0.0,0.0,0.95,1.0,0.9,0.9090909090909091,1,1,9,0
N#CC1CC1,1,1,1.0,1.0,1.0,1.0,1.0,1.0,1,0,4,0
Clc1ccccc1/[N+]=C(/[N-]c1ccccc1Cl)Nc1ccccc1Cl,2,2,1.0,1.0,1.0,1.0,1.0,1.0,2,0,23,0
CC(C)(C1=N[C@@H]2c3c(ccc4ccccc34)C[C@@H]2O1)C1=N[C@@H]2c3c(ccc4ccccc34)C[C@@H]2O1,2,2,1.0,1.0,1.0,1.0,1.0,1.0,2,0,33,0
CC(C)c1cccc(C(C)C)c1-c1cc(/N=C2C(=N/c3cc(-c4c(C(C)C)cccc4C(C)C)cc(-c4c(C(C)C)cccc4C(C)C)c3)/c3cccc4cccc/2c34)cc(-c2c(C(C)C)cccc2C(C)C)c1,2,2,1.0,1.0,1.0,1.0,1.0,1.0,2,0,72,0
CC1=C(O)c2ccccc2/C(=N\[O-])C1=O,2,3,0.0,0.0,0.9615384615384616,1.0,0.9230769230769231,0.9333333333333333,2,1,12,0
N/C([S-])=N/N=C/c1coc2ccccc2c1=O,3,3,1.0,1.0,1.0,1.0,1.0,1.0,3,0,14,0
C/C(=[C]/[O-])c1ccccc1,2,2,1.0,1.0,1.0,1.0,1.0,1.0,2,0,8,0
Cc1cc(C)n(-c2nc(-c3ccccc3)nc(-n3nc(C)cc3C)n2)n1,3,3,1.0,1.0,1.0,1.0,1.0,1.0,3,0,23,0
Cc1cc(C)n(-c2nc(-c3cccc4ccccc34)nc(-n3nc(C)cc3C)n2)n1,3,3,1.0,1.0,1.0,1.0,1.0,1.0,3,0,27,0
[C]=C=C(C)c1ccccc1,1,1,1.0,1.0,1.0,1.0,1.0,1.0,1,0,9,0
O=[S@]1OC[B-](c2c(F)c(F)c(F)c(F)c2F)(c2c(F)c(F)c(F)c(F)c2F)N1c1ccccc1,1,1,1.0,1.0,1.0,1.0,1.0,1.0,1,0,33,0
CC(C)(C)N1CCN(C(C)(C)C)C1=[N-],1,1,1.0,1.0,1.0,1.0,1.0,1.0,1,0,13,0
C1=C[C@H]2[C@@H](C1)[C@@H]1C[C@H]2[C@H]2[C](c3ccccc3)~[C](c3ccccc3)~[C](c3ccccc3)~[C](c3ccccc3)[C@@H]12,4,6,0.0,0.0,0.9705882352941176,1.0,0.9411764705882353,0.9473684210526315,4,2,32,0
C/C=C/C=C/C(=O)OC,4,4,1.0,1.0,1.0,1.0,1.0,1.0,4,0,5,0
O=C([O-])COc1ccccc1OCC(=O)[O-],4,6,0.0,0.0,0.9166666666666667,1.0,0.8333333333333334,0.875,4,2,10,0
O=C([O-])COc1ccccc1OCC(=O)O,1,4,0.0,0.0,0.9,1.0,0.8,0.8125,1,3,12,0
CC1=NN(c2ccccc2)[C](~[O-2])~[C]1~[C](~[N-2]c1ccc([N+](=O)[O-])cc1)c1ccccc1,2,2,1.0,1.0,1.0,1.0,1.0,1.0,2,0,28,0
C[N-2]~[N-3](~[O-2])~[O-2],1,3,0.0,0.0,0.75,1.0,0.5,0.6,1,2,2,0
[O-2]~[C](~[N-3]~[N-2]c1ccccc1)c1ccccc1,2,2,1.0,1.0,1.0,1.0,1.0,1.0,2,0,14,0
[S-2]~[C](~[N-3]~[N-2]c1ccccc1)c1ccccc1,2,2,1.0,1.0,1.0,1.0,1.0,1.0,2,0,14,0
C1=Cc2nc1c(-c1ccsc1)c1ccc([n-]1)c(-c1ccsc1)c1ccc([n-]1)c1ccc([n-]1)c2-c1ccsc1,4,4,1.0,1.0,1.0,1.0,1.0,1.0,4,0,34,0
C/C(=N\c1cccc2ccccc12)c1ccccn1,2,2,1.0,1.0,1.0,1.0,1.0,1.0,2,0,17,0
C/C(=N\c1c(C)ccc2ccccc12)c1ccccn1,2,2,1.0,1.0,1.0,1.0,1.0,1.0,2,0,18,0
C/C(=N\c1ccc(/N=N/c2ccccc2)c2ccccc12)c1ccccn1,2,2,1.0,1.0,1.0,1.0,1.0,1.0,2,0,25,0
F[CH][C](F)F,2,2,1.0,1.0,1.0,1.0,1.0,1.0,2,0,3,0
CC(C)N[C@@H]1CCCC[C@H]1N,2,2,1.0,1.0,1.0,1.0,1.0,1.0,2,0,9,0
c1cc2ccc1-c1ccc(cc1)-c1ccc(cc1)-c1ccc(cc1)-c1ccc(nc1)-c1ccc(cn1)-c1ccc(cc1)-c1ccc-2cc1,2,2,1.0,1.0,1.0,1.0,1.0,1.0,2,0,46,0
CC(C)(C)C1=CC([N-2])(C(C)(C)C)C=C(C(C)(C)C)C1=O,1,1,1.0,1.0,1.0,1.0,1.0,1.0,1,0,19,0
CC/[C]=[O+]/[B-](CC)(CC)OCc1ccccn1,3,3,1.0,1.0,1.0,1.0,1.0,1.0,3,0,14,0
NC(=O)C(=O)[N-]SSS[N-]C(=O)C(N)=O,4,4,1.0,1.0,1.0,1.0,1.0,1.0,4,0,11,0
C[C@H]([O-])CN(Cc1cc(C(C)(C)C)cc(C(C)(C)C)c1[O-])Cc1cc(C(C)(C)C)cc(C(C)(C)C)c1[O-],4,4,1.0,1.0,1.0,1.0,1.0,1.0,4,0,33,0
CC(C)(C)[C]1P2[C](C(C)(C)C)P12,2,4,0.0,0.0,0.9,1.0,0.8,0.8333333333333334,2,2,8,0
O=[P+](Oc1ccccn1)c1ccccc1,2,2,1.0,1.0,1.0,1.0,1.0,1.0,2,0,13,0
CSCCOP1N(c2ccccc2)C[C@@H]2CCCN21,2,1,0.0,0.0,0.75,0.5,1.0,0.9473684210526315,1,0,17,1
CCO[C]N(c1ccccc1)N([C]OCC)c1ccccc1,2,2,1.0,1.0,1.0,1.0,1.0,1.0,2,0,20,0
O=[C]O/N=[C]/c1ccc(F)cc1,2,2,1.0,1.0,1.0,1.0,1.0,1.0,2,0,10,0
C1CC1=C1[C@]2(CC2)[C@@]12CC2,2,1,0.0,0.0,0.75,0.5,1.0,0.9,1,0,8,1
C1C[C@]12C(=C1[C@]3(CC3)[C@@]13CC3)[C@@]21CC1,2,0,0.0,0.0,0.5,0.0,1.0,0.8571428571428571,0,0,12,2
Cc1cc(C=O)c([O-])c(C(C)(C)C)c1,2,2,1.0,1.0,1.0,1.0,1.0,1.0,2,0,12,0
Ic1ccc(-c2c3nc(c(-c4ccccc4)c4ccc([n-]4)c(-c4ccc(I)cc4)c4ccc([n-]4)c4ccc2[n-]4)C=C3)cc1,4,4,1.0,1.0,1.0,1.0,1.0,1.0,4,0,39,0
O=[P@]([O-])(c1ccccc1)c1ccccc1P(c1ccccc1)c1ccccc1,2,3,0.0,0.0,0.9807692307692308,1.0,0.9615384615384616,0.9642857142857143,2,1,25,0
O=C(Cl)P(Cl)C(c1ccccc1)(c1ccccc1)c1ccccc1,1,1,1.0,1.0,1.0,1.0,1.0,1.0,1,0,23,0
CO/C(=N/C(=O)c1ccccc1)[N-]c1ccc([N+](=O)[O-])cc1,2,2,1.0,1.0,1.0,1.0,1.0,1.0,2,0,20,0
CC(C)(C)C1=C[C]2C(=C1)[P+](c1ccccc1)(c1ccccc1)[P-][P+]2(c1ccccc1)c1ccccc1,1,2,0.0,0.0,0.9857142857142858,1.0,0.9714285714285714,0.9722222222222222,1,1,34,0
[O-]c1c(Cl)cc(Cl)cc1CNCCCNCCNCc1cc(Cl)cc(Cl)c1[O-],5,5,1.0,1.0,1.0,1.0,1.0,1.0,5,0,23,0
CSCC[C]=O,2,2,1.0,1.0,1.0,1.0,1.0,1.0,2,0,4,0
Cc1cccc(CN2CCC[C@@H]2[C@H]2CCCN2Cc2cccc(C)n2)n1,4,4,1.0,1.0,1.0,1.0,1.0,1.0,4,0,22,0
O=S(=O)([O-])c1ccc2cc(S(=O)(=O)[O-])ccc2c1,1,2,0.0,0.0,0.9705882352941176,1.0,0.9411764705882353,0.9444444444444444,1,1,16,0
C#CC#C,2,0,0.0,0.0,0.5,0.0,1.0,0.5,0,0,2,2
N#CC(=[C]C=C(C#N)C#N)C#N,1,1,1.0,1.0,1.0,1.0,1.0,1.0,1,0,11,0
[CH2]c1ccc(B(O)O)cc1,1,1,1.0,1.0,1.0,1.0,1.0,1.0,1,0,9,0
CCOC(=O)/C(=C(/[O-])Nc1ccccc1)P(c1ccccc1)c1ccccc1,2,2,1.0,1.0,1.0,1.0,1.0,1.0,2,0,26,0
Cc1ccc(N/C([O-])=C(\C(=O)c2ccccc2)P(c2ccccc2)c2ccccc2)cc1,2,2,1.0,1.0,1.0,1.0,1.0,1.0,2,0,30,0
C/C(=N\NC(=O)c1cn[nH]c1)c1ccccn1,3,4,0.0,0.0,0.9642857142857143,1.0,0.9285714285714286,0.9411764705882353,3,1,13,0
O=C1CC(=O)NCCNCCCNCCN1,2,2,1.0,1.0,1.0,1.0,1.0,1.0,2,0,14,0
[CH]1~[CH][C@H]2C=C[C@@H]([CH]~1)C=C2,5,7,0.0,0.0,0.75,1.0,0.5,0.7777777777777778,5,2,2,0
COc1cccc(/C=N/[C@H]2CCCC[C@@H]2N)c1[O-],3,3,1.0,1.0,1.0,1.0,1.0,1.0,3,0,15,0
O=[P+](Cc1cccc2cccnc12)c1ccccc1,2,2,1.0,1.0,1.0,1.0,1.0,1.0,2,0,17,0
[N-]=[S+](c1ccccc1)(c1ccccc1)c1ccccc1,1,1,1.0,1.0,1.0,1.0,1.0,1.0,1,0,19,0
O=C([O-])c1cc(Oc2ccc(C(=O)O)cc2[N+](=O)[O-])cc(C(=O)O)c1,1,2,0.0,0.0,0.9791666666666667,1.0,0.9583333333333334,0.96,1,1,23,0
Cc1[nH+]cc(CO)c(CN(CCN(CC(=O)[O-])Cc2c(CO)c[nH+]c(C)c2[O-])CC(=O)[O-])c1[O-],6,8,0.0,0.0,0.9642857142857143,1.0,0.9285714285714286,0.9411764705882353,6,2,26,0
CCCCn1c(-c2[c]c(-c3nc4ccccc4n3CCCC)ccc2)nc2ccccc21,3,3,1.0,1.0,1.0,1.0,1.0,1.0,3,0,29,0
[S-]C1=NCCCN1,2,2,1.0,1.0,1.0,1.0,1.0,1.0,2,0,5,0
Cc1ncc(CO)c(/C=N/CC/N=C/c2c(CO)cnc(C)c2[O-])c1[O-],4,4,1.0,1.0,1.0,1.0,1.0,1.0,4,0,22,0
O=C([O-])c1cc(/N=N/c2ccccc2)cc(C(=O)[O-])c1,1,0,0.0,0.0,0.5,0.0,1.0,0.95,0,0,19,1
CC(C)(C)c1ccc(N(c2ccc(C(C)(C)C)cc2)c2ccc(-c3[c]cc(-c4cccc5ccccc45)c4nsnc34)nc2)cc1,2,3,0.0,0.0,0.9886363636363636,1.0,0.9772727272727273,0.9782608695652174,2,1,43,0
Fc1c(F)c(F)c(-c2c3nc(c(C(F)(F)F)c4ccc([n-]4)c4ccc([n-]4)c(C(F)(F)F)c4ccc2[n-]4)C=C3)c(F)c1F,4,4,1.0,1.0,1.0,1.0,1.0,1.0,4,0,38,0
CCc1ccccc1OC,6,6,1.0,1.0,1.0,1.0,1.0,1.0,6,0,4,0
c1ccc(P(CN(CP(c2ccccc2)c2ccccc2)c2ccncc2)c2ccccc2)cc1,2,3,0.0,0.0,0.9848484848484849,1.0,0.9696969696969697,0.9714285714285714,2,1,32,0
C/C(=N\NC(N)=O)c1ccccc1O,3,3,1.0,1.0,1.0,1.0,1.0,1.0,3,0,11,0
Cn1ccc(-c2ccccc2[O-])n1,2,2,1.0,1.0,1.0,1.0,1.0,1.0,2,0,11,0
CP(C)(=S)CP(CP(C)(C)=S)c1ccsc1-c1sccc1P(CP(C)(C)=S)CP(C)(C)=S,4,6,0.0,0.0,0.9642857142857143,1.0,0.9285714285714286,0.9375,4,2,26,0
CN(C)[P-]N1C(C)(C)CCCC1(C)C,1,1,1.0,1.0,1.0,1.0,1.0,1.0,1,0,13,0
CC(C)(C)[CH][C@H]1[CH][C@@H]2CC[C@H]1C2,2,2,1.0,1.0,1.0,1.0,1.0,1.0,2,0,10,0
[CH2]~[C](~[CH]c1ccccc1)CC(=C)P(C(C)C)C(C)C,4,4,1.0,1.0,1.0,1.0,1.0,1.0,4,0,15,0
CC(C)c1nc(C(=O)NCc2ccc(F)cc2)c([O-])c(=O)n1C,2,3,0.0,0.0,0.9761904761904762,1.0,0.9523809523809523,0.9565217391304348,2,1,20,0
[CH2]C1CCC1,1,1,1.0,1.0,1.0,1.0,1.0,1.0,1,0,4,0
C/C(=N\c1ccc2ccc3cccc4ccc1c2c34)c1ccccn1,2,2,1.0,1.0,1.0,1.0,1.0,1.0,2,0,23,0
CC(C)c1cccc(C(C)C)c1N1[CH][C@]2(C[C@H](C)CC[C@H]2C(C)C)CC1(C)C,1,1,1.0,1.0,1.0,1.0,1.0,1.0,1,0,27,0
CCC1(CC)c2cc(-c3ccccn3)[c]cc2-c2ccc(N(c3ccc(C)cc3)c3ccc(C)cc3)cc21,2,2,1.0,1.0,1.0,1.0,1.0,1.0,2,0,36,0
CCC1(CC)c2ccccc2-c2c[c]c(-c3ccccn3)cc21,2,2,1.0,1.0,1.0,1.0,1.0,1.0,2,0,21,0
C[Si](C)(C)[Si-]([Si](C)(C)C)[Si](C)(C)[Si](C)(C)[Si-]([Si](C)(C)C)[Si](C)(C)C,2,2,1.0,1.0,1.0,1.0,1.0,1.0,2,0,22,0
C=CC/N=C(/N/N=C/c1ccccc1[O-])SCC=C,3,3,1.0,1.0,1.0,1.0,1.0,1.0,3,0,16,0
C/C([O-])=C/C(C)=N/CCNCCN,4,4,1.0,1.0,1.0,1.0,1.0,1.0,4,0,9,0
[N-]=Nc1nnc(-c2ccc([N+](=O)[O-])cc2)o1,1,2,0.0,0.0,0.9666666666666667,1.0,0.9333333333333333,0.9375,1,1,14,0
C/[O+]=C1\C=C[C@@H](c2ccc(O)cc2)CC1,2,2,1.0,1.0,1.0,1.0,1.0,1.0,2,0,13,0
C/[O+]=C1/C=C[C@@H](c2cccs2)CC1,2,2,1.0,1.0,1.0,1.0,1.0,1.0,2,0,11,0
ON[C@]12CNCCNC[C@](NO)(CNCCNC1)CNCCNC2,6,6,1.0,1.0,1.0,1.0,1.0,1.0,6,0,18,0
O=[C]CCC[n+]1ccccc1,1,1,1.0,1.0,1.0,1.0,1.0,1.0,1,0,10,0
Cc1cc(C[Si](C)(C)C)c([Si](C)(C)C)c([N-]C(C)C)n1,2,2,1.0,1.0,1.0,1.0,1.0,1.0,2,0,18,0
Fc1ccccc1SCCSc1ccccc1F,2,2,1.0,1.0,1.0,1.0,1.0,1.0,2,0,16,0
Cc1ccccc1[N-]C(=O)C(=O)[O-],2,3,0.0,0.0,0.9545454545454546,1.0,0.9090909090909091,0.9230769230769231,2,1,10,0
Oc1ncccc1/C=C/c1ccccc1,1,5,0.0,0.0,0.8571428571428572,1.0,0.7142857142857143,0.7333333333333333,1,4,10,0
CC(C)c1ccc(N=P(c2ccc(P(=[O+][B-](c3c(F)c(F)c(F)c(F)c3F)(c3c(F)c(F)c(F)c(F)c3F)c3c(F)c(F)c(F)c(F)c3F)(C(C)C)C(C)C)[n-]2)(C(C)C)C(C)C)cc1,2,3,0.0,0.0,0.9919354838709677,1.0,0.9838709677419355,0.984375,2,1,61,0
CCOc1cccc(/C=N/CCN2CCCCC2)c1[O-],3,3,1.0,1.0,1.0,1.0,1.0,1.0,3,0,17,0
FC(F)(F)P1[C@@H]2CCCC[C@@H]21,1,1,1.0,1.0,1.0,1.0,1.0,1.0,1,0,10,0
CC1(C)[CH]C1,1,1,1.0,1.0,1.0,1.0,1.0,1.0,1,0,4,0
Cc1cc(C(c2ccccc2)c2ccccc2)c(/N=C/c2ccccn2)c(C(c2ccccc2)c2ccccc2)c1,2,2,1.0,1.0,1.0,1.0,1.0,1.0,2,0,39,0
O=[N+]([O-])c1ccc([O-])c(/C=N/OCCO/N=C/c2cc([N+](=O)[O-])ccc2[O-])c1,4,4,1.0,1.0,1.0,1.0,1.0,1.0,4,0,24,0
O=C([O-])CNS(=O)(=O)c1cccc(C(=O)O)c1,1,2,0.0,0.0,0.96875,1.0,0.9375,0.9411764705882353,1,1,15,0
Cc1cccc(C)c1/N=[C]\Cc1ccccc1,2,2,1.0,1.0,1.0,1.0,1.0,1.0,2,0,15,0
Cc1cc([C]=O)c([O-])c(C(C)(C)C)c1,2,2,1.0,1.0,1.0,1.0,1.0,1.0,2,0,12,0
[C]1=C(c2ccccc2)[Si](c2ccccc2)(c2ccccc2)N=C(c2ccccc2)/C1=[C]\c1ccccc1,2,2,1.0,1.0,1.0,1.0,1.0,1.0,2,0,35,0
C[C](~[CH]~[C](~[O-2])c1ccccc1)~[N-2]CCN,3,3,1.0,1.0,1.0,1.0,1.0,1.0,3,0,12,0
C[Si](C)(C)C1([Si](C)(C)C)c2cc3ccccc3cc21,6,8,0.0,0.0,0.6794871794871795,0.6666666666666666,0.6923076923076923,0.6842105263157895,4,4,9,2
CC(C)(C)c1cc(NCc2ccccn2)c([O-])c(C(c2ccccc2)(c2ccccc2)c2ccccc2)c1,3,3,1.0,1.0,1.0,1.0,1.0,1.0,3,0,35,0
Cc1cc(C)n(-c2cc(-c3ccccn3)nc(-c3ccccn3)c2)n1,3,3,1.0,1.0,1.0,1.0,1.0,1.0,3,0,22,0
CCOP(=O)(OCC)[C@H](C(=C(C)C)c1ccccc1)c1ccccc1C,6,8,0.0,0.0,0.95,1.0,0.9,0.9230769230769231,6,2,18,0
O=C([O-])[C@@H](O)Cc1c[nH]cn1,3,4,0.0,0.0,0.9375,1.0,0.875,0.9090909090909091,3,1,7,0
C[n+]1nn(Cc2[c]cccc2)[c]c1-c1ccccc1,2,2,1.0,1.0,1.0,1.0,1.0,1.0,2,0,17,0
C[n+]1nn(Cc2ccccc2)[c]c1-c1[c]cccc1,2,2,1.0,1.0,1.0,1.0,1.0,1.0,2,0,17,0
CCn1[c]c(-c2[c]cccc2)[n+](C)n1,2,2,1.0,1.0,1.0,1.0,1.0,1.0,2,0,12,0
CNC(=S)N/N=C(C(=N/NC(=S)NC)/c1ccccc1)\c1ccccc1,4,4,1.0,1.0,1.0,1.0,1.0,1.0,4,0,22,0
COC(=O)CCC1=C(C)c2cc3[n-]c(cc4nc(cc5[n-]c(cc1n2)c(CCC(=O)OC)c5C)C(C)=C4c1ccccc1)c(C)c3-c1ccccc1,4,4,1.0,1.0,1.0,1.0,1.0,1.0,4,0,48,0
NCCCNCc1cccc2ccccc12,2,2,1.0,1.0,1.0,1.0,1.0,1.0,2,0,14,0
C[C@H](c1ccccn1)N(Cc1ccccn1)Cc1ccccn1,4,4,1.0,1.0,1.0,1.0,1.0,1.0,4,0,19,0
O=C(CCCCN(Cc1ccccn1)Cc1ccccn1)ON1C(=O)CCC1=O,3,3,1.0,1.0,1.0,1.0,1.0,1.0,3,0,26,0
COc1cccc(/C=N/C[C@@H](C)/N=C/c2cccc(OC)c2[O-])c1[O-],4,4,1.0,1.0,1.0,1.0,1.0,1.0,4,0,21,0
c1ccc(P(=N[C@@H]2CCCC[C@H]2N=P(c2ccccc2)(c2ccccc2)c2ccccc2)(c2ccccc2)c2ccccc2)cc1,2,2,1.0,1.0,1.0,1.0,1.0,1.0,2,0,44,0
C[C@@H](/N=C/c1ccccc1P(c1ccccc1)c1ccccc1)[C@@H](O)c1ccccc1,3,3,1.0,1.0,1.0,1.0,1.0,1.0,3,0,28,0
C(=N/c1ccc2c(c1)OCCOCCSCCOCCO2)\c1ccccn1,2,5,0.0,0.0,0.94,1.0,0.88,0.8888888888888888,2,3,22,0
CC(C)(C)[C]=C=C[C@@H](c1ccccc1)[B-](c1c(F)c(F)c(F)c(F)c1F)(c1c(F)c(F)c(F)c(F)c1F)c1c(F)c(F)c(F)c(F)c1F,2,3,0.0,0.0,0.9891304347826086,1.0,0.9782608695652174,0.9791666666666666,2,1,45,0
CC(C)=CC[Si-](C)c1ccccc1P(C1CCCCC1)C1CCCCC1,2,2,1.0,1.0,1.0,1.0,1.0,1.0,2,0,24,0
CC[Si-](C)c1ccccc1P(C1CCCCC1)C1CCCCC1,2,2,1.0,1.0,1.0,1.0,1.0,1.0,2,0,21,0
C[Si](C)(C)OC(=O)c1ccccc1C(=O)[O-],2,3,0.0,0.0,0.9642857142857143,1.0,0.9285714285714286,0.9375,2,1,13,0
Cc1ccc([S@](=O)CCN(C)CCCN(C)CC[S@@](=O)c2ccc(C)cc2)cc1,4,4,1.0,1.0,1.0,1.0,1.0,1.0,4,0,25,0
CC(C)NCC/N=C/c1cc(F)cc(F)c1[O-],3,3,1.0,1.0,1.0,1.0,1.0,1.0,3,0,14,0
C[C](~[O-2])~[CH]~[C](C)~[N-2]CC[O-],3,3,1.0,1.0,1.0,1.0,1.0,1.0,3,0,7,0
CCC(=N\c1ccc(C)cc1)/C(CC)=N/c1ccc(C)cc1,2,2,1.0,1.0,1.0,1.0,1.0,1.0,2,0,20,0
CCO[C]/C=C(\c1ccccc1)N1CCCC1,1,1,1.0,1.0,1.0,1.0,1.0,1.0,1,0,16,0
CCCC[C]=O,1,1,1.0,1.0,1.0,1.0,1.0,1.0,1,0,5,0
[C][C@]12C[C@H]3C[C@H](C[C@H](C3)C1)C2,1,1,1.0,1.0,1.0,1.0,1.0,1.0,1,0,10,0
O=C([N-]c1ccncc1)c1cccc(C(=O)[N-]c2ccccn2)n1,3,4,0.0,0.0,0.9761904761904762,1.0,0.9523809523809523,0.9583333333333334,3,1,20,0
CC[N-]/C([S-])=N/c1ccccc1,2,2,1.0,1.0,1.0,1.0,1.0,1.0,2,0,10,0
C=CCN1CN(CC=C)CN(CC=C)C1,3,6,0.0,0.0,0.875,1.0,0.75,0.8,3,3,9,0
CCCCCC(Br)(CCCCC)CCN1CN(CCC(Br)(CCCCC)CCCCC)CN(CCC(Br)(CCCCC)CCCCC)C1,3,3,1.0,1.0,1.0,1.0,1.0,1.0,3,0,45,0
Nc1cc[nH]c(=S)n1,1,2,0.0,0.0,0.9285714285714286,1.0,0.8571428571428571,0.875,1,1,6,0
CC(C)SC[C@H]1OC(C)(C)O[C@@H]1CSC(C)C,2,2,1.0,1.0,1.0,1.0,1.0,1.0,2,0,15,0
O=C(Nc1cccc(NC(=O)C(F)(F)F)c1[S-])C(F)(F)F,1,3,0.0,0.0,0.95,1.0,0.9,0.9047619047619048,1,2,18,0
O=[P+](OCC(F)(F)F)OCC(F)(F)F,1,1,1.0,1.0,1.0,1.0,1.0,1.0,1,0,13,0
[C]#CC(C1=CC=CC1)(c1ccccc1)c1ccccc1,1,1,1.0,1.0,1.0,1.0,1.0,1.0,1,0,19,0
CN(C)C(=N)c1ccc[n-]1,2,2,1.0,1.0,1.0,1.0,1.0,1.0,2,0,8,0
Nc1nc(/C(=N/O)C(=O)O)cs1,2,2,1.0,1.0,1.0,1.0,1.0,1.0,2,0,10,0
CCCN(CCC)/C([S-])=N/C(=O)c1cc([N+](=O)[O-])cc([N+](=O)[O-])c1,2,2,1.0,1.0,1.0,1.0,1.0,1.0,2,0,22,0
[O-]c1ccc2ccccc2c1/C=N/CCOCCO,2,4,0.0,0.0,0.9411764705882353,1.0,0.8823529411764706,0.8947368421052632,2,2,15,0
C[C][Si](C)(C)C,1,1,1.0,1.0,1.0,1.0,1.0,1.0,1,0,5,0
COc1ccc([CH]S(=O)(=O)c2n(C)cc[n+]2-c2c(C)cc(C)cc2C)cc1,1,1,1.0,1.0,1.0,1.0,1.0,1.0,1,0,26,0
[C]#C[C@]12CC[C@](C#C)(CC1)CC2,1,2,0.0,0.0,0.9545454545454546,1.0,0.9090909090909091,0.9166666666666666,1,1,10,0
[CH]1~[CH]CC(P(CCCP(C2CCCCC2)C2CCCCC2)C2CCCCC2)C[CH]~1,5,5,1.0,1.0,1.0,1.0,1.0,1.0,5,0,24,0
CC(C)c1cc(C(C)C)c(-c2cc3ccccc3c(-c3c([O-])c(-c4c(C(C)C)cc(C(C)C)cc4C(C)C)cc4ccccc34)c2[O-])c(C(C)C)c1,2,2,1.0,1.0,1.0,1.0,1.0,1.0,2,0,50,0
CC(C)c1cccc(C(C)C)c1-n1[c]c(-c2ccccc2)[n+](-c2c(C(C)C)cccc2C(C)C)n1,1,1,1.0,1.0,1.0,1.0,1.0,1.0,1,0,34,0
O=C1NCCCNCCNCCCNC(=O)c2ccccc2-c2ccccc21,2,2,1.0,1.0,1.0,1.0,1.0,1.0,2,0,26,0
O=C1[N-]CCNCCCNCC[N-]C(=O)c2ccccc2-c2ccccc21,4,4,1.0,1.0,1.0,1.0,1.0,1.0,4,0,23,0
COc1ccc2nc(CN(Cc3ccc4cc(OC)ccc4n3)[C@@H](c3ccccc3)[C@H](c3ccccc3)N(Cc3ccc4cc(OC)ccc4n3)Cc3ccc4cc(OC)ccc4n3)ccc2c1,6,6,1.0,1.0,1.0,1.0,1.0,1.0,6,0,62,0
CC(C)(C)c1cc(C(=[C]\[Si](C)(C)C)/C(=[C]/[Si](C)(C)C)c2cc(C(C)(C)C)cc(C(C)(C)C)c2)cc(C(C)(C)C)c1,2,2,1.0,1.0,1.0,1.0,1.0,1.0,2,0,38,0
CC(O[B-](F)(F)F)=C1C=CC=C1,5,5,1.0,1.0,1.0,1.0,1.0,1.0,5,0,7,0
CC(C)n1ccn(C)c1=S,1,1,1.0,1.0,1.0,1.0,1.0,1.0,1,0,9,0
O=C(c1ccccc1)N(c1ccccn1)c1ccccn1,2,2,1.0,1.0,1.0,1.0,1.0,1.0,2,0,19,0
Cc1cccc(C)c1N(C(=O)[O-])C(=O)[O-],2,4,0.0,0.0,0.9230769230769231,1.0,0.8461538461538461,0.8666666666666667,2,2,11,0
C[C@]12C(C3=C(P(c4ccccc4)c4ccccc4)[C@H]4c5ccccc5[C@]3(C)c3ccccc34)=C(P(c3ccccc3)c3ccccc3)[C@H](c3ccccc31)c1ccccc12,2,2,1.0,1.0,1.0,1.0,1.0,1.0,2,0,58,0
O=C(N/N=C/c1cccc(/C=N/NC(=O)c2ccccc2)n1)c1ccccc1,5,5,1.0,1.0,1.0,1.0,1.0,1.0,5,0,23,0
[C](~[NH-]c1ccc2ccccc2c1)~[N-](Cc1ccccn1)Cc1ccccn1,2,3,0.0,0.0,0.98,1.0,0.96,0.9629629629629629,2,1,24,0
NCCNCN(CNCCN)CNCCN,6,6,1.0,1.0,1.0,1.0,1.0,1.0,6,0,10,0
[C]#CC(C)(C)[P+](CC)(CC)CC,1,1,1.0,1.0,1.0,1.0,1.0,1.0,1,0,11,0
O=C(ON1C(=O)CCC1=O)c1ccc(P(c2ccccc2)c2ccccc2)cc1,1,1,1.0,1.0,1.0,1.0,1.0,1.0,1,0,28,0
[O-][Si@]1(c2ccccc2)O[Si@]2(c3ccccc3)O[Si@@]([O-])(c3ccccc3)O[Si@]3(c4ccccc4)O[Si@@]([O-])(c4ccccc4)O[Si@](c4ccccc4)(O1)O[Si@](c1ccccc1)(O2)O3,3,3,1.0,1.0,1.0,1.0,1.0,1.0,3,0,58,0
CCCOc1c2cccc1Cc1cccc(c1[O-])Cc1cccc(c1OCCC)Cc1cccc(c1[O-])C2,4,2,0.0,0.0,0.75,0.5,1.0,0.9473684210526315,2,0,34,2
[C]=C/C(=C/c1cccc(Br)n1)c1ccccc1,1,2,0.0,0.0,0.96875,1.0,0.9375,0.9411764705882353,1,1,15,0
CC(C)(C)c1ccc(C([O-])(c2ccc(C(C)(C)C)cc2)c2ccccn2)cc1,2,2,1.0,1.0,1.0,1.0,1.0,1.0,2,0,26,0
CC1=Cc2ccccc2[C@@H](P(c2ccccc2)c2ccccc2)c2ccccc21,3,3,1.0,1.0,1.0,1.0,1.0,1.0,3,0,26,0
CN(C)P(=O)(OP(=O)(N(C)C)N(C)C)N(C)C,2,2,1.0,1.0,1.0,1.0,1.0,1.0,2,0,15,0
c1ccc(CNC(c2ccccn2)(c2ccccn2)c2ccccn2)cc1,3,4,0.0,0.0,0.9791666666666667,1.0,0.9583333333333334,0.9629629629629629,3,1,23,0
[S-]c1c(S)cccc1CP(c1ccccc1)c1ccccc1,2,2,1.0,1.0,1.0,1.0,1.0,1.0,2,0,20,0
CCn1ccnc1/N=N/c1ccc2ccccc2c1[N-]c1ccc(Cl)cc1,3,3,1.0,1.0,1.0,1.0,1.0,1.0,3,0,24,0
CN(C)c1cc[n+]([B-](n2cccn2)(n2cccn2)n2cccn2)cc1,2,3,0.0,0.0,0.9782608695652174,1.0,0.9565217391304348,0.96,2,1,22,0
CN1CCCN(C[P@](=O)([O-])O)CCNCCCN(C[P@@](=O)([O-])O)CC1,5,7,0.0,0.0,0.95,1.0,0.9,0.92,5,2,18,0
Fc1cc(F)c(F)c(-c2c3nc(c4ccc([n-]4)c(-c4c(F)c(F)cc(F)c4F)c4ccc([n-]4)c(-c4c(F)c(F)cc(F)c4F)c4ccc2[n-]4)C=C3)c1F,4,4,1.0,1.0,1.0,1.0,1.0,1.0,4,0,49,0
COc1ccccc1-c1cc(-c2ccccc2OC)n(Cn2nc(-c3ccccc3OC)cc2-c2ccccc2OC)n1,2,2,1.0,1.0,1.0,1.0,1.0,1.0,2,0,41,0
CC(C)[C@H]1COC(c2ccccc2[N-]c2ccccc2C2=N[C@@H](C(C)C)CO2)=N1,3,3,1.0,1.0,1.0,1.0,1.0,1.0,3,0,26,0
CC(C)[C@H]1COC(c2ccccc2Nc2ccccc2C2=N[C@@H](C(C)C)CO2)=N1,3,3,1.0,1.0,1.0,1.0,1.0,1.0,3,0,26,0
COc1ccc([N-]C(=O)C(=O)[O-])cc1,2,3,0.0,0.0,0.9583333333333333,1.0,0.9166666666666666,0.9285714285714286,2,1,11,0
O=c1[n-]c2nccnc2c(=O)[nH]1,1,2,0.0,0.0,0.9545454545454546,1.0,0.9090909090909091,0.9166666666666666,1,1,10,0
CC(=N)c1ccccn1,2,2,1.0,1.0,1.0,1.0,1.0,1.0,2,0,7,0
Cc1cc(C)c(-c2cccc(-c3c(C)cc(C)cc3C)c2[C](~[S-2])~[S-2])c(C)c1,2,2,1.0,1.0,1.0,1.0,1.0,1.0,2,0,25,0
Cc1cccc(C)c1/N=C(Cl)/C(Cl)=N/c1c(C)cccc1C,2,2,1.0,1.0,1.0,1.0,1.0,1.0,2,0,20,0
Cc1ccc(-c2nnc(-c3ccccn3)s2)cc1,2,2,1.0,1.0,1.0,1.0,1.0,1.0,2,0,16,0
C/C(=C/C(C)=N/c1ccccc1P(c1ccccc1)c1ccccc1)Nc1ccccc1P(c1ccccc1)c1ccccc1,2,3,0.0,0.0,0.9883720930232558,1.0,0.9767441860465116,0.9777777777777777,2,1,42,0
C[C@H]1O[P-](~[S-2])(~[S-2])O[C@@H]1C,2,2,1.0,1.0,1.0,1.0,1.0,1.0,2,0,7,0
Nc1ccc(C(=O)[O-])c([O-])c1,2,3,0.0,0.0,0.9444444444444444,1.0,0.8888888888888888,0.9090909090909091,2,1,8,0
C[C@@H](O[O-])c1ccccc1,1,1,1.0,1.0,1.0,1.0,1.0,1.0,1,0,9,0
CC(C)(C)C[P-][P@H](=O)[C]([Si](C)(C)C)[Si](C)(C)C,2,2,1.0,1.0,1.0,1.0,1.0,1.0,2,0,15,0
CC[N-]/C(=[N+]/C(C)(C)C)N(C)C,2,2,1.0,1.0,1.0,1.0,1.0,1.0,2,0,10,0
CCOC(=O)C#Cc1ccccc1,2,2,1.0,1.0,1.0,1.0,1.0,1.0,2,0,11,0
CC[N-2]~[C](~[N-2]CC)c1ccccc1,2,2,1.0,1.0,1.0,1.0,1.0,1.0,2,0,11,0
COc1ccc(C(/N=C/c2ccccc2[O-])(c2ccc(OC)cc2)[C@@H](/N=C/c2ccccc2[O-])C(C)C)cc1,4,4,1.0,1.0,1.0,1.0,1.0,1.0,4,0,35,0
COc1ccccc1[C@@H]1CC(c2c(C)c(Cl)c(C)c(Cl)c2C)=NO1,6,2,0.0,0.0,0.5555555555555556,0.16666666666666666,0.9444444444444444,0.75,1,1,17,5
[O-]c1cc(N(c2ccccc2)c2ccccc2)ccc1/C=N/[C@@H]1CCCC[C@H]1/N=C/c1ccc(N(c2ccccc2)c2ccccc2)cc1[O-],4,4,1.0,1.0,1.0,1.0,1.0,1.0,4,0,46,0
[S-]/C(=N\N=c1\cccc[nH]1)Nc1ccccc1,2,2,1.0,1.0,1.0,1.0,1.0,1.0,2,0,15,0
CC(C)(C)N/C([S-])=N\Nc1ccccn1,3,3,1.0,1.0,1.0,1.0,1.0,1.0,3,0,12,0
Cn1ccnc1-c1[c]cccc1,2,2,1.0,1.0,1.0,1.0,1.0,1.0,2,0,10,0
O=C1NC(=O)C(=N[N-]c2ccccc2C(=O)[O-])C(=O)N1,3,5,0.0,0.0,0.9411764705882353,1.0,0.8823529411764706,0.9,3,2,15,0
Cc1cc([S-])c([S-])cc1C,2,2,1.0,1.0,1.0,1.0,1.0,1.0,2,0,8,0
[C]#[N+]CCOCCOCCOCCOC,1,3,0.0,0.0,0.9285714285714286,1.0,0.8571428571428571,0.8666666666666667,1,2,12,0
O=C([O-])CCN(Cc1ccccn1)[C@@H](O)c1ccccn1,4,5,0.0,0.0,0.9705882352941176,1.0,0.9411764705882353,0.9523809523809523,4,1,16,0
O=Cc1cc[c]cc1,1,1,1.0,1.0,1.0,1.0,1.0,1.0,1,0,7,0
Cc1cccc(C)c1SC[C@@H]1[C@H](P(c2ccccc2)c2ccccc2)C1(C)C,2,2,1.0,1.0,1.0,1.0,1.0,1.0,2,0,26,0
C=CCCCSCc1ccccn1,2,4,0.0,0.0,0.9090909090909092,1.0,0.8181818181818182,0.8461538461538461,2,2,9,0
Cc1cccc(C)c1[N+]1=[C]c2ccccc2N[C@H]1C,1,1,1.0,1.0,1.0,1.0,1.0,1.0,1,0,18,0
C=C[C@H]1Nc2ccccc2[C]=[N+]1c1c(C)cccc1C,1,1,1.0,1.0,1.0,1.0,1.0,1.0,1,0,19,0
CC(CO)(CO)C(=O)[O-],1,4,0.0,0.0,0.8125,1.0,0.625,0.6666666666666666,1,3,5,0
COc1ccccc1C(=O)N[N-]C(=O)c1ccccc1[O-],3,3,1.0,1.0,1.0,1.0,1.0,1.0,3,0,18,0
CCCCN(Cc1ccc(Br)cc1)[C](~[S-2])~[S-2],2,2,1.0,1.0,1.0,1.0,1.0,1.0,2,0,14,0
COC(=O)[CH][C@H]([CH]~[CH]~[CH]c1cc(OC)ccc1OC)C1=CCCCC1,4,5,0.0,0.0,0.9761904761904762,1.0,0.9523809523809523,0.96,4,1,20,0
C=C(C)[C@@H]([CH]~[CH]~[CH]c1cc(OC)ccc1OC)[CH]C(=O)OC,4,5,0.0,0.0,0.9722222222222222,1.0,0.9444444444444444,0.9545454545454546,4,1,17,0
C[C@H](OP1N(Cc2ccccc2)[C@H]2CCCC[C@@H]2N1Cc1ccccc1)[C@H](C)OP1N(Cc2ccccc2)[C@H]2CCCC[C@@H]2N1Cc1ccccc1,2,2,1.0,1.0,1.0,1.0,1.0,1.0,2,0,50,0
COC(=O)[CH][C@@H]([CH]~[CH]~[CH]c1cc(OC)ccc1OC)C1=CCCCC1(C)C,4,5,0.0,0.0,0.9782608695652174,1.0,0.9565217391304348,0.9629629629629629,4,1,22,0
Cc1ncc(CO)c(/C=N/CCC(=O)[O-])c1[O-],3,4,0.0,0.0,0.9642857142857143,1.0,0.9285714285714286,0.9411764705882353,3,1,13,0
Cc1[nH+]cc(CO)c(/C=N/CCC(=O)[O-])c1[O-],3,4,0.0,0.0,0.9642857142857143,1.0,0.9285714285714286,0.9411764705882353,3,1,13,0
O=C([O-])C[n+]1ccccc1,1,2,0.0,0.0,0.9444444444444444,1.0,0.8888888888888888,0.9,1,1,8,0
C[P+](C)(C)[C](~[S-2])(~[S-2])c1ccccc1,2,2,1.0,1.0,1.0,1.0,1.0,1.0,2,0,11,0
CC(C)(C)C(=O)/C=C(\[CH]P(c1ccccc1)c1ccccc1)c1ccccc1,3,2,0.0,0.0,0.8333333333333333,0.6666666666666666,1.0,0.9642857142857143,2,0,25,1
O=S(=O)([N-][C@H](c1ccccc1)[C@@H]([O-])c1ccccc1)C(F)(F)F,2,2,1.0,1.0,1.0,1.0,1.0,1.0,2,0,21,0
FC1(F)[C@H]2CNC[C@@H]1CNC2,2,2,1.0,1.0,1.0,1.0,1.0,1.0,2,0,9,0
[S-]/C1=C(\[S-])SCCOCCOCCOCCOCCS1,2,4,0.0,0.0,0.9444444444444444,1.0,0.8888888888888888,0.9,2,2,16,0
Cn1ccnc1C(=O)[N-]c1ccccc1[N-]C(=O)c1nccn1C,4,4,1.0,1.0,1.0,1.0,1.0,1.0,4,0,20,0
CC(C)[N-](~[C]~[NH-]c1ccc2ccccc2c1-c1c(-c2cc(C(F)(F)F)cc(C(F)(F)F)c2)ccc2ccccc12)C(C)C,1,1,1.0,1.0,1.0,1.0,1.0,1.0,1,0,42,0
C[C@@H](c1ccccc1)[N-](~[C]~[NH-]c1ccc2ccccc2c1-c1c(-c2cc(C(F)(F)F)cc(C(F)(F)F)c2)ccc2ccccc12)[C@@H](C)c1ccccc1,1,1,1.0,1.0,1.0,1.0,1.0,1.0,1,0,52,0
c1ccc(-c2ccc(-c3ccccc3)c3c2-c2nc-3nc3[n-]c([nH+]c4nc(nc5[n-]c(n2)c2c(-c6ccccc6)ccc(-c6ccccc6)c52)-c2c(-c5ccccc5)ccc(-c5ccccc5)c2-4)c2c(-c4ccccc4)ccc(-c4ccccc4)c32)cc1,4,4,1.0,1.0,1.0,1.0,1.0,1.0,4,0,84,0
CCCCCCCCn1c(-c2cccc(-c3nc4ccccc4n3CCCCCCCC)n2)nc2ccccc21,3,3,1.0,1.0,1.0,1.0,1.0,1.0,3,0,37,0
CCCCCCCCCCCCn1c(-c2cccc(-c3nc4ccccc4n3CCCCCCCCCCCC)n2)nc2ccccc21,3,3,1.0,1.0,1.0,1.0,1.0,1.0,3,0,45,0
CN(C)c1ccc(-c2c3nc(c(-c4cccc([N+](=O)[O-])c4)c4ccc([n-]4)c4ccc([n-]4)c(-c4cccc([N+](=O)[O-])c4)c4ccc2[n-]4)C=C3)cc1,4,4,1.0,1.0,1.0,1.0,1.0,1.0,4,0,46,0
C=C[C@H]1C[N@@H+]2CC[C@H]1C[C@H]2[C@H](O)c1ccnc2ccccc12,1,1,1.0,1.0,1.0,1.0,1.0,1.0,1,0,21,0
CC1(CNCCN)CN(CCN)C1,4,4,1.0,1.0,1.0,1.0,1.0,1.0,4,0,9,0
c1ccc(-c2ccc(-c3ccccc3)c3c2-c2nc-3nc3[n-]c(nc4nc(nc5[n-]c(n2)c2ccccc52)-c2ccccc2-4)c2c(-c4ccccc4)ccc(-c4ccccc4)c32)cc1,4,4,1.0,1.0,1.0,1.0,1.0,1.0,4,0,60,0
c1ccc(-c2ccc(-c3ccccc3)c3c2-c2nc-3nc3[n-]c(nc4nc(nc5[n-]c(n2)c2ccccc52)-c2c(-c5ccccc5)ccc(-c5ccccc5)c2-4)c2c(-c4ccccc4)ccc(-c4ccccc4)c32)cc1,4,4,1.0,1.0,1.0,1.0,1.0,1.0,4,0,72,0
c1ccc(-c2ccc(-c3ccccc3)c3c4nc5nc(nc6[n-]c(nc7nc(nc([n-]4)c23)-c2ccccc2-7)c2ccccc62)-c2ccccc2-5)cc1,4,4,1.0,1.0,1.0,1.0,1.0,1.0,4,0,48,0
Cc1cccc(C)c1/N=C1\CCCCc2cc3c(nc21)/C(=N/c1c(C)cccc1C)CCCC3,3,3,1.0,1.0,1.0,1.0,1.0,1.0,3,0,31,0
Cc1cc(C)c(/N=C2\CCCCc3cc4c(nc32)/C(=N/c2c(C)cc(C)cc2C)CCCC4)c(C)c1,3,3,1.0,1.0,1.0,1.0,1.0,1.0,3,0,33,0
[C]#CC1=C(C)SC(=c2c3ccccc3c(=C3SC(SC)=C(SC)S3)c3ccccc23)S1,1,1,1.0,1.0,1.0,1.0,1.0,1.0,1,0,30,0
CC(C)CC[S@@](=O)c1[n-]c2ccccc2[s+]1,1,2,0.0,0.0,0.9666666666666667,1.0,0.9333333333333333,0.9375,1,1,14,0
c1ccc(P(c2ccccc2)c2cncnc2)cc1,1,1,1.0,1.0,1.0,1.0,1.0,1.0,1,0,18,0
Cn1ccnc1CN1CCCNCCNCCCNCC1,5,5,1.0,1.0,1.0,1.0,1.0,1.0,5,0,16,0
N[NH3+],1,1,1.0,1.0,1.0,1.0,1.0,1.0,1,0,1,0
Cn1ccnc1CN1CCCNCCN(Cc2nccn2C)CCCNCC1,6,6,1.0,1.0,1.0,1.0,1.0,1.0,6,0,22,0
O=C1[CH]~[CH]~[CH][C@H]1Br,3,3,1.0,1.0,1.0,1.0,1.0,1.0,3,0,4,0
CC1=CP(C(C)(C)C)[C@@H]([C@@H]2[C@@H](C)C(C)=CP2C(C)(C)C)[C@@H]1C,2,2,1.0,1.0,1.0,1.0,1.0,1.0,2,0,20,0
O=C([O-])COc1cccc(C(=O)O)c1,1,3,0.0,0.0,0.9230769230769231,1.0,0.8461538461538461,0.8571428571428571,1,2,11,0
[C]#[N+]C1=CCC1(C)C,1,1,1.0,1.0,1.0,1.0,1.0,1.0,1,0,7,0
FC(F)(F)c1cc(C(F)(F)F)n(Cn2nc(C(F)(F)F)cc2C(F)(F)F)n1,2,2,1.0,1.0,1.0,1.0,1.0,1.0,2,0,25,0
CN(C)C(=[P-])N(C)C,1,1,1.0,1.0,1.0,1.0,1.0,1.0,1,0,7,0
C=CCCCCCCCCCOc1ccc(/C([O-])=N/N=C/c2ccccn2)cc1,3,4,0.0,0.0,0.9807692307692308,1.0,0.9615384615384616,0.9655172413793104,3,1,25,0
Cc1cc(C)n(-c2nc(-c3ccccc3)cc(-c3ccccc3)n2)n1,2,3,0.0,0.0,0.9782608695652174,1.0,0.9565217391304348,0.96,2,1,22,0
C[C@H]1N(c2ccccc2)[N-]C(=O)C(=O)[N-]N2[C@@H](C)N([N-]C(=O)C(=O)[N-]N1c1ccccc1)[C@@H](C)O[C@H]2C,4,4,1.0,1.0,1.0,1.0,1.0,1.0,4,0,33,0
C/C(=N\N=C(/[O-])c1ccccc1O)c1c(-c2ccccc2)nn(-c2ccccc2)c1[O-],3,3,1.0,1.0,1.0,1.0,1.0,1.0,3,0,28,0
CCCCSc1ccc(C)cc1,1,2,0.0,0.0,0.9545454545454546,1.0,0.9090909090909091,0.9166666666666666,1,1,10,0
O=C(c1ccncc1)c1ccccn1,1,2,0.0,0.0,0.9615384615384616,1.0,0.9230769230769231,0.9285714285714286,1,1,12,0
O=[S+]c1ccccc1-c1ccccc1[S-],2,2,1.0,1.0,1.0,1.0,1.0,1.0,2,0,13,0
Cc1cc(Br)c(/N=C/c2cc(Cl)cc(C=O)c2[O-])c(Br)c1,2,2,1.0,1.0,1.0,1.0,1.0,1.0,2,0,19,0
O=[N+]([O-])c1ccc(CCN2CCCN(CCc3ccccn3)CCC2)cc1,3,3,1.0,1.0,1.0,1.0,1.0,1.0,3,0,24,0
N=c1cc[nH]c(=O)[n-]1,2,2,1.0,1.0,1.0,1.0,1.0,1.0,2,0,6,0
Cc1ccc(S(=O)(=O)N2CNCCNCCCNCCNC2)cc1,4,4,1.0,1.0,1.0,1.0,1.0,1.0,4,0,20,0
CC(=O)N1CNCCNCCCNCCNC1,4,4,1.0,1.0,1.0,1.0,1.0,1.0,4,0,13,0
N#CBr,1,1,1.0,1.0,1.0,1.0,1.0,1.0,1,0,2,0
O=C([O-])[C@@H](/N=C(\c1ccccc1)c1ccccc1[N-]C(=O)[C@@H]1CCCN1Cc1ccccc1)[C@H](C[N+](=O)[O-])c1ccccc1,4,5,0.0,0.0,0.9875,1.0,0.975,0.9772727272727273,4,1,39,0
Cc1cc(C)c(-c2cccc(-c3c(C)cc(C)cc3C)c2[C](~[O-2])~[CH]~[C](~[O-2])C(C)(C)C)c(C)c1,2,2,1.0,1.0,1.0,1.0,1.0,1.0,2,0,31,0
CCOc1cc(-c2ccccc2)c(=O)oc1N(C)C,4,2,0.0,0.0,0.75,0.5,1.0,0.8947368421052632,2,0,15,2
CC/C(=N\CC/N=C(\CC)c1ccccc1[O-])c1ccccc1[O-],4,4,1.0,1.0,1.0,1.0,1.0,1.0,4,0,20,0
COc1ccc(N[C]N2CCOCC2)cc1,1,1,1.0,1.0,1.0,1.0,1.0,1.0,1,0,15,0
CN([O-])N=O,2,2,1.0,1.0,1.0,1.0,1.0,1.0,2,0,3,0
Cc1cc(C)cc(/C=N/c2ccccc2[S-])c1,2,2,1.0,1.0,1.0,1.0,1.0,1.0,2,0,15,0
COC[C@@H]1CCCN1N,1,2,0.0,0.0,0.9375,1.0,0.875,0.8888888888888888,1,1,7,0
C[C@@H]1CC(C)(C)N[C@H](CN)CN[C@H](C)CC(C)(C)N[C@H](CN)CN1,6,6,1.0,1.0,1.0,1.0,1.0,1.0,6,0,18,0
Nc1ccc(C(=O)O)cc1O,1,2,0.0,0.0,0.95,1.0,0.9,0.9090909090909091,1,1,9,0
Nc1cc(C(=O)O)ccc1O,1,1,1.0,1.0,1.0,1.0,1.0,1.0,1,0,10,0
CC(=O)NCCc1ccccc1,6,0,0.0,0.0,0.5,0.0,1.0,0.5,0,0,6,6
Nc1ccccc1Sc1ccccc1Sc1ccccc1N,3,4,0.0,0.0,0.9736842105263157,1.0,0.9473684210526315,0.9545454545454546,3,1,18,0
N/C([S-])=N/N=C/c1cc(Br)ccc1[O-],3,3,1.0,1.0,1.0,1.0,1.0,1.0,3,0,11,0
[O-]c1ccc(Br)cc1/C=N/Nc1ccccn1,3,3,1.0,1.0,1.0,1.0,1.0,1.0,3,0,14,0
Cc1cc(C)c(C)c(OP(Oc2cc(C)cc(C)c2C)Oc2cc(C)cc(C)c2C)c1,1,1,1.0,1.0,1.0,1.0,1.0,1.0,1,0,30,0
FC(F)(F)c1cccc(/N=C2C(=N/c3cccc(C(F)(F)F)c3)/c3ccccc3-c3ccccc3/2)c1,2,2,1.0,1.0,1.0,1.0,1.0,1.0,2,0,34,0
C1=CC(N(c2ccccc2)c2ccccc2)C=C1,4,4,1.0,1.0,1.0,1.0,1.0,1.0,4,0,14,0
Cc1cc(C)c(CP(c2ccccc2)c2ccccc2)c(C)c1Cc1c(C)cc(C)c(CP(c2ccccc2)c2ccccc2)c1C,2,2,1.0,1.0,1.0,1.0,1.0,1.0,2,0,45,0
c1cc2ccc3ccc4ccc5ccc1c1c2c3c4c51,6,0,0.0,0.0,0.5,0.0,1.0,0.7,0,0,14,6
CN(C)c1cccc2c(S(=O)(=O)n3ccnc3)cccc12,1,2,0.0,0.0,0.975,1.0,0.95,0.9523809523809523,1,1,19,0
CC(C)[C@H]1COC(c2ccccc2[N-]c2ccccc2-c2ccccc2[N-]c2ccccc2C2=N[C@@H](C(C)C)CO2)=N1,4,4,1.0,1.0,1.0,1.0,1.0,1.0,4,0,38,0
CC1(C)COC(c2ccccc2[N-]c2ccccc2-c2ccccc2[N-]c2ccccc2C2=NC(C)(C)CO2)=N1,4,4,1.0,1.0,1.0,1.0,1.0,1.0,4,0,36,0
C[C](~[CH]~[C](C)~[N-2]CC[O-])~[N-2]CC[O-],4,4,1.0,1.0,1.0,1.0,1.0,1.0,4,0,9,0
[O-]Cc1ccnc(-c2cc(CO)ccn2)c1,2,2,1.0,1.0,1.0,1.0,1.0,1.0,2,0,14,0
CC(C)(C)c1cc(/C=N/c2cc3c(cc2/N=C/c2cc(C(C)(C)C)cc(C(C)(C)C)c2[O-])OCCOCCOCCOCCOCCO3)c([O-])c(C(C)(C)C)c1,4,8,0.0,0.0,0.9615384615384616,1.0,0.9230769230769231,0.9285714285714286,4,4,48,0
[S-]/C=C(\[S-])c1cccs1,2,2,1.0,1.0,1.0,1.0,1.0,1.0,2,0,7,0
CC(C)[S@@](=O)CCc1ccccn1,2,2,1.0,1.0,1.0,1.0,1.0,1.0,2,0,11,0
C1=Cc2nc1c(-c1ccsc1)c1ccc([n-]1)c(-c1ccsc1)c1nc(c(-c3ccsc3)c3ccc([n-]3)c2-c2ccsc2)C=C1,4,4,1.0,1.0,1.0,1.0,1.0,1.0,4,0,40,0
Fc1cccc(P(c2ccccc2)c2ccccc2)c1-c1c(F)cccc1P(c1ccccc1)c1ccccc1,2,2,1.0,1.0,1.0,1.0,1.0,1.0,2,0,38,0
Cc1cc(C(=O)NC(C)(C)C)n[nH]1,2,2,1.0,1.0,1.0,1.0,1.0,1.0,2,0,11,0
NCCN(CC/N=C/c1ccccc1[O-])Cc1cc([N+](=O)[O-])ccc1[O-],5,5,1.0,1.0,1.0,1.0,1.0,1.0,5,0,21,0
c1ccc(-c2nnc(-c3ccccc3)s2)cc1,1,2,0.0,0.0,0.96875,1.0,0.9375,0.9411764705882353,1,1,15,0
C(=N/[C@@H]1CCCC[C@H]1/N=C/c1ccc(-c2cccs2)s1)\c1ccc(-c2cccs2)s1,2,2,1.0,1.0,1.0,1.0,1.0,1.0,2,0,28,0
N/C([S-])=N/N=C\C=C\c1ccc([N+](=O)[O-])o1,2,2,1.0,1.0,1.0,1.0,1.0,1.0,2,0,14,0
CC(C)c1cccc(C(C)C)c1N1C=C([Si](C)(C)C)N(c2c(C(C)C)cccc2C(C)C)[P-]1,1,1,1.0,1.0,1.0,1.0,1.0,1.0,1,0,32,0
CC(C)(C)n1ccn([B-](Cl)(n2ccn(C(C)(C)C)c2=S)n2ccn(C(C)(C)C)c2=S)c1=S,3,3,1.0,1.0,1.0,1.0,1.0,1.0,3,0,29,0
[CH]=C/C=C/c1ccc(N(C)C)cc1,1,1,1.0,1.0,1.0,1.0,1.0,1.0,1,0,12,0
Cc1cc(/N=C/c2cc(C(C)(C)C)cc(C(C)(C)C)c2[O-])c(/N=C/c2cc(C(C)(C)C)cc(C(C)(C)C)c2[O-])cc1C,4,4,1.0,1.0,1.0,1.0,1.0,1.0,4,0,38,0
C1=Nc2ccccc2C1,1,1,1.0,1.0,1.0,1.0,1.0,1.0,1,0,8,0
COc1ccc([C]2~[C]3C=CN4[C]~3~[C](c3cccn3[C]~2c2ccc(OC)cc2)c2cccn2[B-]4(F)F)cc1,5,5,1.0,1.0,1.0,1.0,1.0,1.0,5,0,32,0
CSC1=C(SC)SC(=C2SC(C(=O)[O-])=C(C(=O)[O-])S2)S1,1,4,0.0,0.0,0.9210526315789473,1.0,0.8421052631578947,0.85,1,3,16,0
N#C/C1=C(\C#N)N(Cc2ccccn2)CCOCCOCCOCCOCCN1Cc1ccccn1,5,6,0.0,0.0,0.8677419354838709,0.8,0.9354838709677419,0.9166666666666666,4,2,29,1
C[N+](C)(C)C/C([O-])=N/N=C/c1ccccc1[O-],3,3,1.0,1.0,1.0,1.0,1.0,1.0,3,0,14,0
CC1(C)[C@H]2Cc3ccc(-c4[c]cccc4)nc3[C@@H]1C2,2,2,1.0,1.0,1.0,1.0,1.0,1.0,2,0,17,0
CC(C)(C)/N=C/C1=C(P(C(C)(C)C)C(C)(C)C)CCCC1,2,2,1.0,1.0,1.0,1.0,1.0,1.0,2,0,19,0
CC(C)(C)/N=C/C1=C(P(C(C)(C)C)C(C)(C)C)CCCCC1,2,2,1.0,1.0,1.0,1.0,1.0,1.0,2,0,20,0
C/C(=[C]\c1ccccc1)c1[c]cccc1,2,2,1.0,1.0,1.0,1.0,1.0,1.0,2,0,13,0
O=c1[nH]c2ccc(/N=C/c3ccccn3)cc2c2[nH]c3ccccc3c12,2,2,1.0,1.0,1.0,1.0,1.0,1.0,2,0,24,0
COC(OC)c1ccc(N(C)C)cc1,6,6,1.0,1.0,1.0,1.0,1.0,1.0,6,0,8,0
CCOC(OCC)c1ccc(N(C)C)cc1,6,6,1.0,1.0,1.0,1.0,1.0,1.0,6,0,10,0
[C]=C=Cc1ccc(N(C)C)cc1,1,1,1.0,1.0,1.0,1.0,1.0,1.0,1,0,11,0
C[C](~[CH]~[C](C)~[N-2]c1ccccc1C)~[N-2]c1ccccc1C,2,2,1.0,1.0,1.0,1.0,1.0,1.0,2,0,19,0
O=C([O-])C1c2ccccc2-c2ccccc21,2,2,1.0,1.0,1.0,1.0,1.0,1.0,2,0,14,0
COc1cccc(/C=N/[C@@H](CCC(=O)O)C(=O)[O-])c1[O-],3,4,0.0,0.0,0.9705882352941176,1.0,0.9411764705882353,0.95,3,1,16,0
COc1cccc(/C=N/[C@H](CCC(=O)[O-])C(=O)[O-])c1[O-],3,6,0.0,0.0,0.9117647058823529,1.0,0.8235294117647058,0.85,3,3,14,0
C/C1=N\CCN[C@H](c2ccccc2)C/C(C)=N/CCN[C@H](c2ccccc2)C1,4,4,1.0,1.0,1.0,1.0,1.0,1.0,4,0,24,0
CC(C)(C/N=C/c1c[nH]cn1)C/N=C/c1c[nH]cn1,4,4,1.0,1.0,1.0,1.0,1.0,1.0,4,0,15,0
Cc1nc(/C=N/CC(C)(C)C/N=C/c2c[nH]c(C)n2)c[nH]1,4,4,1.0,1.0,1.0,1.0,1.0,1.0,4,0,17,0
Cc1cc(C)c(C(=C([O-])C(C)(C)C)c2c(C)cc(C)cc2C)c(C)c1,1,2,0.0,0.0,0.9791666666666667,1.0,0.9583333333333334,0.96,1,1,23,0
C/C(=N\O)c1cc(C)ccc1[O-],2,2,1.0,1.0,1.0,1.0,1.0,1.0,2,0,10,0
C1C[P+]2(C1)[P-2]~[P-3]~[P-3]~[P-2]2,4,4,1.0,1.0,1.0,1.0,1.0,1.0,4,0,4,0
CC(C)P(c1cc(C(C)(C)C)cc(C(C)(C)C)c1)c1ccc2ccccc2c1-c1c(N(C)C)ccc2ccccc12,2,1,0.0,0.0,0.75,0.5,1.0,0.975609756097561,1,0,39,1
[S-]/C(=N\N=C\c1ccccn1)Nc1cccc2ccccc12,3,3,1.0,1.0,1.0,1.0,1.0,1.0,3,0,19,0
CSC(C)(C)[C@@H](N)C(=O)[O-],3,4,0.0,0.0,0.9285714285714286,1.0,0.8571428571428571,0.9,3,1,6,0
CC(C)([C@@H](N)C(=O)[O-])[S+](=O)=O,3,4,0.0,0.0,0.9375,1.0,0.875,0.9090909090909091,3,1,7,0
CC(C)(C)c1cc2c([O-])c(c1)Sc1cc(C(C)(C)C)cc(c1[O-])Sc1cc(C(C)(C)C)cc(c1[O-])Sc1cc(C(C)(C)C)cc(c1[O-])S2,4,8,0.0,0.0,0.9545454545454546,1.0,0.9090909090909091,0.9166666666666666,4,4,40,0
[O-]c1c(F)c(F)c(F)c(F)c1-c1nc2c(F)c(F)c(Br)c(F)c2s1,2,2,1.0,1.0,1.0,1.0,1.0,1.0,2,0,22,0
Cc1cc(C)c(C=O)c(C)c1,1,3,0.0,0.0,0.9,1.0,0.8,0.8181818181818182,1,2,8,0
[O-]/N=N/O,2,1,0.0,0.0,0.75,0.5,1.0,0.75,1,0,2,1
[c]1ccc2ccc3cccc4ccc1c2c43,1,1,1.0,1.0,1.0,1.0,1.0,1.0,1,0,15,0
O=[N+]([O-])c1ccc(/C([O-])=N/N=C/c2[c]ccc3ccccc23)cc1,3,3,1.0,1.0,1.0,1.0,1.0,1.0,3,0,21,0
FP1[C](c2ccccc2)~[CH]~[C](c2ccccc2)~[CH]~[C]1c1ccccc1,5,6,0.0,0.0,0.975,1.0,0.95,0.96,5,1,19,0
CN1CCN(C)C1=Nc1c(N=C2N(C)CCN2C)c2cccnc2c2ncccc12,2,2,1.0,1.0,1.0,1.0,1.0,1.0,2,0,28,0
c1ccc2c(CN3CCN(Cc4nccc5ccccc45)CCN(Cc4nccc5ccccc45)CC3)nccc2c1,6,6,1.0,1.0,1.0,1.0,1.0,1.0,6,0,36,0
CN(C)c1ccc(/C=N\N=C(/[S-])SCc2ccccc2)cc1,2,2,1.0,1.0,1.0,1.0,1.0,1.0,2,0,20,0
c1ccc(COc2c3cccc2Cc2cccc(c2OCc2ccccc2)Cc2cc(P(c4ccccc4)c4ccccc4)cc(c2OCc2ccccc2)Cc2cccc(c2OCc2ccccc2)C3)cc1,1,1,1.0,1.0,1.0,1.0,1.0,1.0,1,0,72,0
C[C@H](NC(=O)[N-]c1ccccc1[N-]C(=O)N[C@@H](C)c1ccccc1)c1ccccc1,2,2,1.0,1.0,1.0,1.0,1.0,1.0,2,0,28,0
COc1cccc(/C=N/CC[NH2+]C(C)C)c1[O-],2,2,1.0,1.0,1.0,1.0,1.0,1.0,2,0,15,0
[O-]c1c(C[NH+]2CCCCC2)ccc2cccnc12,2,2,1.0,1.0,1.0,1.0,1.0,1.0,2,0,16,0
C/C(=C\c1ccccc1)c1[c]cccc1,1,2,0.0,0.0,0.9642857142857143,1.0,0.9285714285714286,0.9333333333333333,1,1,13,0
CCN(CC)c1ccc(/C=C/c2ccncc2)cc1,1,1,1.0,1.0,1.0,1.0,1.0,1.0,1,0,18,0
CSc1nc2ccccc2cc1-c1cc(-c2ccccn2)nc(-c2ccccn2)c1,3,4,0.0,0.0,0.9814814814814814,1.0,0.9629629629629629,0.9666666666666667,3,1,26,0
CC(=O)c1cc[c]c2ncccc12,2,2,1.0,1.0,1.0,1.0,1.0,1.0,2,0,11,0
c1ccc(P2N3CCCN4CCC[N+](=C43)C[N+]3=C4N(CCCN42)CCC3)cc1,1,1,1.0,1.0,1.0,1.0,1.0,1.0,1,0,27,0
Cc1cc(CN(Cc2cc(C)cc(C(C)(C)C)c2[O-])C[C@@H]2CCCO2)c([O-])c(C(C)(C)C)c1,4,4,1.0,1.0,1.0,1.0,1.0,1.0,4,0,29,0
[O-]c1c(I)cc(I)cc1CNCc1ccccn1,3,3,1.0,1.0,1.0,1.0,1.0,1.0,3,0,15,0
Cc1cc(C)n(C(N(C)C)n2nc(C)cc2C)n1,3,3,1.0,1.0,1.0,1.0,1.0,1.0,3,0,15,0
CCCCCCCCOc1cc(/N=C/C(C(=O)OCC)=C(/C)[O-])c([N-]/C=C(\C(C)=O)C(=O)OCC)cc1OCCCCCCCC,4,5,0.0,0.0,0.9880952380952381,1.0,0.9761904761904762,0.9782608695652174,4,1,41,0
[CH2]~[CH]~[CH][C@@H]([CH]C(=O)OC)C[N+](=O)[O-],4,4,1.0,1.0,1.0,1.0,1.0,1.0,4,0,9,0
[S-]/C(=C(\[S-])c1cccs1)c1cccs1,2,2,1.0,1.0,1.0,1.0,1.0,1.0,2,0,12,0
C/C(=C\[O-])c1ccccc1,1,1,1.0,1.0,1.0,1.0,1.0,1.0,1,0,9,0
[CH2]~[C](~[C]=C)C(=O)SCCCC,3,3,1.0,1.0,1.0,1.0,1.0,1.0,3,0,8,0
CC(C)c1ccccc1P(C(C)C)C(C)C,1,1,1.0,1.0,1.0,1.0,1.0,1.0,1,0,15,0
C/C(=N\c1ccccc1)c1cccc(/C(C)=N/c2c(C)cc(Br)cc2C)n1,3,3,1.0,1.0,1.0,1.0,1.0,1.0,3,0,24,0
CCOP(=O)(OCC)[C@@H]1CCCN1,1,2,0.0,0.0,0.9583333333333333,1.0,0.9166666666666666,0.9230769230769231,1,1,11,0
C/C(=N\c1ccc(C#N)cc1)c1cccc(/C(C)=N/c2c(C)cc(C)cc2C)n1,3,3,1.0,1.0,1.0,1.0,1.0,1.0,3,0,26,0
C/C(=N\c1ccc(C#N)cc1)c1cccc(/C(C)=N/c2c(C)cccc2C)n1,3,3,1.0,1.0,1.0,1.0,1.0,1.0,3,0,25,0
C/C(=N\c1ccc(C#N)cc1)c1cccc(/C(C)=N/c2c(C)cc(Br)cc2C)n1,3,3,1.0,1.0,1.0,1.0,1.0,1.0,3,0,26,0
c1ccc2c(c1)[nH]c1ccccc12,6,0,0.0,0.0,0.5,0.0,1.0,0.5384615384615384,0,0,7,6
C/C(=N\c1c(C)cccc1C1CCCCC1)c1ccc2c(n1)/C(=N/c1c(C)cccc1C1CCCCC1)CCCC2,3,3,1.0,1.0,1.0,1.0,1.0,1.0,3,0,38,0
[CH]=C(C#Cc1ccccc1)[P+](c1ccccc1)(c1ccccc1)c1ccccc1,1,1,1.0,1.0,1.0,1.0,1.0,1.0,1,0,28,0
[CH2]~[C](~[CH2])~[N-2]S(=O)(=O)c1ccccc1,3,4,0.0,0.0,0.95,1.0,0.9,0.9230769230769231,3,1,9,0
CC1=C([O-])/C(=C\[N-]c2ccccc2[O-])C(CO)=CN1,3,3,1.0,1.0,1.0,1.0,1.0,1.0,3,0,16,0
C1=C[NH2+]C(c2ncc[nH]2)=N1,2,2,1.0,1.0,1.0,1.0,1.0,1.0,2,0,8,0
CCC1=C(C)c2nc1ccc1[n-]c(c3nc(ccc4[n-]c2c(C)c4CC)C(CC)=C3C)c(C)c1CC,4,4,1.0,1.0,1.0,1.0,1.0,1.0,4,0,32,0
Cc1c(C)c(C)c2c(c1C)S[C]S2,1,1,1.0,1.0,1.0,1.0,1.0,1.0,1,0,12,0
O=Cc1ccc(C#Cc2cc3[n-]c2c(-c2ccccc2)c2nc(c(-c4ccccc4)c4ccc([n-]4)c(-c4ccccc4)c4nc(c3-c3ccccc3)C=C4)C=C2)cc1,4,4,1.0,1.0,1.0,1.0,1.0,1.0,4,0,54,0
O=C([N-]c1nc2ccccc2s1)c1cccc(C(=O)[N-]c2nc3ccccc3s2)n1,3,3,1.0,1.0,1.0,1.0,1.0,1.0,3,0,27,0
Cc1ccc(-c2ccc(CCc3cc(C(C)(C)C)cc4c3OC(c3ccccc3)(c3ccccc3)O4)cn2)nc1,2,2,1.0,1.0,1.0,1.0,1.0,1.0,2,0,38,0
CCC(=N)N,1,1,1.0,1.0,1.0,1.0,1.0,1.0,1,0,4,0
[O-][C@@H](Nc1cnccn1)c1ccccn1,3,3,1.0,1.0,1.0,1.0,1.0,1.0,3,0,12,0
Cc1cc(C)c(C(=C([O-])c2ccccc2)c2c(C)cc(C)cc2C)c(C)c1,1,1,1.0,1.0,1.0,1.0,1.0,1.0,1,0,26,0
Cc1cc(C)c([N-2]~[C](~[CH]~[C](~[N-2]c2c(C)cc(C)cc2C)C(C)(C)C)C(C)(C)C)c(C)c1,2,2,1.0,1.0,1.0,1.0,1.0,1.0,2,0,29,0
O=C(N[O-])c1cccc([N+](=O)[O-])c1,2,2,1.0,1.0,1.0,1.0,1.0,1.0,2,0,11,0
CC(=[N-])c1ccccn1,2,2,1.0,1.0,1.0,1.0,1.0,1.0,2,0,7,0
Cc1cc(C)n(-c2nc(-c3ccccc3)cs2)n1,2,2,1.0,1.0,1.0,1.0,1.0,1.0,2,0,16,0
CCO/C(=N\N=C(/[S-])SCc1ccccc1)c1cc(C)[nH]n1,3,3,1.0,1.0,1.0,1.0,1.0,1.0,3,0,19,0
O=S(=O)([O-])C(n1ccc(-c2ccccc2)n1)(n1ccc(-c2ccccc2)n1)n1ccc(-c2ccccc2)n1,3,4,0.0,0.0,0.9857142857142858,1.0,0.9714285714285714,0.9736842105263158,3,1,34,0
CC(C)C(=O)C[C@](C)([O-])C(C)C,2,2,1.0,1.0,1.0,1.0,1.0,1.0,2,0,10,0
[N-2][n+]1ccccc1,1,1,1.0,1.0,1.0,1.0,1.0,1.0,1,0,6,0
CSC[B-](c1ccccc1)(c1ccccc1)n1cccn1,2,2,1.0,1.0,1.0,1.0,1.0,1.0,2,0,19,0
[C]#CC=C(c1cccc([N+](=O)[O-])c1)c1cccc([N+](=O)[O-])c1,1,1,1.0,1.0,1.0,1.0,1.0,1.0,1,0,21,0
CCc1ccc[c]n1,2,1,0.0,0.0,0.75,0.5,1.0,0.875,1,0,6,1
Cc1cc(C)c(-c2c3cc4nc3c3c5[n-]c(c(-c6cc(C(C)(C)C)cc(C(C)(C)C)c6)c6cc7c(-c8c(C)cc(C)cc8C)c8cc(C(C)(C)C)cc9c(-c%10c(C)cc(C)cc%10C)c%10c(=O)c([n-]c%10c(c7n6)c89)c4-c4cc(C(C)(C)C)cc(C(C)(C)C)c4)c(=O)c5c(-c4c(C)cc(C)cc4C)c4cc(C(C)(C)C)cc2c43)c(C)c1,4,4,1.0,1.0,1.0,1.0,1.0,1.0,4,0,110,0
COc1ccc(/C=N/NC(=O)c2ccc(O)cc2)c([O-])c1,3,3,1.0,1.0,1.0,1.0,1.0,1.0,3,0,18,0
O=C(OCCOCCOCCOCCOC(=O)c1ccncc1)c1ccncc1,2,3,0.0,0.0,0.9814814814814814,1.0,0.9629629629629629,0.9655172413793104,2,1,26,0
Cc1cc(C)c(-c2cccc(-c3c(C)cc(C)cc3C)c2/C(=N\C(C)C)[N-]C(C)C)c(C)c1,2,2,1.0,1.0,1.0,1.0,1.0,1.0,2,0,31,0
O=[N+]([O-])c1ccc2c(c1)Sc1cc([N+](=O)[O-])ccc1[N-]2,1,2,0.0,0.0,0.9736842105263157,1.0,0.9473684210526315,0.95,1,1,18,0
O=C=[C][Si](c1ccccc1)(c1ccccc1)c1ccccc1,1,1,1.0,1.0,1.0,1.0,1.0,1.0,1,0,21,0
[O-]c1c(I)cc(I)cc1/C=N/NC(=S)Nc1ccccc1,3,3,1.0,1.0,1.0,1.0,1.0,1.0,3,0,18,0
CC(=O)/C(Cl)=C(/C)[O-],2,2,1.0,1.0,1.0,1.0,1.0,1.0,2,0,6,0
CN(C)P1[C](c2ccccc2)~[CH]~[C](c2ccccc2)~[CH]~[C]1c1ccccc1,5,6,0.0,0.0,0.9772727272727273,1.0,0.9545454545454546,0.9629629629629629,5,1,21,0
[CH][C@@H](F)c1ccccc1,1,1,1.0,1.0,1.0,1.0,1.0,1.0,1,0,8,0
CCN(CC)CCN(CCN(CC)CC)Cc1ccc(P(c2ccccc2)c2ccccc2)cc1,1,4,0.0,0.0,0.9558823529411764,1.0,0.9117647058823529,0.9142857142857143,1,3,31,0
O=P(Oc1ccccc1)(Oc1ccccc1)C(P(c1ccccc1)c1ccccc1)P(c1ccccc1)c1ccccc1,2,2,1.0,1.0,1.0,1.0,1.0,1.0,2,0,41,0
CC(=O)[C@@](C)(C[S+](=O)=O)C(=O)OC(C)(C)C,1,3,0.0,0.0,0.9333333333333333,1.0,0.8666666666666667,0.875,1,2,13,0
COc1cc[c]c(/C=N/C2CCCCC2)c1OC,2,2,1.0,1.0,1.0,1.0,1.0,1.0,2,0,16,0
[CH2][C@H]1O[C@@H](n2cnc3c(N)ncnc32)[C@H](F)[C@@H]1O,1,5,0.0,0.0,0.8823529411764706,1.0,0.7647058823529411,0.7777777777777778,1,4,13,0
C=CC(=O)O[C@@H]1C[C@H](C)CC[C@H]1C(C)(C)c1ccccc1,6,5,0.0,0.0,0.5666666666666667,0.3333333333333333,0.8,0.6666666666666666,2,3,12,4
CCCCCCCCCCCCCCCCCCOc1ccc(/N=N/c2ccncc2)cc1,1,1,1.0,1.0,1.0,1.0,1.0,1.0,1,0,32,0
Brc1ccc(-c2nc3c4cccnc4c4ncccc4c3[nH]2)s1,2,2,1.0,1.0,1.0,1.0,1.0,1.0,2,0,21,0
Brc1csc(-c2nc3c4cccnc4c4ncccc4c3[nH]2)c1,2,2,1.0,1.0,1.0,1.0,1.0,1.0,2,0,21,0
CCCCCCCc1nnc(N)s1,1,1,1.0,1.0,1.0,1.0,1.0,1.0,1,0,12,0
O=C1CCC=CCN1[O-],2,3,0.0,0.0,0.9285714285714286,1.0,0.8571428571428571,0.8888888888888888,2,1,6,0
[C]#[N+]CC(F)(F)F,1,1,1.0,1.0,1.0,1.0,1.0,1.0,1,0,6,0
COC(=N\c1cccc(C(F)(F)F)c1)/N=C(\[O-])c1ccccc1,2,2,1.0,1.0,1.0,1.0,1.0,1.0,2,0,21,0
[CH2]C[C@@H]1[CH][C@H]2CC[C@@H]1C2,2,2,1.0,1.0,1.0,1.0,1.0,1.0,2,0,7,0
c1cnc(-[n+]2ccc(-c3ccnc(-c4cc(-c5cc[n+](-c6ncccn6)cc5)ccn4)c3)cc2)nc1,2,6,0.0,0.0,0.9411764705882353,1.0,0.8823529411764706,0.8888888888888888,2,4,30,0
COC(=O)[C@H](Cc1[c]cccc1)[N-]S(=O)(=O)C(F)(F)F,2,2,1.0,1.0,1.0,1.0,1.0,1.0,2,0,18,0
CC(C)/N=c1\cccccc1[O-],2,2,1.0,1.0,1.0,1.0,1.0,1.0,2,0,10,0
CC(C)c1cc(C(c2ccccc2)c2ccccc2)c([N-][Si](C)(C)C)c(C(c2ccccc2)c2ccccc2)c1,1,1,1.0,1.0,1.0,1.0,1.0,1.0,1,0,39,0
CCOP(C#Cc1ccccc1)OCC,1,1,1.0,1.0,1.0,1.0,1.0,1.0,1,0,14,0
CC(C)(C)c1cc(/C=N/c2ccccc2N)c([O-])c(C(C)(C)C)c1,3,3,1.0,1.0,1.0,1.0,1.0,1.0,3,0,21,0
[O-]c1ccccc1CNCCc1c[nH]cn1,3,3,1.0,1.0,1.0,1.0,1.0,1.0,3,0,13,0
CC(C)(C)[Si](C)(C)Oc1c(Br)cc2c(c1-c1c([O-])c(Br)cc3c1CCCC3)CCCC2,1,2,0.0,0.0,0.9833333333333334,1.0,0.9666666666666667,0.967741935483871,1,1,29,0
CCCC[PH+]1[C](C(C)(C)C)~[P-3]~[C]1C(C)(C)C,3,3,1.0,1.0,1.0,1.0,1.0,1.0,3,0,13,0
CN1C[C@H]2CN3CCCC[C@H]3[C@@H](C1)O2,2,3,0.0,0.0,0.9583333333333333,1.0,0.9166666666666666,0.9285714285714286,2,1,11,0
O=C([N-]c1ccccc1C(=O)N/N=C\c1cccs1)c1ccccc1,2,4,0.0,0.0,0.9565217391304348,1.0,0.9130434782608695,0.92,2,2,21,0
CC(C)n1ccc(-c2cccc(-c3ccn(C(C)C)n3)n2)n1,3,3,1.0,1.0,1.0,1.0,1.0,1.0,3,0,19,0
CC(C)(C)O,1,1,1.0,1.0,1.0,1.0,1.0,1.0,1,0,4,0
CCOC(=O)[C@@](C)(/N=C/c1ccccc1[O-])[C@H](/N=C/c1ccccc1[O-])c1ccc(F)cc1,4,4,1.0,1.0,1.0,1.0,1.0,1.0,4,0,29,0
O[C@H]1CCCC[C@@H]1Pc1ccc(F)cc1,1,2,0.0,0.0,0.9642857142857143,1.0,0.9285714285714286,0.9333333333333333,1,1,13,0
CCCc1ccncc1,1,1,1.0,1.0,1.0,1.0,1.0,1.0,1,0,8,0
CCSc1cccc2cccnc12,2,2,1.0,1.0,1.0,1.0,1.0,1.0,2,0,11,0
c1ccc(CSc2cccc3cccnc23)c(CSc2cccc3cccnc23)c1,4,4,1.0,1.0,1.0,1.0,1.0,1.0,4,0,26,0
CNC(=[NH+])NC(=N)OC,2,2,1.0,1.0,1.0,1.0,1.0,1.0,2,0,7,0
O=P(O)(c1ccccn1)c1ccccn1,2,3,0.0,0.0,0.6730769230769231,0.5,0.8461538461538461,0.8,1,2,11,1
O=S(=O)([N-]Cc1ccccn1)C(F)(F)F,2,2,1.0,1.0,1.0,1.0,1.0,1.0,2,0,13,0
Cc1cccc(C[N-]S(=O)(=O)C(F)(F)F)n1,2,2,1.0,1.0,1.0,1.0,1.0,1.0,2,0,14,0
C/C(=N\c1c(C2CCCC2)cc(C(c2ccccc2)c2ccccc2)cc1C1CCCC1)c1ccc2c(n1)/C(=N/c1c(C3CCCC3)cc(C(c3ccccc3)c3ccccc3)cc1C1CCCC1)CCCC2,3,3,1.0,1.0,1.0,1.0,1.0,1.0,3,0,70,0
C/C(=N\c1c(C2CCCCCCC2)cc(C(c2ccccc2)c2ccccc2)cc1C(c1ccccc1)c1ccccc1)c1ccc2c(n1)/C(=N/c1c(C3CCCCCCC3)cc(C(c3ccccc3)c3ccccc3)cc1C(c1ccccc1)c1ccccc1)CCCC2,3,3,1.0,1.0,1.0,1.0,1.0,1.0,3,0,92,0
Cc1cccc(C)c1/N=C(\CC/C(=N\c1c(C)cccc1C)c1cccc(C(=O)[N-]c2c(C)cccc2C)n1)c1cccc(C(=O)[N-]c2c(C)cccc2C)n1,4,6,0.0,0.0,0.9807692307692308,1.0,0.9615384615384616,0.9642857142857143,4,2,50,0
CC1(C)[C@@H]2CC[C@]13CS(=O)(=O)[N-]CC[N-]S(=O)(=O)C[C@]14CC[C@H](C/C1=N\CC/N=C/3C2)C4(C)C,4,4,1.0,1.0,1.0,1.0,1.0,1.0,4,0,30,0
CC(C)(C)P(c1nccn1-c1cc2ccc1CCc1ccc(cc1)CC2)C(C)(C)C,2,8,0.0,0.0,0.8928571428571428,1.0,0.7857142857142857,0.8,2,6,22,0
C1=C(P(c2ccccc2)c2ccccc2)[C@@H]2O[C@H]1C[C@@H]2P(c1ccccc1)c1ccccc1,2,2,1.0,1.0,1.0,1.0,1.0,1.0,2,0,31,0
C1=C[C@H]2C[C@@H]1C[C@H]2/C=C/c1ccccc1,6,4,0.0,0.0,0.2777777777777778,0.0,0.5555555555555556,0.3333333333333333,0,4,5,6
C[C@@](c1[c]cccc1)(c1ccccn1)c1cccc(-c2[c]cccc2)n1,4,4,1.0,1.0,1.0,1.0,1.0,1.0,4,0,22,0
C[C@](c1ccccc1)(c1ccccn1)c1cccc(-c2ccccc2)n1,2,2,1.0,1.0,1.0,1.0,1.0,1.0,2,0,24,0
CS/C([S-])=N/N=C/c1cc([N+](=O)[O-])ccc1[O-],3,3,1.0,1.0,1.0,1.0,1.0,1.0,3,0,14,0
Cc1cn([C@@H](CC(=O)O)C(=O)[O-])nc1C,3,3,1.0,0.0,0.7916666666666666,0.6666666666666666,0.9166666666666666,0.8666666666666667,2,1,11,1
C=CCCOC(=O)[CH]/C(=[C]/S(=O)(=O)c1ccccc1)[Si](C)(C)C,2,2,1.0,1.0,1.0,1.0,1.0,1.0,2,0,21,0
[c]1ccccc1-c1cc(N2CCOCCOCCOCCOCC2)cc(-c2ccccn2)n1,3,7,0.0,0.0,0.9333333333333333,1.0,0.8666666666666667,0.8787878787878788,3,4,26,0
[C]CC(O)(c1ccccc1)c1ccccc1,1,2,0.0,0.0,0.9666666666666667,1.0,0.9333333333333333,0.9375,1,1,14,0
CN(Cc1ccccc1)p1oc2ccc3ccccc3c2c2c(ccc3ccccc32)o1,1,1,1.0,1.0,1.0,1.0,1.0,1.0,1,0,31,0
CC1(C)N([O-])C(c2cccc([N+](=O)[O-])c2[O-])=[N+]([O-])C1(C)C,2,3,0.0,0.0,0.9736842105263157,1.0,0.9473684210526315,0.9523809523809523,2,1,18,0
N[C@H](c1ccccc1)[C@@H]([O-])c1ccccc1,2,2,1.0,1.0,1.0,1.0,1.0,1.0,2,0,14,0
NCCC[N-]C(=O)c1cccc(C2=NCCCN2)n1,4,4,1.0,1.0,1.0,1.0,1.0,1.0,4,0,15,0
OC[C@H]1O[C@H](O)[C@H](/N=C/c2ccccn2)[C@@H](O)[C@@H]1O,2,4,0.0,0.0,0.9411764705882353,1.0,0.8823529411764706,0.8947368421052632,2,2,15,0
CC/[NH+]=c1\oc(=O)n(CC)c(=O)n1CC,1,0,0.0,0.0,0.5,0.0,1.0,0.9333333333333333,0,0,14,1
C/C1=N\CCSCCSCC/N=C(\C)c2cccc1n2,5,5,1.0,1.0,1.0,1.0,1.0,1.0,5,0,15,0
NCCNCCn1cnc2c(N)ncnc21,3,4,0.0,0.0,0.9615384615384616,1.0,0.9230769230769231,0.9375,3,1,12,0
NCCNCCCn1cnc2c(N)ncnc21,3,5,0.0,0.0,0.9285714285714286,1.0,0.8571428571428571,0.8823529411764706,3,2,12,0
N#CCCN=S(c1ccccc1)c1ccccc1,1,1,1.0,1.0,1.0,1.0,1.0,1.0,1,0,17,0
O=C([N-][C@@H](c1ccccc1)[C@@H]([N-]C(=O)c1ccc2ccccc2n1)c1ccccc1)c1ccc2ccccc2n1,4,4,1.0,1.0,1.0,1.0,1.0,1.0,4,0,36,0
O=C([N-][C@H](c1ccccc1)[C@H]([N-]C(=O)c1ccccn1)c1ccccc1)c1ccccn1,4,4,1.0,1.0,1.0,1.0,1.0,1.0,4,0,28,0
FC(F)(F)c1ccc(C(c2ccc(C(F)(F)F)cc2)c2ccccc2P(c2ccccc2)c2ccccc2)cc1,1,1,1.0,1.0,1.0,1.0,1.0,1.0,1,0,39,0
FC(F)(F)c1ccc([C](c2ccc(C(F)(F)F)cc2)c2ccccc2P(c2ccccc2)c2ccccc2)cc1,2,2,1.0,1.0,1.0,1.0,1.0,1.0,2,0,38,0
Brc1cccc2nc(-c3ccccn3)c(NC3CCCCC3)n12,2,2,1.0,1.0,1.0,1.0,1.0,1.0,2,0,21,0
c1ccc(P2CN(c3ccc(C4CCCCC4)cc3)CP(c3ccccc3)CN(c3ccc(C4CCCCC4)cc3)C2)cc1,2,2,1.0,1.0,1.0,1.0,1.0,1.0,2,0,42,0
CCCCCCCCCCCCCCc1ccc(N2CP(c3ccccc3)CN(c3ccc(CCCCCCCCCCCCCC)cc3)CP(c3ccccc3)C2)cc1,2,2,1.0,1.0,1.0,1.0,1.0,1.0,2,0,58,0
CCCCCCc1ccc(N2CP(c3ccccc3)CN(c3ccc(CCCCCC)cc3)CP(c3ccccc3)C2)cc1,2,2,1.0,1.0,1.0,1.0,1.0,1.0,2,0,42,0
[CH2][C](C)c1cccc(C(C)C)c1[N-2]~[C](N=C(C(C)(C)C)C(C)(C)C)~[N-2]c1c(C(C)C)cccc1C(C)C,4,4,1.0,1.0,1.0,1.0,1.0,1.0,4,0,33,0
CCCC[N+](CCCC)(CCCC)Cc1ccc(-c2ccc(C[N+](CCCC)(CCCC)CCCC)cn2)nc1,2,2,1.0,1.0,1.0,1.0,1.0,1.0,2,0,38,0
CC(C)(C[O-])C(=O)[O-],2,3,0.0,0.0,0.9166666666666667,1.0,0.8333333333333334,0.875,2,1,5,0
CC(C)c1cccc(C(C)C)c1[N-2]~[C](N=C(C(C)(C)C)C(C)(C)C)~[N-2]c1c(C(C)C)cccc1C(C)C,2,2,1.0,1.0,1.0,1.0,1.0,1.0,2,0,35,0
CC(C)(C)c1cc2c(c(C(C)(C)C)c1)OP(F)N(c1ccccc1)P(F)Oc1c(cc(C(C)(C)C)cc1C(C)(C)C)S2,3,2,0.0,0.0,0.8333333333333333,0.6666666666666666,1.0,0.9761904761904762,2,0,39,1
[CH2]c1cc[nH+]cc1,1,1,1.0,1.0,1.0,1.0,1.0,1.0,1,0,6,0
FC(F)(F)c1ccccc1/N=C/c1cccc(/C=N/c2ccccc2C(F)(F)F)n1,2,3,0.0,0.0,0.9821428571428572,1.0,0.9642857142857143,0.9666666666666667,2,1,27,0
Cc1cc[c]c(-c2[c]ccc(C)c2)c1,2,2,1.0,1.0,1.0,1.0,1.0,1.0,2,0,12,0
CCn1c(-c2cccc(-c3nc4cc(C)c(C)cc4n3CC)n2)nc2cc(C)c(C)cc21,3,3,1.0,1.0,1.0,1.0,1.0,1.0,3,0,29,0
O=C([O-])c1cc(/N=N/c2ccc(C(=O)O)cc2)cc(C(=O)O)c1,1,2,0.0,0.0,0.9772727272727273,1.0,0.9545454545454546,0.9565217391304348,1,1,21,0
NCCCN(CCC/N=C/c1c([O-])ccc2ccccc12)Cc1ccccc1[N+](=O)[O-],4,5,0.0,0.0,0.9814814814814814,1.0,0.9629629629629629,0.967741935483871,4,1,26,0
[S-][C@H]1[C@@H]2C[C@H]3C[C@@H](C2)C[C@@H]1C3,1,1,1.0,1.0,1.0,1.0,1.0,1.0,1,0,10,0
Cc1ccc(/N=N/C2=C([O-])C(=O)c3ccccc3C2=O)cc1,2,2,1.0,1.0,1.0,1.0,1.0,1.0,2,0,20,0
CCCCOc1cc(/N=C/c2cc(C#Cc3cc(OC)cc(OC)c3)ccc2[O-])c(/N=C/c2cc(C#Cc3cc(OC)cc(OC)c3)ccc2[O-])cc1OCCCC,4,16,0.0,0.0,0.8888888888888888,1.0,0.7777777777777778,0.7931034482758621,4,12,42,0
[C]#Cc1cc(CN(C)C)c(I)c(CN(C)C)c1,1,1,1.0,1.0,1.0,1.0,1.0,1.0,1,0,16,0
[O-][n+]1cccc(O)c1,1,1,1.0,1.0,1.0,1.0,1.0,1.0,1,0,7,0
Cc1ccccc1/N=C/c1[c]cccc1,2,2,1.0,1.0,1.0,1.0,1.0,1.0,2,0,13,0
COc1cc(C=O)cc(/C=N/[C@H]2CCCC[C@H]2/N=C/c2cc(C=O)cc(OC)c2[O-])c1[O-],4,4,1.0,1.0,1.0,1.0,1.0,1.0,4,0,28,0
CC(C)c1cccc(C(C)C)c1-n1n[n+](-c2c(C(C)C)cccc2C(C)C)c(-c2ccccc2)c1[C]=[N+]=[N-],1,1,1.0,1.0,1.0,1.0,1.0,1.0,1,0,37,0
CCOC(=O)[CH]/C(=[C]/S(=O)(=O)c1ccccc1)[Si](C)(C)C,2,2,1.0,1.0,1.0,1.0,1.0,1.0,2,0,19,0
[O-]c1ccccc1/C(O)=N/O,2,2,1.0,1.0,1.0,1.0,1.0,1.0,2,0,9,0
CC(C)c1nc(C(O)(c2cn(C)c(C(C)C)n2)c2cn(C)c(C(C)C)n2)cn1C,3,3,1.0,1.0,1.0,1.0,1.0,1.0,3,0,26,0
CCc1nc(C(O)(c2cn(C)c(CC)n2)c2cn(C)c(CC)n2)cn1C,3,3,1.0,1.0,1.0,1.0,1.0,1.0,3,0,23,0
COc1[c]c(C(C)=O)ccc1,2,2,1.0,1.0,1.0,1.0,1.0,1.0,2,0,9,0
CC(C)(C)B1N(C2CCCCC2)[C]N1C1CCCCC1,1,1,1.0,1.0,1.0,1.0,1.0,1.0,1,0,19,0
COc1cccc(/C=N/[C@H]2C[C@@H](/N=C/c3cccc(OC)n3)C[C@@H](/N=C/c3cccc(OC)n3)C2)n1,6,6,1.0,1.0,1.0,1.0,1.0,1.0,6,0,30,0
[O-][C]([S-])c1ccccc1[O-],2,2,1.0,1.0,1.0,1.0,1.0,1.0,2,0,8,0
CC(C)(C)c1cc(CC(Cc2cc(C(C)(C)C)cc(C(C)(C)C)c2)(C2=N[C@H]3c4ccccc4C[C@H]3O2)C2=N[C@H]3c4ccccc4C[C@H]3O2)cc(C(C)(C)C)c1,2,2,1.0,1.0,1.0,1.0,1.0,1.0,2,0,53,0
O=C([O-])[C@H]([O-])[C@@H](O)CO,2,3,0.0,0.0,0.9285714285714286,1.0,0.8571428571428571,0.8888888888888888,2,1,6,0
Cc1ccc(N2CP(c3ccccc3)CCP(c3ccccc3)C2)cc1,2,2,1.0,1.0,1.0,1.0,1.0,1.0,2,0,24,0
Brc1ccc(N2CP(c3ccccc3)CCP(c3ccccc3)C2)cc1,2,2,1.0,1.0,1.0,1.0,1.0,1.0,2,0,24,0
Clc1ccc(N2CP(c3ccccc3)CCP(c3ccccc3)C2)cc1,2,2,1.0,1.0,1.0,1.0,1.0,1.0,2,0,24,0
CC(=C(c1ccccc1)c1ccccc1)P(C1CCCCC1)C1CCCCC1,1,1,1.0,1.0,1.0,1.0,1.0,1.0,1,0,27,0
O=S(=O)(c1ccccn1)C(P(C1CCCCC1)C1CCCCC1)S(=O)(=O)c1ccccn1,1,3,0.0,0.0,0.967741935483871,1.0,0.9354838709677419,0.9375,1,2,29,0
O=S(=O)([C](P(C1CCCCC1)C1CCCCC1)S(=O)(=O)c1ccccn1)c1ccccn1,1,4,0.0,0.0,0.9516129032258065,1.0,0.9032258064516129,0.90625,1,3,28,0
O=C([N-]NC(=O)c1ccccc1O)c1ccccc1O,2,3,0.0,0.0,0.9722222222222222,1.0,0.9444444444444444,0.95,2,1,17,0
O=C([O-])c1cncc(C(=O)[O-])n1,3,5,0.0,0.0,0.8888888888888888,1.0,0.7777777777777778,0.8333333333333334,3,2,7,0
C[C@@H](c1ccccc1[Si@@](C)(O)c1ccccc1)N(C)C,1,8,0.0,0.0,0.8157894736842105,1.0,0.631578947368421,0.65,1,7,12,0
C/C(=N\N=C(/[O-])c1ccco1)c1ccccn1,3,3,1.0,1.0,1.0,1.0,1.0,1.0,3,0,14,0
CC#C[C]=C(c1ccccc1)c1ccccc1,1,2,0.0,0.0,0.96875,1.0,0.9375,0.9411764705882353,1,1,15,0
O=[N+]([O-])c1ccccc1CN1Cc2cccc(n2)CN(Cc2ccccc2[N+](=O)[O-])c2ccccc2OCCCOc2ccccc21,5,5,1.0,1.0,1.0,1.0,1.0,1.0,5,0,42,0
[CH]=C(C(C)=O)[Si](C)(C)C,2,2,1.0,1.0,1.0,1.0,1.0,1.0,2,0,7,0
C/C(=N\[N-]c1ccc(Cl)nn1)c1[c]cc(C)c(C)c1,3,3,1.0,1.0,1.0,1.0,1.0,1.0,3,0,16,0
CCP(CC)CCP(CN(c1ccccc1)c1ccccc1)CN(c1ccccc1)c1ccccc1,2,2,1.0,1.0,1.0,1.0,1.0,1.0,2,0,34,0
O=C(Oc1cccc2c1C(=O)c1c(OC(=O)c3cccnc3)cccc1C2=O)c1cccnc1,2,2,1.0,1.0,1.0,1.0,1.0,1.0,2,0,32,0
C=Cc1ccccc1/[C]=N/c1c(C)cccc1C,1,3,0.0,0.0,0.9411764705882353,1.0,0.8823529411764706,0.8888888888888888,1,2,15,0
CC(C)c1cccc(C(C)C)c1/N=[C]/c1ccccc1CN(C)C,2,3,0.0,0.0,0.9772727272727273,1.0,0.9545454545454546,0.9583333333333334,2,1,21,0
CCN1CCC[C@@H]2[C@H]1CCCN2CC,2,2,1.0,1.0,1.0,1.0,1.0,1.0,2,0,12,0
O=C1[N-]c2ccccc2[N-]C(=O)c2cccc(n2)CCc2cccc1n2,4,4,1.0,1.0,1.0,1.0,1.0,1.0,4,0,22,0
Cc1cc(C)n(C(CC(=O)[O-])n2nc(C)cc2C)n1,3,4,0.0,0.0,0.96875,1.0,0.9375,0.9473684210526315,3,1,15,0
CSCc1cc(CSC)c(CSC)cc1CSC,2,4,0.0,0.0,0.9375,1.0,0.875,0.8888888888888888,2,2,14,0
Cc1ccc(C(C)C)c([O-])c1C1=N[C@@H](C(C)C)CO1,2,2,1.0,1.0,1.0,1.0,1.0,1.0,2,0,17,0
Cc1cccc([C@]2(C(C)(C)C)[C]=C(c3cccc(C)[nH+]3)c3ccccc32)n1,2,2,1.0,1.0,1.0,1.0,1.0,1.0,2,0,25,0
CC(C)(C)c1cc(/C=N/c2cc(O)c(O)cc2/N=C/c2cc(C(C)(C)C)cc(C(C)(C)C)c2[O-])c([O-])c(C(C)(C)C)c1,4,4,1.0,1.0,1.0,1.0,1.0,1.0,4,0,38,0
CSc1ccccc1/N=C/c1[c]cccc1,3,3,1.0,1.0,1.0,1.0,1.0,1.0,3,0,13,0
CN1CCCN(C[P@](=O)([O-])O)CCN(C)CCCN(CP(=O)(O)O)CC1,5,6,0.0,0.0,0.9761904761904762,1.0,0.9523809523809523,0.9615384615384616,5,1,20,0
CN1CCCN(C[P@](=O)([O-])O)CCN(C)CCCN(C[P@@](=O)([O-])O)CC1,5,7,0.0,0.0,0.9523809523809523,1.0,0.9047619047619048,0.9230769230769231,5,2,19,0
C[Si](C)(Cl)OPC([Si](C)(C)C)[Si](C)(C)C,1,1,1.0,1.0,1.0,1.0,1.0,1.0,1,0,14,0
CC(C)(C)N1C(=O)P(C([Si](C)(C)C)[Si](C)(C)C)O[Si]1(C)C,1,1,1.0,1.0,1.0,1.0,1.0,1.0,1,0,20,0
[C]#Cc1ccc(-c2cccs2)s1,1,1,1.0,1.0,1.0,1.0,1.0,1.0,1,0,11,0
C[C@H](c1ccccc1P(c1ccccc1[C@@H](C)N(C)C)c1ccccc1[C@@H](C)[NH+](C)C)N(C)C,2,13,0.0,0.0,0.828125,1.0,0.65625,0.6764705882352942,2,11,21,0
O=C([O-])c1c([O-])c(Cl)cc(Cl)c1Cl,2,3,0.0,0.0,0.9545454545454546,1.0,0.9090909090909091,0.9230769230769231,2,1,10,0
c1cnc2c(c1)sc1cccnc12,2,2,1.0,1.0,1.0,1.0,1.0,1.0,2,0,11,0
CC(C)(C)c1cc(/C=N/N=C(\[S-])Nc2ccccc2)c([O-])c(C(C)(C)C)c1,3,3,1.0,1.0,1.0,1.0,1.0,1.0,3,0,24,0
Cn1[c]c2[n+](n1)[C@@H](Cc1ccccc1)C(C)(C)OC2,1,1,1.0,1.0,1.0,1.0,1.0,1.0,1,0,18,0
CC(=N/[N-]C(=O)CNc1ccc(C)cc1)/C(C)=N/O,3,3,1.0,1.0,1.0,1.0,1.0,1.0,3,0,16,0
CC(=N/[N-]C(=O)CNc1ccc(Br)cc1)/C(C)=N/O,3,3,1.0,1.0,1.0,1.0,1.0,1.0,3,0,16,0
C[C@H](c1ccccc1P(c1ccccc1)c1ccccc1)N(C)C,6,8,0.0,0.0,0.9444444444444444,1.0,0.8888888888888888,0.9166666666666666,6,2,16,0
Fc1cc(OP(c2ccccc2)c2ccccc2)[c]c(OP(c2ccccc2)c2ccccc2)c1,3,3,1.0,1.0,1.0,1.0,1.0,1.0,3,0,32,0
CC1=NN(c2ccccc2)C(=O)/C1=C\[N-]c1ccc(C)cc1/N=N/c1ccc(C)cc1,3,4,0.0,0.0,0.9821428571428572,1.0,0.9642857142857143,0.967741935483871,3,1,27,0
CCCCCCCCCCCCOc1c[c]c(-c2cccc(-c3[c]cc(OCCCCCCCCCCCC)cc3)n2)cc1,3,3,1.0,1.0,1.0,1.0,1.0,1.0,3,0,41,0
[O-]/C(Cc1c[nH]c2ccccc12)=N\N=C\c1c([O-])ccc2ccccc12,3,3,1.0,1.0,1.0,1.0,1.0,1.0,3,0,23,0
C[C]1~[CH]~[C](C)~[C](N2[C]N([C]3~[C](C)~[CH]~[C](C)~[CH]~[C]~3C)[CH]~[C](~[C]3~[C](C)~[CH]~[CH]~[CH]~[C]~3C)~[CH]2)~[C](C)~[CH]~1,1,1,1.0,1.0,1.0,1.0,1.0,1.0,1,0,31,0
CCOC(=O)C1(C(=O)OCC)Cc2c(-c3ccccn3)nc(-c3cccc(-c4nc(-c5ccccn5)c5c(c4C)CC(C(=O)OCC)(C(=O)OCC)C5)n3)c(C)c2C1,3,5,0.0,0.0,0.9818181818181818,1.0,0.9636363636363636,0.9655172413793104,3,2,53,0
CCCOc1c2cccc1Cc1cccc(c1OCCC)Cc1cc(-c3ccccc3P(C(C)C)C(C)C)cc(c1OCCC)Cc1cccc(c1OCCC)C2,1,2,0.0,0.0,0.9910714285714286,1.0,0.9821428571428571,0.9824561403508771,1,1,55,0
C/C(=N\c1c(C)cccc1C)C(I)/C(C)=N/c1c(C)cccc1C,2,2,1.0,1.0,1.0,1.0,1.0,1.0,2,0,22,0
CC(C)(C)CP(c1ccccc1)c1ccccc1[O-],2,2,1.0,1.0,1.0,1.0,1.0,1.0,2,0,17,0
CC(C)(C)C(C)(C)P(c1ccccc1)c1ccccc1[O-],2,2,1.0,1.0,1.0,1.0,1.0,1.0,2,0,19,0
c1ccc(-c2cncc(-c3ccccc3)n2)cc1,1,2,0.0,0.0,0.9705882352941176,1.0,0.9411764705882353,0.9444444444444444,1,1,16,0
C/C(=N\c1c(C(C)C)cccc1C(C)C)c1[c]c2c(cc1)OCO2,2,2,1.0,1.0,1.0,1.0,1.0,1.0,2,0,22,0
N#Cc1[c]cccc1,1,1,1.0,1.0,1.0,1.0,1.0,1.0,1,0,7,0
CCOC(=O)C=C1CC1,2,2,1.0,1.0,1.0,1.0,1.0,1.0,2,0,7,0
[O-2]~[C](~[CH][C@H](/C(=[C]/c1ccccc1)c1ccccc1)c1ccccc1)c1ccccc1,4,4,1.0,1.0,1.0,1.0,1.0,1.0,4,0,26,0
C[C@@H]1CN=C(c2cn(Cc3ccccc3)nn2)N1,2,2,1.0,1.0,1.0,1.0,1.0,1.0,2,0,16,0
C[C@@H]1CNC(c2cn(Cc3ccccc3)nn2)=N1,2,2,1.0,1.0,1.0,1.0,1.0,1.0,2,0,16,0
c1ccc(Cn2cc(C3=NCCN3)nn2)cc1,2,2,1.0,1.0,1.0,1.0,1.0,1.0,2,0,15,0
c1ccc(Cn2cc(C3=NCCCN3)nn2)cc1,2,2,1.0,1.0,1.0,1.0,1.0,1.0,2,0,16,0
Cn1ccc(-c2cccc(-c3ccn(C)n3)n2)n1,3,3,1.0,1.0,1.0,1.0,1.0,1.0,3,0,15,0
Cc1cc(C)n(CNCc2ccccn2)n1,3,3,1.0,1.0,1.0,1.0,1.0,1.0,3,0,13,0
[CH]1~[C](c2ccccc2)~[CH]~[C](c2ccccc2)P(P(c2ccccc2)c2ccccc2)[C]~1c1ccccc1,5,7,0.0,0.0,0.96875,1.0,0.9375,0.9459459459459459,5,2,30,0
CC(C)c1cccc(C(C)C)c1/N=C/c1ccc(C(C)(C)C)[n-]1,2,2,1.0,1.0,1.0,1.0,1.0,1.0,2,0,21,0
CS/C(=N/N=C/c1ccccc1[O-])[N-]C(=O)c1ccccn1,4,4,1.0,1.0,1.0,1.0,1.0,1.0,4,0,18,0
COC(=O)C(=O)[O-],1,3,0.0,0.0,0.8333333333333333,1.0,0.6666666666666666,0.7142857142857143,1,2,4,0
CN1CCN(Cc2cccc(NC(=O)C(C)(C)C)n2)CC1,2,4,0.0,0.0,0.9473684210526316,1.0,0.8947368421052632,0.9047619047619048,2,2,17,0
CC(C)(C)C(=O)Nc1cccc(CN2CCOCC2)n1,2,4,0.0,0.0,0.9444444444444444,1.0,0.8888888888888888,0.9,2,2,16,0
Nc1cccc(CN2CCOCC2)n1,2,3,0.0,0.0,0.9583333333333333,1.0,0.9166666666666666,0.9285714285714286,2,1,11,0
[CH]=CC=O,1,2,0.0,0.0,0.8333333333333333,1.0,0.6666666666666666,0.75,1,1,2,0
CC1=CC[C@H](C)[C@@]([O-])(c2[c]cccc2)O1,2,2,1.0,1.0,1.0,1.0,1.0,1.0,2,0,13,0
[C]=C=C(OCC)N(C)C,1,1,1.0,1.0,1.0,1.0,1.0,1.0,1,0,8,0
Cc1cc(C)n(-c2nnc3nncn3n2)n1,2,4,0.0,0.0,0.9285714285714286,1.0,0.8571428571428571,0.875,2,2,12,0
Cc1cc(C)n(-c2nnc3nnc(N)n3n2)n1,2,2,1.0,1.0,1.0,1.0,1.0,1.0,2,0,15,0
COCCOc1cc(C#Cc2ccncc2)cc(OCCOC)c1OCCOC,1,6,0.0,0.0,0.9107142857142857,1.0,0.8214285714285714,0.8275862068965517,1,5,23,0
Cc1ccc[c]c1C(=O)[O-],2,3,0.0,0.0,0.9375,1.0,0.875,0.9,2,1,7,0
O=C(P(c1ccccc1)c1ccccc1)P(c1ccccc1)c1ccccc1,2,2,1.0,1.0,1.0,1.0,1.0,1.0,2,0,26,0
COCCOCCOCCOc1cc(C#Cc2ccncc2)cc(OCCOCCOCCOC)c1OCCOCCOCCOC,1,8,0.0,0.0,0.9239130434782609,1.0,0.8478260869565217,0.851063829787234,1,7,39,0
COCCOCCOc1cc(C#Cc2ccncc2)cc(OCCOCCOC)c1OCCOCCOC,1,4,0.0,0.0,0.9594594594594594,1.0,0.918918918918919,0.9210526315789473,1,3,34,0
O=C([O-])c1cccc(CN(CCCn2ccnc2[N+](=O)[O-])CCN(CCCn2ccnc2[N+](=O)[O-])Cc2cccc(C(=O)[O-])n2)n1,6,12,0.0,0.0,0.925,1.0,0.85,0.8695652173913043,6,6,34,0
O=C([O-])c1cccc(CN(CCCn2ccnc2[N+](=O)[O-])[C@@H]2CCCC[C@H]2N(CCCn2ccnc2[N+](=O)[O-])Cc2cccc(C(=O)[O-])n2)n1,6,12,0.0,0.0,0.9318181818181819,1.0,0.8636363636363636,0.88,6,6,38,0
Cc1ccc(C)c(/N=C/c2ccccn2)c1,2,2,1.0,1.0,1.0,1.0,1.0,1.0,2,0,14,0
O=C([O-])c1coc([C@@H]2CCC[NH2+]2)n1,2,3,0.0,0.0,0.9545454545454546,1.0,0.9090909090909091,0.9230769230769231,2,1,10,0
CCCC[C](~[N-2]C(C)C)~[N-2]C(C)C,2,2,1.0,1.0,1.0,1.0,1.0,1.0,2,0,11,0
O=C1c2ccccc2C(=O)c2cc(-c3nc4c5cccnc5c5ncccc5c4[nH]3)ccc21,2,2,1.0,1.0,1.0,1.0,1.0,1.0,2,0,31,0
COc1ccccc1P(c1ccccc1OC)N(c1ccc(N(C)C)cc1)P(=O)(c1ccccc1)c1ccccc1,2,2,1.0,1.0,1.0,1.0,1.0,1.0,2,0,39,0
Cc1ncc(CO)c(/C=N/CCN(CC/N=C/c2c(CO)c[nH+]c(C)c2[O-])CC/N=C/c2c(CO)c[nH+]c(C)c2[O-])c1[O-],6,7,0.0,0.0,0.9864864864864865,1.0,0.972972972972973,0.9767441860465116,6,1,36,0
[O-]/N=C(\[O-])c1cnccn1,2,3,0.0,0.0,0.9375,1.0,0.875,0.9,2,1,7,0
N=CC=N,2,2,1.0,1.0,1.0,1.0,1.0,1.0,2,0,2,0
CP(C)(=S)N=P(C)(C)[S-],2,2,1.0,1.0,1.0,1.0,1.0,1.0,2,0,7,0
COCCCN(C)CCN(C)C,3,3,1.0,1.0,1.0,1.0,1.0,1.0,3,0,9,0
CC(C)[C@@H]1CC[C@@H](C)C[C@H]1P(c1cccc(-c2ccccc2)c1S(=O)(=O)[O-])[C@@H]1C[C@H](C)CC[C@H]1C(C)C,2,2,1.0,1.0,1.0,1.0,1.0,1.0,2,0,35,0
CC(C)[C@@H]1CC[C@@H](C)C[C@H]1P(c1cccc(-c2c(F)c(F)c(F)c(F)c2F)c1S(=O)(=O)[O-])[C@@H]1C[C@H](C)CC[C@H]1C(C)C,2,2,1.0,1.0,1.0,1.0,1.0,1.0,2,0,40,0
CC(C)n1cnc(-c2cc(C(C)(C)C)cc3c2[n-]c2c(-c4ncn(C(C)C)n4)cc(C(C)(C)C)cc23)n1,3,3,1.0,1.0,1.0,1.0,1.0,1.0,3,0,34,0
Cc1ccsc1/C=N\N=C(/[O-])c1ccco1,2,2,1.0,1.0,1.0,1.0,1.0,1.0,2,0,14,0
[O-]C([C@H]1C=Cc2ccccc21)(C(F)(F)F)C(F)(F)F,3,3,1.0,1.0,1.0,1.0,1.0,1.0,3,0,16,0
CC(C)c1cccc(C(C)C)c1N=P(C1=C([N-]c2c(C(C)C)cccc2C(C)C)CCC1)(C(C)C)C(C)C,2,2,1.0,1.0,1.0,1.0,1.0,1.0,2,0,36,0
Cc1cccc(C)c1[N-]C1=C(P(C(C)C)C(C)C)CCC1,2,2,1.0,1.0,1.0,1.0,1.0,1.0,2,0,19,0
Cc1cccc(C)c1N=P(C1=C([N-]c2c(C)cccc2C)CCC1)(C(C)C)C(C)C,2,2,1.0,1.0,1.0,1.0,1.0,1.0,2,0,28,0
[C]#[N+]c1c(C)cc(N(C)C)cc1C,1,1,1.0,1.0,1.0,1.0,1.0,1.0,1,0,12,0
O=C1CCC(C(=O)[O-])=NN1,2,3,0.0,0.0,0.9375,1.0,0.875,0.9,2,1,7,0
CN(C)COCN(C)C,2,3,0.0,0.0,0.9285714285714286,1.0,0.8571428571428571,0.8888888888888888,2,1,6,0
c1ccc(N2N=c3c(ccc4ccccc34)=N[C@@H]2c2ccccc2P(c2ccccc2)c2ccccc2)cc1,2,3,0.0,0.0,0.9864864864864865,1.0,0.972972972972973,0.9743589743589743,2,1,36,0
C=Cc1cc(C)c([O-])c(CCc2cc(C=C)cc(C)c2[O-])c1,2,2,1.0,1.0,1.0,1.0,1.0,1.0,2,0,20,0
O=Nc1ccc([N+](=O)[O-])cc1,1,2,0.0,0.0,0.95,1.0,0.9,0.9090909090909091,1,1,9,0
O=C1CC(=O)[N-]CCNCCCNCC[N-]1,4,4,1.0,1.0,1.0,1.0,1.0,1.0,4,0,12,0
[O-]c1ccccc1P(CCP(c1ccccc1)c1ccccc1)c1ccccc1,3,3,1.0,1.0,1.0,1.0,1.0,1.0,3,0,26,0
O=[C]Nc1nccc2ccccc12,2,2,1.0,1.0,1.0,1.0,1.0,1.0,2,0,11,0
Nc1nc(N[C]=O)cc2ccccc12,2,2,1.0,1.0,1.0,1.0,1.0,1.0,2,0,12,0
Cc1ccc([O-])c(CN2CCCN(Cc3cc(C)ccc3[O-])CC2)c1,4,4,1.0,1.0,1.0,1.0,1.0,1.0,4,0,21,0
Cc1cc(C)c(N(Cn2cccn2)Cn2cccn2)c(C)c1,2,2,1.0,1.0,1.0,1.0,1.0,1.0,2,0,20,0
Cn1c(/N=C2\[N-]/C(=N\c3nc4ccccc4n3C)c3ccccc32)nc2ccccc21,3,3,1.0,1.0,1.0,1.0,1.0,1.0,3,0,28,0
[NH2+]=C([S-])/N=N/c1ccc2ccccc2c1[O-],3,3,1.0,1.0,1.0,1.0,1.0,1.0,3,0,13,0
[CH2]N,2,2,1.0,1.0,0.5,1.0,0.0,1.0,2,0,0,0
C[C@H](OP1N(Cc2ccccc2)[C@H]2CCCC[C@@H]2N1Cc1ccccc1)c1ccccc1,1,1,1.0,1.0,1.0,1.0,1.0,1.0,1,0,31,0
[CH2]~[C](C)~[CH]CC/C(C)=C\[CH2],4,4,1.0,1.0,1.0,1.0,1.0,1.0,4,0,6,0
CC(C)n1[c]nnn1,1,1,1.0,1.0,1.0,1.0,1.0,1.0,1,0,7,0
CC(C)c1cccc(C(C)C)c1[N-]C1=C(P(C(C)C)C(C)C)CCC1,2,2,1.0,1.0,1.0,1.0,1.0,1.0,2,0,23,0
CC(C)c1cccc(C(C)C)c1[N-]C1=C(P(C(C)(C)C)C(C)(C)C)CCC1,2,2,1.0,1.0,1.0,1.0,1.0,1.0,2,0,25,0
NCCCN1CCNCCNCCNCC1,5,5,1.0,1.0,1.0,1.0,1.0,1.0,5,0,11,0
CC1(C)CC[C@@H]2N=C(c3ccccc3)ON21,1,1,1.0,1.0,1.0,1.0,1.0,1.0,1,0,15,0
CC1(C)CCC(NC(=O)c2c(F)c(F)c(F)c(F)c2F)=N1,1,2,0.0,0.0,0.975,1.0,0.95,0.9523809523809523,1,1,19,0
OP([C@]12C[C@H]3C[C@H](C[C@H](C3)C1)C2)[C@]12C[C@H]3C[C@H](C[C@H](C3)C1)C2,1,1,1.0,1.0,1.0,1.0,1.0,1.0,1,0,21,0
[CH2][C@@H](C(=O)[N-]C(C)(C)c1cn(-c2ccccc2)nn1)N1C(=O)c2ccccc2C1=O,3,3,1.0,1.0,1.0,1.0,1.0,1.0,3,0,27,0
CCNCCn1nc(-c2ccccc2)cc1-c1ccccc1,2,2,1.0,1.0,1.0,1.0,1.0,1.0,2,0,20,0
CC(C)(C)c1ccc([O-])c(/C=N/[C@@H](c2ccccc2)[C@@H](/N=C/c2cc(C(C)(C)C)ccc2[O-])c2ccccc2)c1,4,4,1.0,1.0,1.0,1.0,1.0,1.0,4,0,36,0
CC1(Cc2c[c]ccc2)C(=O)NC(=O)NC1=O,1,1,1.0,1.0,1.0,1.0,1.0,1.0,1,0,16,0
FP1(F)=NP(c2ccccc2)(c2ccccc2)=N[P@](F)(C2=C(c3ccccc3)C([P@]3(F)=NP(F)(F)=NP(c4ccccc4)(c4ccccc4)=N3)=C2c2ccccc2)=N1,4,4,1.0,1.0,1.0,1.0,1.0,1.0,4,0,54,0
FP1(F)=NP(c2ccccc2)(c2ccccc2)=N[P@](F)(/[C]=C(C(=[C]/[P@@]2(F)=NP(F)(F)=NP(c3ccccc3)(c3ccccc3)=N2)/c2ccccc2)\c2ccccc2)=N1,2,2,1.0,1.0,1.0,1.0,1.0,1.0,2,0,56,0
Cn1n[n+](C2CCCCC2)[c]c1-c1ccccc1,1,1,1.0,1.0,1.0,1.0,1.0,1.0,1,0,17,0
Cc1cc(C)c(-n2n[n+](C)[c]c2-c2ccccc2)c(C)c1,1,1,1.0,1.0,1.0,1.0,1.0,1.0,1,0,20,0
O=C(C[CH]c1ccccc1)c1ccccc1,2,2,1.0,1.0,1.0,1.0,1.0,1.0,2,0,14,0
c1ccc2[n-]nnc2c1,1,1,1.0,1.0,1.0,1.0,1.0,1.0,1,0,8,0
CSCCOP1N(C(C)(C)C)P(OCCSC)N1C(C)(C)C,2,2,1.0,0.0,0.725,0.5,0.95,0.9090909090909091,1,1,19,1
COC(=O)/C=C(/[C](~[P-](c1ccccc1)c1ccccc1)~[P-](c1ccccc1)c1ccccc1)C(=O)OC,2,2,1.0,1.0,1.0,1.0,1.0,1.0,2,0,35,0
COc1cc(/N=C2C(=N/c3cc(OC)c(OC)c(OC)c3)/[C@H]3c4ccccc4[C@@H]/2c2ccccc23)cc(OC)c1OC,2,2,1.0,1.0,1.0,1.0,1.0,1.0,2,0,40,0
COc1cc(/N=C2C(=N/c3cc(OC)c(OC)c(OC)c3)/c3cccc4cccc/2c34)cc(OC)c1OC,2,2,1.0,1.0,1.0,1.0,1.0,1.0,2,0,36,0
O=P(CCNCCSc1ccccc1)(c1ccccc1)c1ccccc1,3,3,1.0,1.0,1.0,1.0,1.0,1.0,3,0,23,0
Cc1nc(NP(C(C)C)C(C)C)[n-]/c(=N\P(C(C)C)C(C)C)n1,3,3,1.0,1.0,1.0,1.0,1.0,1.0,3,0,20,0
CC(C)P(Nc1nc(NP(C(C)C)C(C)C)nc(N(C)C)n1)C(C)C,3,3,1.0,1.0,1.0,1.0,1.0,1.0,3,0,22,0
[NH-2]~[C](~[N-3]~[C](~[NH-2])c1ccncc1)c1ccncc1,2,2,1.0,1.0,1.0,1.0,1.0,1.0,2,0,15,0
O=[N+]([O-])c1ccc([O-])c(CN(CC[O-])CCN(CC[O-])Cc2cc(Br)cc(Br)c2[O-])c1,6,6,1.0,1.0,1.0,1.0,1.0,1.0,6,0,25,0
[CH]=CCCCCCC,1,1,1.0,1.0,1.0,1.0,1.0,1.0,1,0,7,0
c1ccc(-c2nc(-c3ccccn3)n(Cc3ccccn3)c2-c2ccccc2)cc1,2,3,0.0,0.0,0.9821428571428572,1.0,0.9642857142857143,0.9666666666666667,2,1,27,0
CC(C)([C]=O)c1cccc(O)n1,2,2,1.0,1.0,1.0,1.0,1.0,1.0,2,0,10,0
C[C@H]([C]=O)[C@@H](c1ccccc1)P(c1ccccc1)c1ccccc1,2,2,1.0,1.0,1.0,1.0,1.0,1.0,2,0,22,0
C[C](~[O-2])~[C](~[C](C)~[O-2])c1ccc(C#N)cc1,2,2,1.0,1.0,1.0,1.0,1.0,1.0,2,0,13,0
O=C([N-]c1ccccc1CN(Cc1ccccn1)Cc1ccccn1)c1ccccn1,5,5,1.0,1.0,1.0,1.0,1.0,1.0,5,0,26,0
CCCCCCCCCCCCCCCCOc1ccc([O-])c(/C=N/CC[N-]C(=O)c2ccccc2[O-])c1,4,4,1.0,1.0,1.0,1.0,1.0,1.0,4,0,34,0
CCCCCCCCCCCCCCCCOc1cc(C=O)c([O-])c(/C=N/CC[N-]C(=O)c2ccccc2[O-])c1,4,4,1.0,1.0,1.0,1.0,1.0,1.0,4,0,36,0
[N-]=C(c1ccccc1)[C@H]1c2ccccc2[C@@H](C(=[N-])c2ccccc2)c2ccccc21,2,2,1.0,1.0,1.0,1.0,1.0,1.0,2,0,28,0
Cc1c[c]c(-c2ccccn2)cc1Br,2,2,1.0,1.0,1.0,1.0,1.0,1.0,2,0,12,0
O=C([O-])c1cccc(CN(Cc2ccc([N+](=O)[O-])cc2)Cc2cccc(C(=O)[O-])n2)n1,4,7,0.0,0.0,0.9444444444444444,1.0,0.8888888888888888,0.9032258064516129,4,3,24,0
[O-]c1c(Cl)cc(Cl)cc1CNCCCN1CCN(CCCNCc2cc(Cl)cc(Cl)c2[O-])CC1,6,6,1.0,1.0,1.0,1.0,1.0,1.0,6,0,28,0
COC(=O)c1cccc(CN(Cc2ccc([N+](=O)[O-])cc2)Cc2cccc(C(=O)OC)n2)n1,3,5,0.0,0.0,0.9666666666666667,1.0,0.9333333333333333,0.9393939393939394,3,2,28,0
Cc1nnc([S-])n(N)c1=O,2,3,0.0,0.0,0.9375,1.0,0.875,0.9,2,1,7,0
CCCCn1c2ccccc2c2cc(/C=N/N=C(\[S-])SC)ccc21,2,2,1.0,1.0,1.0,1.0,1.0,1.0,2,0,22,0
CC(C)N1[C]N(C(C)C)CCC1,1,1,1.0,1.0,1.0,1.0,1.0,1.0,1,0,11,0
c1cc(CN(Cc2ccc3ccccc3n2)Cc2ccc3ccccc3n2)nc(CN(Cc2ccc3ccccc3n2)Cc2ccc3ccccc3n2)c1,5,7,0.0,0.0,0.9795918367346939,1.0,0.9591836734693877,0.9629629629629629,5,2,47,0
Oc1ccc(O)c2c1[C@H]1c3cccc(P(c4ccccc4)c4ccccc4)c3[C@@H]2c2c(P(c3ccccc3)c3ccccc3)cccc21,2,2,1.0,1.0,1.0,1.0,1.0,1.0,2,0,46,0
Oc1ccc(O)c2c1[C]1c3c(cccc3P(c3ccccc3)c3ccccc3)C2c2cccc(P(c3ccccc3)c3ccccc3)c21,3,4,0.0,0.0,0.9888888888888889,1.0,0.9777777777777777,0.9791666666666666,3,1,44,0
CN(C)CCC[N+]=C(N(C)C)N(C)C,2,2,1.0,1.0,1.0,1.0,1.0,1.0,2,0,12,0
CC(C)(C)c1ccccc1,6,6,1.0,1.0,1.0,1.0,1.0,1.0,6,0,4,0
c1cc2ccc3ccc4ccc5ccc6ccc1c1c2c3c4c5c61,6,0,0.0,0.0,0.5,0.0,1.0,0.75,0,0,18,6
CC(C)n1nnc(-c2ccccc2)n1,1,1,1.0,1.0,1.0,1.0,1.0,1.0,1,0,13,0
c1ccc(N(c2ccc3ccccc3c2)c2ccccn2)nc1,2,2,1.0,1.0,1.0,1.0,1.0,1.0,2,0,21,0
Clc1ccccc1P(c1ccccc1)c1ccccc1Cl,1,1,1.0,1.0,1.0,1.0,1.0,1.0,1,0,20,0
CC(C)(C)C1=C[C]C=C1,1,1,1.0,1.0,1.0,1.0,1.0,1.0,1,0,8,0
COC(OC)c1[c]cc(C(OC)OC)cc1,1,3,0.0,0.0,0.9333333333333333,1.0,0.8666666666666667,0.875,1,2,13,0
CC(C)(C)CN=P(CP(c1ccccc1)c1ccccc1)(c1ccccc1)c1ccccc1,2,2,1.0,1.0,1.0,1.0,1.0,1.0,2,0,31,0
CC(C)(C)C[NH+]=P(CP(c1ccccc1)c1ccccc1)(c1ccccc1)c1ccccc1,1,2,0.0,0.0,0.984375,1.0,0.96875,0.9696969696969697,1,1,31,0
CCCCN1[C]N(C)[CH]~[CH]1,1,1,1.0,1.0,1.0,1.0,1.0,1.0,1,0,9,0
c1ccc(P=C(c2ccccc2)c2ccccc2)cc1,1,2,0.0,0.0,0.9736842105263157,1.0,0.9473684210526315,0.95,1,1,18,0
COc1ccc(/N=C(\C)c2[c]c(F)cc(F)c2)cc1,2,2,1.0,1.0,1.0,1.0,1.0,1.0,2,0,17,0
COc1c[c]c(/C(=N/c2ccc(OC)cc2)c2ccc(OC)cc2)cc1,2,2,1.0,1.0,1.0,1.0,1.0,1.0,2,0,24,0
CC(=N\N=C(/[S-])N1CCCCC1)/C(=N/N=C(\[S-])N1CCCCC1)c1ccccc1,4,4,1.0,1.0,1.0,1.0,1.0,1.0,4,0,25,0
CO[C@@H](O)c1ccncc1,1,1,1.0,1.0,1.0,1.0,1.0,1.0,1,0,9,0
COC(O)(O)c1ccncc1,1,1,1.0,1.0,1.0,1.0,1.0,1.0,1,0,10,0
CN(c1cccc2ccc(CF)nc12)[C@@H]1CCCC[C@H]1N(C)c1cccc2ccc(CF)nc12,4,4,1.0,1.0,1.0,1.0,1.0,1.0,4,0,30,0
C=CCn1c(-c2cccc(-c3nc4ccccc4n3CC=C)n2)nc2ccccc21,3,3,1.0,1.0,1.0,1.0,1.0,1.0,3,0,27,0
O=C([O-])c1cc2ccccc2c(-c2c(O)c(C(=O)[O-])cc3ccccc23)c1O,1,4,0.0,0.0,0.9444444444444444,1.0,0.8888888888888888,0.8928571428571429,1,3,24,0
[c]1ccccc1CP(Cc1[c]cccc1)c1ccccc1,3,3,1.0,1.0,1.0,1.0,1.0,1.0,3,0,18,0
C/C(=N\N=C(/[O-])c1ccc(Br)cc1)c1[c]cccc1,3,3,1.0,1.0,1.0,1.0,1.0,1.0,3,0,16,0
FC1(F)C(P(c2ccccc2)c2ccccc2)=C(P(n2cccc2)n2cccc2)C(F)(F)C1(F)F,2,2,1.0,1.0,1.0,1.0,1.0,1.0,2,0,33,0
CSCCSCCP(CO)CO,3,3,1.0,1.0,1.0,1.0,1.0,1.0,3,0,9,0
CC(C)(C)/C([O-])=C/C(=N/c1ccccc1)C(F)(F)F,2,2,1.0,1.0,1.0,1.0,1.0,1.0,2,0,17,0
C[n+]1ccccc1P(c1ccccc1P(c1ccccc1)c1ccccc1)c1cccc[n+]1C,2,2,1.0,1.0,1.0,1.0,1.0,1.0,2,0,32,0
Cc1cc(C(C)(C)C)c(OP2Oc3c4cc(C(C)(C)C)cc3Cc3cc(C(C)(C)C)cc5c3OP(=O)(Oc3c(C(C)(C)C)cc(C)cc3C(C)(C)C)Oc3c(cc(C(C)(C)C)cc3C5)Cc3cc(C(C)(C)C)cc(c3O2)C4)c(C(C)(C)C)c1,2,2,1.0,1.0,1.0,1.0,1.0,1.0,2,0,81,0
CC(C)(C)c1cc2c3c(c1)Cc1cc(C(C)(C)C)cc4c1OP(Oc1ccc(C(C)(C)C)cc1C(C)(C)C)Oc1c(cc(C(C)(C)C)cc1C4)Cc1cc(C(C)(C)C)cc(c1OP(Oc1[c]cc(C(C)(C)C)cc1C(C)(C)C)O3)C2,3,3,1.0,1.0,1.0,1.0,1.0,1.0,3,0,77,0
Cc1cc(C(C)(C)C)c(OP2Oc3c4cc(C(C)(C)C)cc3Cc3cc(C(C)(C)C)cc(c3O2)Cc2cc(C(C)(C)C)cc3c2OP(Oc2[c]cc(C(C)(C)C)cc2C(C)(C)C)Oc2c(cc(C(C)(C)C)cc2C4)C3)c(C(C)(C)C)c1,3,3,1.0,1.0,1.0,1.0,1.0,1.0,3,0,78,0
COc1cc([O-])c(-c2cccc([C@H](c3cccc(-c4c(F)cc(OC)cc4F)n3)N(Cc3ccccn3)Cc3ccccn3)n2)c(F)c1,6,6,1.0,1.0,1.0,1.0,1.0,1.0,6,0,42,0
COc1cc(F)c(-c2cccc(C(c3cccc(-c4c(F)cc(OC)cc4F)n3)N(Cc3ccccn3)Cc3ccccn3)n2)c(F)c1,5,5,1.0,1.0,1.0,1.0,1.0,1.0,5,0,43,0
Fc1cccc(F)c1-c1cccc(C(c2cccc(-c3c(F)cccc3F)n2)N(Cc2ccccn2)Cc2ccccn2)n1,5,5,1.0,1.0,1.0,1.0,1.0,1.0,5,0,39,0
C[NH+](C)Cc1ccccc1[O-],1,1,1.0,1.0,1.0,1.0,1.0,1.0,1,0,10,0
Oc1ccc(-n2cncn2)cc1,1,1,1.0,1.0,1.0,1.0,1.0,1.0,1,0,11,0
Cn1ccc(-c2ccc3ccccc3c2[O-])n1,2,2,1.0,1.0,1.0,1.0,1.0,1.0,2,0,15,0
[S-]c1ccc(-c2ccccc2)nn1,2,2,1.0,1.0,1.0,1.0,1.0,1.0,2,0,11,0
O=[P+](C1CCCCC1)C1CCCCC1,1,1,1.0,1.0,1.0,1.0,1.0,1.0,1,0,13,0
[O-]c1c(Cl)cc(Cl)cc1/C=N/NC(=S)NCCc1ccccc1,3,3,1.0,1.0,1.0,1.0,1.0,1.0,3,0,20,0
COc1ccc(-c2nnc(-c3ccccn3)n2-c2ccc(Br)cc2)cc1,2,2,1.0,1.0,1.0,1.0,1.0,1.0,2,0,24,0
CCCCOc1ccc2ccccc2c1-c1c([O-])c(/C=N/c2ccccc2)cc2ccccc12,2,2,1.0,1.0,1.0,1.0,1.0,1.0,2,0,32,0
CCCCOc1ccc2ccccc2c1-c1c([O-])c(/C=N/c2c(C(C)C)cccc2C(C)C)cc2ccccc12,2,2,1.0,1.0,1.0,1.0,1.0,1.0,2,0,38,0
c1ccc(-c2cccc(-c3ccccc3)c2-c2ccc(CN(Cc3ccc(-c4c(-c5ccccc5)cccc4-c4ccccc4)cn3)Cc3ccc(-c4c(-c5ccccc5)cccc4-c4ccccc4)cn3)nc2)cc1,4,4,1.0,1.0,1.0,1.0,1.0,1.0,4,0,72,0
C[Si](C)(C)C(P1Oc2c(Cl)c(Cl)c(Cl)c(Cl)c2O[C@H](c2ccccc2)O1)[Si](C)(C)C,1,1,1.0,1.0,1.0,1.0,1.0,1.0,1,0,29,0
CC(=O)N/N=C(\C)c1ccccc1[O-],3,3,1.0,1.0,1.0,1.0,1.0,1.0,3,0,11,0
CC(C)(C)c1ccc(-c2cccc(-c3ccc(C(C)(C)C)cc3)c2-c2ccc(CN(Cc3ccc(-c4c(-c5ccc(C(C)(C)C)cc5)cccc4-c4ccc(C(C)(C)C)cc4)cn3)Cc3ccc(-c4c(-c5ccc(C(C)(C)C)cc5)cccc4-c4ccc(C(C)(C)C)cc4)cn3)nc2)cc1,4,10,0.0,0.0,0.96875,1.0,0.9375,0.94,4,6,90,0
CC(C)([O-])C/N=c1\ccccn1CC(C)(C)[O-],3,3,1.0,1.0,1.0,1.0,1.0,1.0,3,0,14,0
CCNCC(=O)[O-],2,3,0.0,0.0,0.9,1.0,0.8,0.8571428571428571,2,1,4,0
Cc1n[nH]c(=S)n(/N=C/c2cccs2)c1=O,1,2,0.0,0.0,0.9666666666666667,1.0,0.9333333333333333,0.9375,1,1,14,0
CC1(C)O[C@H](C/N=C/c2cc(C(C)(C)C)cc(C(C)(C)C)c2[O-])[C@@H](C/N=C/c2cc(C(C)(C)C)cc(C(C)(C)C)c2[O-])O1,4,4,1.0,1.0,1.0,1.0,1.0,1.0,4,0,39,0
Nn1c(=O)cn[nH]c1=S,2,2,1.0,1.0,1.0,1.0,1.0,1.0,2,0,7,0
NC(=S)N/N=C/c1ccccc1OCCOc1ccccc1/C=N/NC(N)=S,6,6,1.0,1.0,1.0,1.0,1.0,1.0,6,0,22,0
[CH]C1=C(/[C]=C/C(=[CH])N(c2ccccc2)c2ccccc2)CC(C(=O)OC)(C(=O)OC)C1,3,3,1.0,1.0,1.0,1.0,1.0,1.0,3,0,28,0
CO[C@]1(C)C[C@@]2(C)C=C[C@@H]1C=C2c1ccccc1,4,4,1.0,1.0,1.0,1.0,1.0,1.0,4,0,14,0
CCS(=O)(=O)c1ccc[c]c1/N=N/c1ccc(C)cc1,2,2,1.0,1.0,1.0,1.0,1.0,1.0,2,0,18,0
CC(C)(C)c1ccc(/C([O-])=N/N=C/c2cc(I)cc(I)c2[O-])cc1,3,3,1.0,1.0,1.0,1.0,1.0,1.0,3,0,21,0
Brc1ccccc1C1=NCCC1,1,1,1.0,1.0,1.0,1.0,1.0,1.0,1,0,11,0
O=C([O-])C1(C(=O)[O-])CC(O)C1,2,4,0.0,0.0,0.8888888888888888,1.0,0.7777777777777778,0.8181818181818182,2,2,7,0
COCc1ccc([O-])c(/C=N/c2c(C(C)C)cccc2C(C)C)c1,2,2,1.0,1.0,1.0,1.0,1.0,1.0,2,0,22,0
c1ccc([C]2CC2)cc1,1,1,1.0,1.0,1.0,1.0,1.0,1.0,1,0,8,0
CS[C@@H](CCOP(c1ccccc1)c1ccccc1)c1ccccc1N(C)C,2,6,0.0,0.0,0.9230769230769231,1.0,0.8461538461538461,0.8571428571428571,2,4,22,0
COc1ccc(/C=N/NC(=O)c2ccccc2)c([O-])c1,3,3,1.0,1.0,1.0,1.0,1.0,1.0,3,0,17,0
C[NH2+]CCc1ccccn1,1,1,1.0,1.0,1.0,1.0,1.0,1.0,1,0,9,0
F[B@-]12O/N=c3/c(c4c5n3CCCN5CCCC4)=N/O[B@-](F)(O/N=C(c3ccccc3)/C(c3ccccc3)=N/O1)O/N=C(c1ccccc1)/C(c1ccccc1)=N/O2,6,6,1.0,1.0,1.0,1.0,1.0,1.0,6,0,51,0
CC(C)c1cccc(C(C)C)c1-n1[c]c[n+](-c2c(C(C)C)cccc2C(C)C)c1[B-](F)(F)F,1,1,1.0,1.0,1.0,1.0,1.0,1.0,1,0,32,0
CC(C)c1cccc(C(C)C)c1/N=C/c1ccc(C[NH+](C)Cc2ccc(/C=N/c3c(C(C)C)cccc3C(C)C)[n-]2)[n-]1,4,4,1.0,1.0,1.0,1.0,1.0,1.0,4,0,38,0
CC(C)c1cccc(C(C)C)c1/N=C/c1ccc(CN(C)Cc2ccc(/C=N/c3c(C(C)C)cccc3C(C)C)[n-]2)[n-]1,4,5,0.0,0.0,0.986842105263158,1.0,0.9736842105263158,0.9761904761904762,4,1,37,0
CC(C)c1cccc(C(C)C)c1N/C=C1/C=CC(CN(C)CC2=N/C(=C\Nc3c(C(C)C)cccc3C(C)C)C=C2)=N1,3,3,1.0,1.0,1.0,1.0,1.0,1.0,3,0,39,0
N/C([O-])=N/N=C\C=C\c1ccc([N+](=O)[O-])o1,2,2,1.0,1.0,1.0,1.0,1.0,1.0,2,0,14,0
CC(C)(C)c1cc(C(C)(C)C)c([P-]OC(=O)c2ccccc2)c(C(C)(C)C)c1,1,2,0.0,0.0,0.9814814814814814,1.0,0.9629629629629629,0.9642857142857143,1,1,26,0
C[Si](C)(C)N=P(C)(C)C,1,1,1.0,1.0,1.0,1.0,1.0,1.0,1,0,8,0
COc1ccccc1OCC(=O)[O-],1,3,0.0,0.0,0.9166666666666667,1.0,0.8333333333333334,0.8461538461538461,1,2,10,0
c1ccc(Cn2cnc3c(-c4ncnc5c4[nH+]cn5Cc4ccccc4)ncnc32)cc1,2,3,0.0,0.0,0.9833333333333334,1.0,0.9666666666666667,0.96875,2,1,29,0
CCc1c(C)c2cc3[c]c(cc4[n-]c(cc5nc(cc1[n-]2)C(c1ccccc1)=C5c1ccccc1)c(CC)c4C)C=CC=C3,4,4,1.0,1.0,1.0,1.0,1.0,1.0,4,0,40,0
CSc1cccc(-c2cccc3cc4cccc(-c5ccc(N[C]=O)nc5)c4cc23)c1,2,3,0.0,0.0,0.9827586206896552,1.0,0.9655172413793104,0.967741935483871,2,1,28,0
C[C@@H](C#N)CP(C(C)(C)C)C(C)(C)C,1,1,1.0,1.0,1.0,1.0,1.0,1.0,1,0,13,0
Brc1ccccc1-p1oc2ccc3ccccc3c2c2c(ccc3ccccc32)o1,1,1,1.0,1.0,1.0,1.0,1.0,1.0,1,0,29,0
CC(C)[NH+](CC/N=C/c1ccccn1)C(C)C,2,2,1.0,1.0,1.0,1.0,1.0,1.0,2,0,15,0
CC(C)(C)[Si](C)(C)c1cc2ccccc2c(-c2cccc(-c3c([O-])c([Si](C)(C)C(C)(C)C)cc4ccccc34)n2)c1[O-],3,3,1.0,1.0,1.0,1.0,1.0,1.0,3,0,39,0
CC/C(N)=N/O,1,1,1.0,1.0,1.0,1.0,1.0,1.0,1,0,5,0
CN(C)C(=N)O/N=C(\N)c1ccccc1Cl,2,2,1.0,1.0,1.0,1.0,1.0,1.0,2,0,14,0
c1cncc(-c2ccc(-c3ccc(-c4cccnc4)cn3)nc2)c1,2,4,0.0,0.0,0.9545454545454546,1.0,0.9090909090909091,0.9166666666666666,2,2,20,0
COc1nc(OC)nc(-n2nc(C)cc2C)n1,2,3,0.0,0.0,0.9666666666666667,1.0,0.9333333333333333,0.9411764705882353,2,1,14,0
O=[C]c1c(F)c(F)c(F)c(F)c1F,1,1,1.0,1.0,1.0,1.0,1.0,1.0,1,0,12,0
FC(F)(F)C[S-],1,1,1.0,1.0,1.0,1.0,1.0,1.0,1,0,5,0
[NH3+]c1ccccc1[O-],1,1,1.0,1.0,1.0,1.0,1.0,1.0,1,0,7,0
Cn1cnc(-c2cccc(-c3ccccn3)n2)n1,3,3,1.0,1.0,1.0,1.0,1.0,1.0,3,0,15,0
FC(F)(F)c1cc(CN(Cc2ccccn2)Cc2cc(C(F)(F)F)cc(-c3ccccn3)n2)nc(-c2ccccn2)c1,6,6,1.0,1.0,1.0,1.0,1.0,1.0,6,0,36,0
FC(F)(F)c1ccnc(CN(Cc2cccc(-c3ccccn3)n2)Cc2cccc(-c3ccccn3)n2)c1,6,6,1.0,1.0,1.0,1.0,1.0,1.0,6,0,32,0
CCc1cccc(C)c1/N=C(\C)c1cccc(/C(C)=N/c2c(C)cccc2CC)n1,3,3,1.0,1.0,1.0,1.0,1.0,1.0,3,0,27,0
Cn1nc(-c2cc(C(F)(F)F)cc([C@](C)(c3[c]cccc3)c3ccccn3)n2)cc1C(F)(F)F,4,4,1.0,1.0,1.0,1.0,1.0,1.0,4,0,30,0
Cn1nc(-c2cc(C(F)(F)F)cc([C@@](C)(c3ccccc3)c3ccccn3)n2)cc1C(F)(F)F,3,3,1.0,1.0,1.0,1.0,1.0,1.0,3,0,31,0
O=C(N/N=C\c1c2ccccc2cc2ccccc12)c1ccccc1,2,2,1.0,1.0,1.0,1.0,1.0,1.0,2,0,23,0
O=C1/C(=N/N=C(\[S-])N2CCC(Cc3ccccc3)CC2)c2cccc3cccc1c23,3,3,1.0,1.0,1.0,1.0,1.0,1.0,3,0,27,0
C(=N/c1nc2ccccc2[nH]1)\c1ccc2ccccc2n1,2,2,1.0,1.0,1.0,1.0,1.0,1.0,2,0,19,0
CC(=N\c1ccc(C)cc1)/C(C)=N/c1ccc(C)cc1,2,2,1.0,1.0,1.0,1.0,1.0,1.0,2,0,18,0
CN(C)c1nc(-c2ccccn2)[c]c[nH+]1,2,2,1.0,1.0,1.0,1.0,1.0,1.0,2,0,13,0
NCCCSCCN,3,3,1.0,1.0,1.0,1.0,1.0,1.0,3,0,5,0
[CH](~[CH]~[N-2]c1ncccn1)~[CH]~[N-2]c1ncccn1,4,6,0.0,0.0,0.9230769230769231,1.0,0.8461538461538461,0.8823529411764706,4,2,11,0
C[N-]N(C)[Si](C)(C)C,2,1,0.0,0.0,0.75,0.5,1.0,0.875,1,0,6,1
Cc1c[c]c(-c2cc(C(F)(F)F)ccn2)cc1,2,2,1.0,1.0,1.0,1.0,1.0,1.0,2,0,15,0
Fc1c(F)c(F)c(-c2[c]c(-c3ccccn3)cc(-c3c(F)c(F)c(F)c(F)c3F)c2)c(F)c1F,2,2,1.0,1.0,1.0,1.0,1.0,1.0,2,0,32,0
CSCC[C@H]1N=C(c2ccccc2)c2ccccc2N(C)C1=O,2,2,1.0,1.0,1.0,1.0,1.0,1.0,2,0,21,0
CN1C(=O)CN=C(c2[c]cccc2)c2ccccc21,2,2,1.0,1.0,1.0,1.0,1.0,1.0,2,0,17,0
CC(C)c1cc(C(C)C)c(-c2cccnc2[S-])c(C(C)C)c1,2,2,1.0,1.0,1.0,1.0,1.0,1.0,2,0,20,0
Cc1ncc(CO)c(/C=N/CCS(=O)(=O)O)c1[O-],2,2,1.0,1.0,1.0,1.0,1.0,1.0,2,0,16,0
C/[C]=C/C=C(/C)[S-],2,2,1.0,1.0,1.0,1.0,1.0,1.0,2,0,5,0
c1ccc2c(c1)-c1cc3[n-]c(nc4nc(nc5[n-]c(nc-2n1)c1ccccc51)-c1ccccc1-4)c1ccccc31,4,4,1.0,1.0,1.0,1.0,1.0,1.0,4,0,36,0
CC(=O)CC(O)(c1ccccn1)c1ccccn1,3,3,1.0,0.0,0.8,0.6666666666666666,0.9333333333333333,0.8888888888888888,2,1,14,1
C1=CC(C2SCCCS2)C=C1,4,6,0.0,0.0,0.8571428571428572,1.0,0.7142857142857143,0.8181818181818182,4,2,5,0
Cn1ccnc1CN(CCN(CCO)Cc1ccccc1[O-])Cc1ccccc1[O-],5,6,0.0,0.0,0.98,1.0,0.96,0.9666666666666667,5,1,24,0
N#CC1(C#N)[C@@H]2C=CC=CC=C2[C@H](c2ccccc2)C1(C#N)C#N,4,6,0.0,0.0,0.95,1.0,0.9,0.9166666666666666,4,2,18,0
[N-2][NH3+],1,1,1.0,1.0,1.0,1.0,1.0,1.0,1,0,1,0
N#C[C]1C[C@H]2[CH]~[CH]~[CH][C@@H]1C(C#N)(C#N)C2(C#N)C#N,4,4,1.0,1.0,1.0,1.0,1.0,1.0,4,0,15,0
COC1=CC=C[C@H](C)C1=O,4,6,0.0,0.0,0.8333333333333333,1.0,0.6666666666666666,0.8,4,2,4,0
CCC1(CC)C(=O)[N-]C(C)(C)C(=O)[N-]c2cc(Cl)c(Cl)cc2[N-]C(=O)C(C)(C)[N-]C1=O,4,4,1.0,1.0,1.0,1.0,1.0,1.0,4,0,27,0
PCCNCCP,2,3,0.0,0.0,0.9,1.0,0.8,0.8571428571428571,2,1,4,0
O=[N+]([O-])c1ccc(-c2c3nc(c(-c4cc(F)c(F)c(F)c4)c4ccc([n-]4)c(-c4ccc([N+](=O)[O-])cc4)c4ccc([n-]4)c4ccc2[n-]4)C=C3)cc1,4,4,1.0,1.0,1.0,1.0,1.0,1.0,4,0,46,0
C/C(CC(C)(C)NCCOCCN)=N\CCOCCN,6,6,1.0,1.0,1.0,1.0,1.0,1.0,6,0,14,0
NCCN1CCCN(CC(F)(F)F)CCN(CCN)CCCN(CC(F)(F)F)CC1,6,6,1.0,1.0,1.0,1.0,1.0,1.0,6,0,24,0
Nc1ccccc1OCc1cccc(COc2ccccc2N)n1,5,5,1.0,1.0,1.0,1.0,1.0,1.0,5,0,19,0
Cc1ccnc(N=[P+](c2ccccc2)c2ccccc2)c1,2,2,1.0,1.0,1.0,1.0,1.0,1.0,2,0,19,0
Clc1cccc(Cl)c1/C=N/Cc1[c]cccc1,1,2,0.0,0.0,0.96875,1.0,0.9375,0.9411764705882353,1,1,15,0
CC(C)(C)P(P=[P+](C(C)(C)C)C(C)(C)C)C(C)(C)C,2,3,0.0,0.0,0.9705882352941176,1.0,0.9411764705882353,0.9473684210526315,2,1,16,0
CN(C)c1cc[n+]([B-](Br)(Br)B(Br)N=[N-])cc1,1,1,1.0,1.0,1.0,1.0,1.0,1.0,1,0,15,0
CCOP(=O)(OCC)[C@@H]1C(=O)[C@]2(C)CC[C@H]1C2(C)C,2,0,0.0,0.0,0.5,0.0,1.0,0.8947368421052632,0,0,17,2
CC(C)(C)c1ccc(CC(Cc2ccc(C(C)(C)C)cc2)(C2=N[C@H]3c4ccccc4C[C@H]3O2)C2=N[C@H]3c4ccccc4C[C@H]3O2)cc1,2,2,1.0,1.0,1.0,1.0,1.0,1.0,2,0,45,0
CC(C)(C)[C@H]([O-])c1[c]cccc1,2,2,1.0,1.0,1.0,1.0,1.0,1.0,2,0,10,0
CC(C)(C)[C@H]1COC(c2ccccc2Nc2ccccc2-c2ccccc2Nc2ccccc2C2=N[C@@H](C(C)(C)C)CO2)=N1,4,4,1.0,1.0,1.0,1.0,1.0,1.0,4,0,40,0
CC(C)(C)c1cc(C(C)(C)C)c(-c2cccc(-c3c(C(C)(C)C)cc(C(C)(C)C)cc3C(C)(C)C)c2[O-])c(C(C)(C)C)c1,1,1,1.0,1.0,1.0,1.0,1.0,1.0,1,0,42,0
CC(C)(C)C[C]C1(O)CCCCC1,2,1,0.0,0.0,0.75,0.5,1.0,0.9230769230769231,1,0,11,1
CC(C)(C)C(=O)/C=C/C1(O)CCCCC1,3,2,0.0,0.0,0.8333333333333333,0.6666666666666666,1.0,0.9333333333333333,2,0,12,1
C/C(=N\NC(=S)NC(=O)c1ccccc1)c1ccccn1,3,3,1.0,1.0,1.0,1.0,1.0,1.0,3,0,18,0
[CH2]CC(C)(C)C[CH2],2,2,1.0,1.0,1.0,1.0,1.0,1.0,2,0,5,0
C/C1=N\C[C@@H](C)NCC/C(C)=N/C[C@H](C)NCC1,4,4,1.0,1.0,1.0,1.0,1.0,1.0,4,0,14,0
FC(F)(F)c1cccc(P(c2ccccc2)c2ccccc2)c1N1CCc2ccccc21,1,2,0.0,0.0,0.9838709677419355,1.0,0.967741935483871,0.96875,1,1,30,0
CC1=C(C)C(C)(P2O[C@H](c3ccccc3)O[C@@H]2c2ccccc2)C(C)=C1C,1,1,1.0,1.0,1.0,1.0,1.0,1.0,1,0,26,0
CCCCCCOc1ccc(C#Cc2ccc([O-])c(/C=N/c3nonc3/N=C/c3cc(C#Cc4ccc(OCCCCCC)cc4)ccc3[O-])c2)cc1,4,4,1.0,1.0,1.0,1.0,1.0,1.0,4,0,49,0
C[Si](C)(C)c1ccccc1[S-],1,1,1.0,1.0,1.0,1.0,1.0,1.0,1,0,10,0
CC[Si](CC)(CC)/C(=C\C(C)(C)O)c1c(C)cccc1C,6,8,0.0,0.0,0.9333333333333333,1.0,0.8666666666666667,0.9047619047619048,6,2,13,0
O=C([N-]CCc1c[nH]cn1)c1ccncn1,3,3,1.0,1.0,1.0,1.0,1.0,1.0,3,0,13,0
CN(C)C[P+]([O-])(c1ccccc1)c1ccccc1,2,2,1.0,1.0,1.0,1.0,1.0,1.0,2,0,16,0
C=CCN/C([S-])=N/N=C(C)/C(C)=N/N=C(\[S-])NCC,4,4,1.0,1.0,1.0,1.0,1.0,1.0,4,0,15,0
S=c1[nH]ccs1,1,1,1.0,1.0,1.0,1.0,1.0,1.0,1,0,5,0
CCCCCCOc1ccc(C(=O)Oc2ccc(/C=N/CC)c([O-])c2)cc1,2,2,1.0,1.0,1.0,1.0,1.0,1.0,2,0,25,0
FC(F)(F)CNCCN1CCCNCCN(CCNCC(F)(F)F)CCCNCC1,6,6,1.0,1.0,1.0,1.0,1.0,1.0,6,0,24,0
FC(F)(F)C[NH2+]CCN1CCCNCCN(CC[NH2+]CC(F)(F)F)CCCNCC1,4,4,1.0,1.0,1.0,1.0,1.0,1.0,4,0,26,0
C/C(=N\N=C(/[O-])c1ccccc1NC(=O)c1ccccc1)c1ccccn1,3,3,1.0,1.0,1.0,1.0,1.0,1.0,3,0,24,0
c1ccc(P2CCCNCCP(c3ccccc3)CCNCCC2)cc1,4,4,1.0,1.0,1.0,1.0,1.0,1.0,4,0,22,0
Cc1cc(C)c(/P=C(\NC2CCCCC2)P(/C(NC2CCCCC2)=P/c2c(C)cc(C)cc2C)c2c(C)cc(C)cc2C)c(C)c1,2,3,0.0,0.0,0.9886363636363636,1.0,0.9772727272727273,0.9782608695652174,2,1,43,0
O=C1C=CC([O-])(O[O-])C=C1,2,2,1.0,1.0,1.0,1.0,1.0,1.0,2,0,8,0
[O-]/C(=N\O)c1ccccn1,2,2,1.0,1.0,1.0,1.0,1.0,1.0,2,0,8,0
[CH2]~[C]1O[C]([O-])~[C](~[C]([O-])[C@@H](OC)[C@H]2[C@H](CO)[C@H](O)[C@H](C)C[C@@H]2[CH]~[C](CO)[C@H]2CC[C@H](C)[C@@H]([C](C)~[CH]C[C@@H]3O[C@](C)([C@H]4CC[C@@H]([C@H]([O-])CC)O4)C[C@H]3C)O2)~[C]~1=O,6,9,0.0,0.0,0.78125,0.6666666666666666,0.8958333333333334,0.8703703703703703,4,5,43,2
CC(C)(C)NCc1ccccn1,2,2,1.0,1.0,1.0,1.0,1.0,1.0,2,0,10,0
COC(=O)[C@]1(c2ccccc2)C[N-](C(C)(C)C)~[C]~[N-]1C,1,1,1.0,1.0,1.0,1.0,1.0,1.0,1,0,19,0
CC(C)(C)S,1,1,1.0,1.0,1.0,1.0,1.0,1.0,1,0,4,0
O=C([O-])CC[N-]C(=O)C(=O)[N-]CCC(=O)[O-],4,6,0.0,0.0,0.9166666666666667,1.0,0.8333333333333334,0.875,4,2,10,0
CSc1cc(-c2ccc(Cl)cn2)nc(-c2ccc(Cl)cn2)c1,3,3,1.0,1.0,1.0,1.0,1.0,1.0,3,0,19,0
CSc1cc(-c2ccccn2)nc(-c2ccccn2)c1,3,3,1.0,1.0,1.0,1.0,1.0,1.0,3,0,17,0
N#CC(=N/[N-]c1ccccc1C(=O)[O-])/C(N)=N/CCN,4,5,0.0,0.0,0.96875,1.0,0.9375,0.95,4,1,15,0
N#C/C(=N/[N-]c1ccccc1C(=O)[O-])C1=NCCN1,3,4,0.0,0.0,0.96875,1.0,0.9375,0.9473684210526315,3,1,15,0
CC(C)(C)[Si](C)(C)[N-2],1,1,1.0,1.0,1.0,1.0,1.0,1.0,1,0,7,0
c1cncc(CN[C@H]2CCCC[C@@H]2NCc2cccnc2)c1,2,4,0.0,0.0,0.95,1.0,0.9,0.9090909090909091,2,2,18,0
C/[C]=C(\C)[C@H](CCCC)[N-]c1ccccc1,2,2,1.0,1.0,1.0,1.0,1.0,1.0,2,0,14,0
C[C@]12C[C@@]3(C)O[C@](C)(C[C@@](C)(O1)P3O)O2,1,1,1.0,1.0,1.0,1.0,1.0,1.0,1,0,14,0
COc1ccccc1/C=N/[C@H](CO)C(C)C,6,2,0.0,0.0,0.4,0.0,0.8,0.5,0,2,8,6
[O-]c1ccccc1/C=N/c1ccccc1/N=N/c1[c]cccc1,4,4,1.0,1.0,1.0,1.0,1.0,1.0,4,0,19,0
C[C](~[O-2])~[C](CCCCC[C@@H]1C[C@@H]2C=C[C@H]1C2)~[C](C)~[O-2],2,4,0.0,0.0,0.9411764705882353,1.0,0.8823529411764706,0.8947368421052632,2,2,15,0
[O-]c1c(O)c2cccnc2c2ncccc12,2,3,0.0,0.0,0.9642857142857143,1.0,0.9285714285714286,0.9375,2,1,13,0
O=C(C[S-])[N-]CC[S-],3,3,1.0,1.0,1.0,1.0,1.0,1.0,3,0,5,0
CCSCC[N-]c1c(NCCSCC)c(=O)c1=O,3,4,0.0,0.0,0.9666666666666667,1.0,0.9333333333333333,0.9444444444444444,3,1,14,0
Cc1cc(-c2nc(-c3c4ccccc4cc4ccccc34)n(C)c2-c2cc(C)sc2C)c(C)s1,1,1,1.0,1.0,1.0,1.0,1.0,1.0,1,0,33,0
O=C(O)c1ccccc1S(=O)(=O)[O-],2,1,0.0,0.0,0.75,0.5,1.0,0.9230769230769231,1,0,11,1
O=C([O-])c1ccccc1S(=O)(=O)O,1,2,0.0,0.0,0.9583333333333333,1.0,0.9166666666666666,0.9230769230769231,1,1,11,0
C=CC/C(=C\[B@-]12O/N=C3\CCCC\C3=N/O[B@-](/C=C(\CC=C)c3ccccc3)(O/N=C3\CCCC\C3=N/O1)O/N=C1\CCCC\C1=N/O2)c1ccccc1,6,6,1.0,1.0,1.0,1.0,1.0,1.0,6,0,48,0
CN(C)C1=N\O[B@-]2(F)O/N=C(c3ccccc3)/C(c3ccccc3)=N/O[B@-](F)(O/N=C/1N)O/N=C(c1ccccc1)/C(c1ccccc1)=N/O2,6,6,1.0,1.0,1.0,1.0,1.0,1.0,6,0,44,0
CC(C)=N/N=C(\N)c1ccccn1,2,2,1.0,1.0,1.0,1.0,1.0,1.0,2,0,11,0
O=C([O-])[C@@H](CO)c1ccccc1,2,3,0.0,0.0,0.95,1.0,0.9,0.9166666666666666,2,1,9,0
c1ccc(CN(Cc2ccccn2)Cc2nnc(-c3ccc4ccccc4c3)o2)nc1,4,4,1.0,1.0,1.0,1.0,1.0,1.0,4,0,27,0
Nc1ccccc1-c1noc(-c2ccccc2N)n1,3,3,1.0,1.0,1.0,1.0,1.0,1.0,3,0,16,0
COC(=O)[CH]C[C@@H]([N+]=C(Nc1ccc(C)cc1)Nc1ccc(C)cc1)c1ccccn1,3,3,1.0,1.0,1.0,1.0,1.0,1.0,3,0,28,0
C[Si-](C)S[Si-](C)C,2,2,1.0,1.0,1.0,1.0,1.0,1.0,2,0,5,0
C/C=C/C=C/[C@@H]1CC(=O)C=CO1,4,5,0.0,0.0,0.9375,1.0,0.875,0.9166666666666666,4,1,7,0
CSCCN(CCSC)Cc1cccc(NC(=O)C(C)(C)C)n1,5,5,1.0,1.0,1.0,1.0,1.0,1.0,5,0,18,0
CCOC(=O)/C=C\n1nncc1C(=O)OCc1ccccc1,1,1,1.0,1.0,1.0,1.0,1.0,1.0,1,0,21,0
[O-]c1ccccc1CN(Cc1ccccc1[O-])Cc1ccccc1[O-],4,4,1.0,1.0,1.0,1.0,1.0,1.0,4,0,21,0
O=S1(=O)[CH]~[CH]~[CH]C1,3,3,1.0,1.0,1.0,1.0,1.0,1.0,3,0,4,0
CN(C)c1ccc(C(=O)SCCOC(=O)c2ccc(-c3ccc(-c4ccccn4)nc3)cc2)cc1,2,2,1.0,1.0,1.0,1.0,1.0,1.0,2,0,33,0
COC(=O)[CH]Cc1ccccc1,1,2,0.0,0.0,0.9545454545454546,1.0,0.9090909090909091,0.9166666666666666,1,1,10,0
CC(/C=C(\[O-])C(F)(F)C(F)(F)C(F)(F)C(F)F)=N\CC/N=C(C)/C=C(\[O-])C(F)(F)C(F)(F)C(F)(F)C(F)F,4,4,1.0,1.0,1.0,1.0,1.0,1.0,4,0,34,0
C1=Cc2nc1c(-c1ccccc1)c1ccc([n-]1)c(-c1ccccc1)c1nc(c(-c3ccccc3)c3ccc([n-]3)c2-c2ccccc2)C([P+](c2ccccc2)(c2ccccc2)c2ccccc2)=C1,4,4,1.0,1.0,1.0,1.0,1.0,1.0,4,0,63,0
O=[P@]1([O-])N[P@@](=O)([O-])N[P@@](=O)([O-])N1,3,5,0.0,0.0,0.8888888888888888,1.0,0.7777777777777778,0.8333333333333334,3,2,7,0
CCOP(=S)(N=P([CH]P(=S)(c1ccccc1)c1ccccc1)(c1ccccc1)c1ccccc1)OCC,3,3,1.0,1.0,1.0,1.0,1.0,1.0,3,0,34,0
C/C(=N\c1ccc(B2OC(C)(C)C(C)(C)O2)cc1)c1cccc(/C(C)=N/c2c(C)cc(Br)cc2C)n1,3,3,1.0,1.0,1.0,1.0,1.0,1.0,3,0,33,0
c1ccc(C2=NNC(c3ccccn3)=NN2)nc1,2,4,0.0,0.0,0.9375,1.0,0.875,0.8888888888888888,2,2,14,0
COC(=N)/C(C#N)=N\[N-]c1ccccc1S(=O)(=O)[O-],3,3,1.0,1.0,1.0,1.0,1.0,1.0,3,0,16,0
CCc1nnc(N)s1,1,1,1.0,1.0,1.0,1.0,1.0,1.0,1,0,7,0
N#Cc1c(F)c(F)[c]c(F)c1F,1,1,1.0,1.0,1.0,1.0,1.0,1.0,1,0,11,0
F[B-](F)(F)O[C@H]1[CH][C@@H]2CC[C@H]1C2,2,2,1.0,1.0,1.0,1.0,1.0,1.0,2,0,10,0
Cc1ccc(N2C(c3c(C)cc(C)cc3C)=NOC23C=CC=CC=C3)cc1,4,7,0.0,0.0,0.9347826086956521,1.0,0.8695652173913043,0.8888888888888888,4,3,20,0
Cc1cc(-c2ccccc2P(c2ccccc2)c2ccccc2)nn1[BH-](n1nc(-c2ccccc2P(c2ccccc2)c2ccccc2)cc1C)n1nc(-c2ccccc2P(c2ccccc2)c2ccccc2)cc1C,4,6,0.0,0.0,0.9861111111111112,1.0,0.9722222222222222,0.9736842105263158,4,2,70,0
O=C([O-])CN(Cc1ccccc1C(=O)[O-])C[C@H](O)CN(CC(=O)[O-])Cc1ccccc1C(=O)O,4,10,0.0,0.0,0.9,1.0,0.8,0.8235294117647058,4,6,24,0
CC(=O)/C=C/[S@](=O)C(C)(C)C,4,5,0.0,0.0,0.9285714285714286,1.0,0.8571428571428571,0.9090909090909091,4,1,6,0
c1ccc2c(c1)OCCOc1ccc(c3ccccc13)CNCCNCCNCc1ccc(c3ccccc13)OCCO2,3,5,0.0,0.0,0.975,1.0,0.95,0.9534883720930233,3,2,38,0
CCCCCCn1ccc(=O)c([O-])c1C,2,2,1.0,1.0,1.0,1.0,1.0,1.0,2,0,13,0
CN(C)c1ccc(C#C/[C]=C(C(=[C]/C#Cc2ccc(N(C)C)cc2)/c2ccc(N(C)C)cc2)\c2ccc(N(C)C)cc2)cc1,2,2,1.0,1.0,1.0,1.0,1.0,1.0,2,0,42,0
CC(C)c1cccc(C(C)C)c1/N=C/c1cccc(C(C)(C)C)n1,2,2,1.0,1.0,1.0,1.0,1.0,1.0,2,0,22,0
[CH]1[CH][C@H]2[C@H]3[CH][CH][C@H]4[C@@H]1[C@@H]2C[C@@H]34,4,4,1.0,1.0,1.0,1.0,1.0,1.0,4,0,7,0
CCOC(=O)[C@@H](/C(=[C]/S(=O)(=O)c1ccccc1)[Si](C)(C)C)[C@@H]1[CH]C(=O)OC1=O,3,2,0.0,0.0,0.8333333333333333,0.6666666666666666,1.0,0.9642857142857143,2,0,25,1
Cl[Si]1(Cl)C=CC=CC1,4,4,1.0,1.0,1.0,1.0,1.0,1.0,4,0,4,0
Cc1ccc2nc([N-]C(=O)CN(Cc3ccccn3)Cc3ccccc3[O-])sc2c1,4,4,1.0,1.0,1.0,1.0,1.0,1.0,4,0,26,0
Oc1ccc2ccccc2c1/C=N/N=C(c1ccccn1)c1ccccn1,2,3,0.0,0.0,0.98,1.0,0.96,0.9629629629629629,2,1,24,0
[O-]c1ccc2ccccc2c1/C=N/N=C(c1ccccn1)c1ccccn1,3,4,0.0,0.0,0.9791666666666667,1.0,0.9583333333333334,0.9629629629629629,3,1,23,0
CC(C)(C)/C(=C/P(C(C)(C)C)C(C)(C)C)[N-]/N=C(\CP(C(C)(C)C)C(C)(C)C)C(C)(C)C,3,3,1.0,1.0,1.0,1.0,1.0,1.0,3,0,29,0
CC(C)(C)/C(=C/P(C1CCCCC1)C1CCCCC1)[N-]/N=C(\CP(C1CCCCC1)C1CCCCC1)C(C)(C)C,3,3,1.0,1.0,1.0,1.0,1.0,1.0,3,0,37,0
CC(C)(C)[C](~[O-2])~[CH]~[C](~[N-2]c1ccccc1F)C(F)(F)F,2,2,1.0,1.0,1.0,1.0,1.0,1.0,2,0,18,0
COc1c(OC)c2ccc(/C(=C3/C=CC(/C(=C4/C=CC(=O)[N-]4)c4ccccc4)=N3)c3ccccc3)[c]c2c2[c]c(C(=O)c3ccccc3)ccc12,4,5,0.0,0.0,0.9893617021276595,1.0,0.9787234042553191,0.9803921568627451,4,1,46,0
[CH]=C1CC(C(=O)OC)(C(=O)OC)C=C1/[C]=C/C(=[CH])[P+](c1ccccc1)(c1ccccc1)c1ccccc1,3,3,1.0,1.0,1.0,1.0,1.0,1.0,3,0,34,0
[O-]c1ccc(Br)cc1/C=N/[C@]12C[C@H]3C[C@H](C[C@H](C3)C1)C2,2,2,1.0,1.0,1.0,1.0,1.0,1.0,2,0,18,0
CC(C)(C(=O)[N-]C(C)(C)/C(=N/[O-])c1ccccc1)C(=O)[N-]C(C)(C)/C(=N/O)c1ccccc1,4,4,1.0,1.0,1.0,1.0,1.0,1.0,4,0,29,0
Cn1ncc2c(N)ncnc21,1,3,0.0,0.0,0.9,1.0,0.8,0.8181818181818182,1,2,8,0
BrP(Br)Br,1,1,1.0,1.0,1.0,1.0,1.0,1.0,1,0,3,0
Cc1cc(C)c(/N=C2C(=N/c3c(C)cc(C)cc3C)/c3ccccc3-c3ccccc3/2)c(C)c1,2,2,1.0,1.0,1.0,1.0,1.0,1.0,2,0,32,0
Cc1cc(C)c(B(c2ccc(-c3ccc(C(=O)[O-])nc3)cc2)c2c(C)cc(C)cc2C)c(C)c1,2,3,0.0,0.0,0.984375,1.0,0.96875,0.9705882352941176,2,1,31,0
[CH2][C@H](CC)[C@H](OC(C)=O)c1ccccc1,1,1,1.0,1.0,1.0,1.0,1.0,1.0,1,0,14,0
CCCCCCc1ccc(-c2ccnc(-c3cc(C(F)(F)F)n[n-]3)c2)s1,2,2,1.0,1.0,1.0,1.0,1.0,1.0,2,0,24,0
CC(C)CCC[C@@H](C)[C@H]1CC[C@H]2[C@@H]3CC=C4C[C@@H](P(C)C)CC[C@]4(C)[C@H]3CC[C@]12C,1,1,1.0,1.0,1.0,1.0,1.0,1.0,1,0,29,0
Cn1nc(-c2cccc(-c3cc(-c4ccccc4)n(C)n3)n2)cc1-c1ccccc1,3,3,1.0,1.0,1.0,1.0,1.0,1.0,3,0,27,0
CCOC(=O)[C@@H](CCSC)/N=C/c1ccccc1[O-],3,3,1.0,1.0,1.0,1.0,1.0,1.0,3,0,16,0
CC(C)O[B-](c1cccc(-c2cccc([B-](OC(C)C)(c3cccs3)c3cccs3)n2)n1)(c1cccs1)c1cccs1,4,4,1.0,1.0,1.0,1.0,1.0,1.0,4,0,38,0
C=C[C@H]1CN2CC[C@H]1C[C@H]2[C@H]([O-])c1ccnc2ccc(OC)cc12,2,3,0.0,0.0,0.9772727272727273,1.0,0.9545454545454546,0.9583333333333334,2,1,21,0
C=C[C@H]1C[N@+]2(C)CC[C@H]1C[C@H]2[C@H](O)c1ccnc2ccc(OC)cc12,1,1,1.0,1.0,1.0,1.0,1.0,1.0,1,0,24,0
C=C[C@H]1C[N@@H+]2CC[C@H]1C[C@H]2[C@H](O)c1cc[nH+]c2ccc(OC)cc12,2,0,0.0,0.0,0.5,0.0,1.0,0.9166666666666666,0,0,22,2
CCn1ccnc1/N=N/c1c([N-]c2ccccc2)ccc2ccccc12,3,3,1.0,1.0,1.0,1.0,1.0,1.0,3,0,23,0
CO[C]1[C@@H]2Oc3c(OC)ccc4c3[C@@]23CCN(C)[C@H](C4)[C]3~[CH]~[CH]~1,4,5,0.0,0.0,0.9736842105263157,1.0,0.9473684210526315,0.9565217391304348,4,1,18,0
CC1=NN(c2ccccc2)[C](~[O-2])~[C]1P(=O)(c1ccccc1)c1ccccc1,2,2,1.0,1.0,1.0,1.0,1.0,1.0,2,0,25,0
CC(C)(C)c1cc(CSCc2cc(C(C)(C)C)cc(C(C)(C)C)c2[O-])c([O-])c(C(C)(C)C)c1,3,3,1.0,1.0,1.0,1.0,1.0,1.0,3,0,30,0
c1ccc(-c2ccc(CN3CCCNCCNCCCNCC3)cn2)nc1,4,6,0.0,0.0,0.9565217391304348,1.0,0.9130434782608695,0.9259259259259259,4,2,21,0
CNC(=S)N/N=C(\C)c1ccc(C)s1,1,2,0.0,0.0,0.9615384615384616,1.0,0.9230769230769231,0.9285714285714286,1,1,12,0
Cc1ccc(/C=N/Nc2ccccn2)c([O-])c1,3,3,1.0,1.0,1.0,1.0,1.0,1.0,3,0,14,0
C/N=C(C)/C(C)=N/C,2,2,1.0,1.0,1.0,1.0,1.0,1.0,2,0,6,0
CCC1=C(CC)/C2=C/C3=N/C(=C\C4=N/C(=C\C5=N/C(=C\C1=N2)[C@@H](CC)[C@@H]5CC)[C@H](CC)[C@H]4CC)C(CC)=C3CC,4,4,1.0,1.0,1.0,1.0,1.0,1.0,4,0,36,0
Cc1cccc(CCc2cccc(C)n2)n1,2,2,1.0,1.0,1.0,1.0,1.0,1.0,2,0,14,0
[O-]/C(=C\c1nc2ccccc2[nH]1)C(F)(F)F,2,2,1.0,1.0,1.0,1.0,1.0,1.0,2,0,14,0
[O-]/C(=C\c1nc2ccccc2s1)C(F)(F)F,2,2,1.0,1.0,1.0,1.0,1.0,1.0,2,0,14,0
Nc1ccccc1/N=C/C(=C\[N-]c1ccccc1N)[P+](c1ccccc1)(c1ccccc1)c1ccccc1,4,4,1.0,1.0,1.0,1.0,1.0,1.0,4,0,34,0
[NH-]c1ccccc1/N=C/C(=C\[N-]c1ccccc1[NH-])[P+](c1ccccc1)(c1ccccc1)c1ccccc1,4,4,1.0,1.0,1.0,1.0,1.0,1.0,4,0,34,0
C=C1CCCC/C1=C1\[C@@H]2C[C@@H]3C[C@H]1C[C@@](F)(C3)C2,4,4,1.0,1.0,1.0,1.0,1.0,1.0,4,0,14,0
CC1(C)[N-]C(=O)C(C)(C)C(=O)[N-]C(C)(C)C(=O)[N-]c2cc(Cl)c(Cl)cc2[N-]C1=O,4,4,1.0,1.0,1.0,1.0,1.0,1.0,4,0,25,0
S=C1SCCS1,1,2,0.0,0.0,0.9,1.0,0.8,0.8333333333333334,1,1,4,0
CC(C)P(c1ccccc1C1=CC=C(c2ccccc2P(C(C)C)C(C)C)C(=O)C1=O)C(C)C,6,6,1.0,1.0,1.0,1.0,1.0,1.0,6,0,28,0
CC(C)c1cccc(C(C)C)c1/N=C/c1ccc(C[N@@H+](C)Cc2ccc(C=O)[nH]2)[n-]1,2,2,1.0,1.0,1.0,1.0,1.0,1.0,2,0,28,0
C[C@H]1CCNCCN[C@@](C)(CN)CCNCCN1,5,5,1.0,1.0,1.0,1.0,1.0,1.0,5,0,13,0
C[C@](c1[c]cccc1)(c1ccccn1)c1cccc(-c2cc(C(F)(F)F)n[n-]2)n1,4,4,1.0,1.0,1.0,1.0,1.0,1.0,4,0,25,0
CCCCOc1c(OC)cc(/C([S-])=C(/[S-])c2cc(OC)c(OCCCC)c(OC)c2)cc1OC,2,2,1.0,1.0,1.0,1.0,1.0,1.0,2,0,32,0
CC(C)(C)[Si](C)(C)OC[C@@]1(C)[C@H]2CC[C@](C)(O)[C@@]23C[C@]1(OCOCc1ccccc1)[C@](C)([O-])[C@@]3([O-])CO,2,2,1.0,1.0,1.0,1.0,1.0,1.0,2,0,35,0
CC1(C)[C@@H]2C[C@H]1[C@@](C)([O-])[C@@H]([O-])C2=O,2,3,0.0,0.0,0.9545454545454546,1.0,0.9090909090909091,0.9230769230769231,2,1,10,0
Cc1ccc(/N=C/c2ccc[n-]2)cc1,2,2,1.0,1.0,1.0,1.0,1.0,1.0,2,0,12,0
COc1cc(C(C)(C)C)c([O-])c(P(=NCCNCCN=P(c2ccccc2)(c2ccccc2)c2cc(OC)cc(C(C)(C)C)c2[O-])(c2ccccc2)c2ccccc2)c1,5,5,1.0,1.0,1.0,1.0,1.0,1.0,5,0,54,0
CN1C(=O)[C@](Cc2ccccc2)(c2ccccc2)C2=C1CCC2,6,6,1.0,1.0,1.0,1.0,1.0,1.0,6,0,17,0
Nc1ccccc1N[C]c1ccccc1,2,2,1.0,1.0,1.0,1.0,1.0,1.0,2,0,13,0
CC(=N)c1ccc[n-]1,2,2,1.0,1.0,1.0,1.0,1.0,1.0,2,0,6,0
CC(C)(C)N([O-])c1c(F)c(F)c(C(F)(F)F)c(F)c1F,1,1,1.0,1.0,1.0,1.0,1.0,1.0,1,0,19,0
CN(C(=O)c1ccc(C(=O)N(C)c2ccncc2)s1)c1ccncc1,2,2,1.0,1.0,1.0,1.0,1.0,1.0,2,0,23,0
c1ccc(-c2cn(-c3ccncc3)nn2)nc1,2,3,0.0,0.0,0.9666666666666667,1.0,0.9333333333333333,0.9411764705882353,2,1,14,0
CCN(CC)c1ccc2c(-c3ccccc3/C([O-])=N/[N-]C(=O)COc3cccc4ccc(-c5nc6ccccc6s5)nc34)c3ccc(=[N+](CC)CC)cc-3oc2c1,5,5,1.0,1.0,1.0,1.0,1.0,1.0,5,0,52,0
[O-]/C(=C\C(=N\c1ccccc1)C(F)(F)F)c1ccccc1-c1ccccc1,2,2,1.0,1.0,1.0,1.0,1.0,1.0,2,0,25,0
[O-]/C(=C\C(=N\c1ccccc1)C(F)(F)F)c1ccccc1-c1cccc2ccccc12,2,5,0.0,0.0,0.9482758620689655,1.0,0.896551724137931,0.9032258064516129,2,3,26,0
C[CH]c1cccc(CC)n1,2,2,1.0,1.0,1.0,1.0,1.0,1.0,2,0,8,0
CC(=O)/C(O)=C/c1ccccc1,6,7,0.0,0.0,0.9166666666666667,1.0,0.8333333333333334,0.9166666666666666,6,1,5,0
C[C@]12CNCCNC[C@]([N+](=O)[O-])(CNCCSC1)CNCCSC2,6,6,1.0,1.0,1.0,1.0,1.0,1.0,6,0,18,0
COc1ccccc1[C@@H](C)OC,6,6,1.0,1.0,1.0,1.0,1.0,1.0,6,0,6,0
O=C(Nc1cc2cccnc2c2ncccc12)c1cccs1,2,2,1.0,1.0,1.0,1.0,1.0,1.0,2,0,20,0
CC(C)(C)c1ccc([CH]c2ccc(C(C)(C)C)cc2P(c2ccccc2)c2ccccc2)c(P(c2ccccc2)c2ccccc2)c1,3,3,1.0,1.0,1.0,1.0,1.0,1.0,3,0,44,0
N[C@@H]1CCCC[C@H]1NCc1ccc2ccccc2c1,2,2,1.0,1.0,1.0,1.0,1.0,1.0,2,0,17,0
c1ccc2cc(CN[C@@H]3CCCC[C@H]3NCc3ccc4ccccc4c3)ccc2c1,2,2,1.0,1.0,1.0,1.0,1.0,1.0,2,0,28,0
COC(=O)C(C)(C)[C@@H]1C=Cc2ccccc2C1,2,8,0.0,0.0,0.8,1.0,0.6,0.6470588235294118,2,6,9,0
OCCCNCc1ccccc1P(c1ccccc1)c1ccccc1,3,3,1.0,1.0,1.0,1.0,1.0,1.0,3,0,22,0
CP(C)[CH][Si](C)(C)C,2,2,1.0,1.0,1.0,1.0,1.0,1.0,2,0,6,0
C[P-](C)~[C](~[P-](C)C)[Si](C)(C)C,2,2,1.0,1.0,1.0,1.0,1.0,1.0,2,0,9,0
c1ccc(-c2cc(OCc3ccc4ccccc4c3)cc(-c3ccccn3)n2)nc1,3,3,1.0,1.0,1.0,1.0,1.0,1.0,3,0,27,0
COC(=O)CSCC[S-],2,2,1.0,1.0,1.0,1.0,1.0,1.0,2,0,7,0
C[Si](C)(C)[C]([O-])c1ccc2ccccc2c1,2,2,1.0,1.0,1.0,1.0,1.0,1.0,2,0,14,0
CC(=O)CC[C@@H]1[CH]~[CH]~[CH]~[CH]~[CH]C1,5,5,1.0,1.0,1.0,1.0,1.0,1.0,5,0,7,0
Cc1cc(Cl)ccc1OCC(=O)NN,2,2,1.0,1.0,1.0,1.0,1.0,1.0,2,0,12,0
Cc1ccc2c(n1)[C@H](N)CCC2,2,2,1.0,1.0,1.0,1.0,1.0,1.0,2,0,10,0
[C]c1ccc([N+](=O)[O-])c(C(F)(F)F)c1,1,1,1.0,1.0,1.0,1.0,1.0,1.0,1,0,13,0
CS[C](C)[P+](C)(C)C,2,2,1.0,1.0,1.0,1.0,1.0,1.0,2,0,6,0
C(#CP(c1ccccc1)c1ccccc1)C1=CCCCC1,2,1,0.0,0.0,0.47368421052631576,0.0,0.9473684210526315,0.8571428571428571,0,1,18,2
[c]1ccccc1-c1cccc(-n2cccn2)n1,3,3,1.0,1.0,1.0,1.0,1.0,1.0,3,0,14,0
CC(C)(C)C[C]([S-])C#N,2,2,1.0,1.0,1.0,1.0,1.0,1.0,2,0,7,0
O=C([O-])C[N-]S(=O)(=O)c1ccc(Cl)cc1,2,3,0.0,0.0,0.9615384615384616,1.0,0.9230769230769231,0.9333333333333333,2,1,12,0
N[C@@H]1CCCC[C@H]1NC1CCCC1,2,2,1.0,1.0,1.0,1.0,1.0,1.0,2,0,11,0
Cc1cccc(-c2ccc3c(F)ccc(P(c4ccccc4)c4ccccc4)c3n2)n1,3,3,1.0,1.0,1.0,1.0,1.0,1.0,3,0,28,0
Brc1ccc(-c2ccc(-c3ccccn3)nc2)cc1,2,2,1.0,1.0,1.0,1.0,1.0,1.0,2,0,17,0
NC[C@H]1CCCO1,1,2,0.0,0.0,0.9166666666666667,1.0,0.8333333333333334,0.8571428571428571,1,1,5,0
C[C@H](N)C(=O)O,1,2,0.0,0.0,0.9,1.0,0.8,0.8333333333333334,1,1,4,0
CCCCC(CCCC)(CCCC)c1ccc(NC(=O)Nc2ccccc2NC(=O)NCc2ccc(-c3cc(C(C)(C)C)ccn3)nc2)cc1,2,2,1.0,1.0,1.0,1.0,1.0,1.0,2,0,48,0
CCCN(CCC)/C([S-])=N/C(=O)c1cccc(C)c1,2,2,1.0,1.0,1.0,1.0,1.0,1.0,2,0,17,0
NCCNCC(CO)(CNCCN)CNCCN,6,6,1.0,1.0,1.0,1.0,1.0,1.0,6,0,12,0
c1ccc2c(-c3c(-c4ccc5ccccc5c4-c4nccc5ccccc45)ccc4ccccc34)nccc2c1,2,2,1.0,1.0,1.0,1.0,1.0,1.0,2,0,38,0
OCCc1ccc(/N=C2C(=N/c3ccc(CCO)cc3)/[C@H]3c4ccccc4[C@@H]/2c2ccccc23)cc1,2,2,1.0,1.0,1.0,1.0,1.0,1.0,2,0,34,0
CC1(C)C=[C][C@@H](Oc2ccc3ccc4cccnc4c3n2)CC1,3,3,1.0,1.0,1.0,1.0,1.0,1.0,3,0,20,0
COC(=O)c1cc2ccccc2c(-c2c(C3=NC(C)(C)CO3)c(C(=O)OC)cc3ccccc23)c1C1=NC(C)(C)CO1,2,2,1.0,1.0,1.0,1.0,1.0,1.0,2,0,40,0
O=C(Nc1cccc(CN(Cc2ccccn2)Cc2cccc(NC(=O)c3ccc(O)c(O)c3)n2)n1)c1ccc(O)c(O)c1,5,6,0.0,0.0,0.9871794871794872,1.0,0.9743589743589743,0.9772727272727273,5,1,38,0
CC(=N\Cc1[c]cccc1)/C(C)=N/Cc1ccccc1Cl,3,3,1.0,1.0,1.0,1.0,1.0,1.0,3,0,18,0
O[C@H](Nc1ncccn1)c1ccccn1,3,4,0.0,0.0,0.9583333333333333,1.0,0.9166666666666666,0.9333333333333333,3,1,11,0
COc1ccc([N-2]~[N-3]~[C](~[N-3]~[N-2]c2ccc(OC)cc2)c2ccc(OC)cc2)cc1,2,2,1.0,1.0,1.0,1.0,1.0,1.0,2,0,27,0
CC(C)(O)[C@@H]1CCC(/C(C#N)=C2/CC[C@@H](C(C)(C)O)[N-]2)=N1,2,4,0.0,0.0,0.9473684210526316,1.0,0.8947368421052632,0.9047619047619048,2,2,17,0
COc1ccccc1NC(=O)[C@H](C)N(C)CCN(C)[C@@H](C)C(=O)Nc1ccccc1OC,4,4,1.0,1.0,1.0,1.0,1.0,1.0,4,0,28,0
COc1ccc(OC)c([N-]C(=O)[C@H](C)N(C)CCN(C)[C@@H](C)C(=O)[N-]c2cc(OC)ccc2OC)c1,6,6,1.0,1.0,1.0,1.0,1.0,1.0,6,0,30,0
COc1ccccc1[N-]C(=O)[C@H](C)N(C)CCN(C)[C@@H](C)C(=O)[N-]c1ccccc1OC,6,6,1.0,1.0,1.0,1.0,1.0,1.0,6,0,26,0
COC(=O)c1cc(F)c(F)c(F)c1[O-],2,2,1.0,1.0,1.0,1.0,1.0,1.0,2,0,12,0
CCOC(=O)c1cc(F)c(F)c(F)c1[O-],2,2,1.0,1.0,1.0,1.0,1.0,1.0,2,0,13,0
O=C([O-])c1cc(F)c(F)c(F)c1[O-],2,3,0.0,0.0,0.9545454545454546,1.0,0.9090909090909091,0.9230769230769231,2,1,10,0
O=C(Cn1cncn1)c1ccccc1,1,1,1.0,1.0,1.0,1.0,1.0,1.0,1,0,13,0
C=CCNC(=S)N/N=C/c1ccccc1O,1,3,0.0,0.0,0.9333333333333333,1.0,0.8666666666666667,0.875,1,2,13,0
c1ccc(-c2cccc(-c3nnn[n-]3)n2)nc1,3,3,1.0,1.0,1.0,1.0,1.0,1.0,3,0,14,0
[O-]/C(=C1/C=CC=N1)c1ccc[nH]1,2,2,1.0,1.0,1.0,1.0,1.0,1.0,2,0,10,0
O=C([O-])c1ccccc1/N=N/N([O-])c1ccccc1,3,4,0.0,0.0,0.96875,1.0,0.9375,0.9473684210526315,3,1,15,0
C[C](~[NH-2])~[C](Cl)~[C](C)~[O-2],2,2,1.0,1.0,1.0,1.0,1.0,1.0,2,0,6,0
c1ccc([C@@H](S[C@]23C[C@H]4C[C@H](C[C@H](C4)C2)C3)[C@@H](COC(c2ccccc2)(c2ccccc2)c2ccccc2)OP(c2ccccc2)c2ccccc2)cc1,2,2,1.0,1.0,1.0,1.0,1.0,1.0,2,0,52,0
CC(C)CCCO[C](~[S-2])~[S-2],2,2,1.0,1.0,1.0,1.0,1.0,1.0,2,0,8,0
[S-2]~[C](~[S-2])C=C(c1ccccc1)c1ccccc1,2,2,1.0,1.0,1.0,1.0,1.0,1.0,2,0,15,0
COC1=C(c2ccccc2)C(c2ccccc2)=C1c1ccccc1,4,4,1.0,1.0,1.0,1.0,1.0,1.0,4,0,20,0
N/C(=N\N=C\c1ccccn1)c1ccccn1,2,4,0.0,0.0,0.9333333333333333,1.0,0.8666666666666667,0.8823529411764706,2,2,13,0
Cc1ncc(CO)c(CNCCNCc2c(CO)cnc(C)c2[O-])c1[O-],4,4,1.0,1.0,1.0,1.0,1.0,1.0,4,0,22,0
Cc1ncc(CO)c(/C=N/CCC/N=C/c2c(CO)cnc(C)c2[O-])c1[O-],4,4,1.0,1.0,1.0,1.0,1.0,1.0,4,0,23,0
CC(C)c1cc(C(C)C)c(-c2cc([O-])cc(-c3c(C(C)C)cc(C(C)C)cc3C(C)C)c2)c(C(C)C)c1,1,1,1.0,1.0,1.0,1.0,1.0,1.0,1,0,36,0
C/C(=C/C(=N)c1ccccc1)P(C(C)C)C(C)C,2,2,1.0,1.0,1.0,1.0,1.0,1.0,2,0,16,0
C=CCNC(=S)N1CCOCC1,3,3,1.0,1.0,1.0,1.0,1.0,1.0,3,0,9,0
Cc1ccsc1/C=N\C[C@@H](C)N,2,2,1.0,1.0,1.0,1.0,1.0,1.0,2,0,10,0
c1ccc(N(c2ccccc2)c2ccc(P(c3ccc(N(c4ccccc4)c4ccccc4)cc3)c3ccc(N(c4ccccc4)c4ccccc4)cc3)cc2)cc1,1,1,1.0,1.0,1.0,1.0,1.0,1.0,1,0,57,0
CC(C)P(C/C=N/c1ccccc1/N=C/CP(C(C)C)C(C)C)C(C)C,4,4,1.0,1.0,1.0,1.0,1.0,1.0,4,0,22,0
Cc1ccc(CN2CNCCNCCCNCCNC2)cc1,4,4,1.0,1.0,1.0,1.0,1.0,1.0,4,0,18,0
[O-]/C(=N\N=C\c1cc(Cl)ccc1[O-])c1ccncc1,3,3,1.0,1.0,1.0,1.0,1.0,1.0,3,0,16,0
N#CCCN(C/C=C/n1ccnc1)CCC#N,1,2,0.0,0.0,0.96875,1.0,0.9375,0.9411764705882353,1,1,15,0
Cc1cccnc1-c1ccc2c(n1)Cc1ccccc1N2,2,2,1.0,1.0,1.0,1.0,1.0,1.0,2,0,19,0
[C]#CCOc1ccc(-c2cc(-c3ccccn3)nc(-c3ccccn3)c2)cc1Cc1ccccc1,1,4,0.0,0.0,0.9558823529411764,1.0,0.9117647058823529,0.9142857142857143,1,3,31,0
CC(C)(C)/N=C/C1=C(P(C(C)(C)C)C(C)(C)C)CCC1,2,2,1.0,1.0,1.0,1.0,1.0,1.0,2,0,18,0
COc1ccc(/N=C/c2cc(C)cc(/C=N/c3ccc(OC)cc3)c2[O-])cc1,2,3,0.0,0.0,0.9807692307692308,1.0,0.9615384615384616,0.9642857142857143,2,1,25,0
CCO/C(=C(\[C]SCC)c1ccccc1)c1ccccc1,1,1,1.0,1.0,1.0,1.0,1.0,1.0,1,0,20,0
c1ccc2c(c1)ccc1ccc3ccc4ccc5ccc6ccccc6c5c4c3c12,4,0,0.0,0.0,0.5,0.0,1.0,0.8666666666666667,0,0,26,4
c1ccc(-c2cc(-c3nc4ccccc4[nH]3)cc(-c3ccccn3)n2)nc1,3,3,1.0,1.0,1.0,1.0,1.0,1.0,3,0,24,0
c1ccc2[nH]c(CSc3nnc(SCc4nc5ccccc5[nH]4)s3)nc2c1,2,2,1.0,0.0,0.73,0.5,0.96,0.9259259259259259,1,1,24,1
[O-]/C(=N\N=C\c1ccccc1[O-])c1cnccn1,3,3,1.0,1.0,1.0,1.0,1.0,1.0,3,0,15,0
c1ccc(P(NCc2ccco2)c2ccccc2)cc1,1,1,1.0,1.0,1.0,1.0,1.0,1.0,1,0,19,0
COc1ccc(/C=N/Nc2ccccn2)c([O-])c1,3,3,1.0,1.0,1.0,1.0,1.0,1.0,3,0,15,0
O=[N+]([O-])c1[c]c(F)ccc1,2,3,0.0,0.0,0.9375,1.0,0.875,0.9,2,1,7,0
Cn1ccnc1CNCc1nccn1C,3,3,1.0,1.0,1.0,1.0,1.0,1.0,3,0,12,0
C=CCO[O-],1,3,0.0,0.0,0.75,1.0,0.5,0.6,1,2,2,0
Cc1sccc(=S)c1[O-],2,2,1.0,1.0,1.0,1.0,1.0,1.0,2,0,7,0
Cc1ccc(/N=N/[N-]B(C2CCCCC2)[C@H]([N-]c2c(-c3c(C(C)C)cccc3C(C)C)cccc2-c2c(C(C)C)cccc2C(C)C)C2CCCCC2)cc1,3,4,0.0,0.0,0.9903846153846154,1.0,0.9807692307692307,0.9818181818181818,3,1,51,0
CC(C)c1cccc(C(C)C)c1-c1cccc(-c2c(C(C)C)cccc2C(C)C)c1[N-][C@@H](B([N-]/N=N/[C@]12C[C@H]3C[C@H](C[C@H](C3)C1)C2)C1CCCCC1)C1CCCCC1,3,4,0.0,0.0,0.990909090909091,1.0,0.9818181818181818,0.9827586206896551,3,1,54,0
COc1cccc(C[n+]2c[c]n(CC(=O)[N-]c3ccccc3[O-])c2-c2ccccc2)c1,3,3,1.0,1.0,1.0,1.0,1.0,1.0,3,0,28,0
O=C(Cn1[c]c[n+](Cc2ccc(F)cc2)c1-c1ccccc1)[N-]c1ccccc1[O-],3,3,1.0,1.0,1.0,1.0,1.0,1.0,3,0,27,0
CCCCCCCCOc1c[c]c(-c2cccc(-c3ccccn3)n2)cc1,3,3,1.0,1.0,1.0,1.0,1.0,1.0,3,0,24,0
O=C1/C(=C2\Nc3ccccc3C2=O)[N-]c2ccccc21,2,1,0.0,0.0,0.75,0.5,1.0,0.95,1,0,18,1
COC(=O)CSC1=N\O[B@-]2(c3cccc(C(=O)O)c3)O/N=C(SCC(=O)OC)/C(SCC(=O)OC)=N/O[B@@-](c3cccc(C(=O)O)c3)(O/N=C(SCC(=O)OC)/C(SCC(=O)OC)=N/O2)O\N=C\1SCC(=O)OC,6,6,1.0,1.0,1.0,1.0,1.0,1.0,6,0,68,0
Cc1cc2c3c(c([O-])ccc3c1)C(=O)C=C2,2,2,1.0,1.0,1.0,1.0,1.0,1.0,2,0,14,0
CCCc1cc2c3c(c([O-])ccc3c1)C(=O)C=C2,2,2,1.0,1.0,1.0,1.0,1.0,1.0,2,0,16,0
Cc1[nH]cnc1/C=N/CCN(CC/N=C/c1nc[nH]c1C)CC/N=C/c1nc[nH]c1C,6,6,1.0,1.0,1.0,1.0,1.0,1.0,6,0,25,0
CC1(C)CSCCSCC(C)(C)CSCCSC1,4,4,1.0,1.0,1.0,1.0,1.0,1.0,4,0,14,0
O=[N+]([O-])c1ccc([O-])c([C@@H]([S-])N2CCCC2)c1,3,3,1.0,1.0,1.0,1.0,1.0,1.0,3,0,14,0
CCCn1cnc2c(Cl)ncnc21,1,2,0.0,0.0,0.9583333333333333,1.0,0.9166666666666666,0.9230769230769231,1,1,11,0
CC(C)O[Si-2]C([Si](C)(C)C)([Si](C)(C)C)[Si](C)(C)C,1,1,1.0,1.0,1.0,1.0,1.0,1.0,1,0,17,0
COC(=O)C(Cc1cccc(-c2cccc(CC(C(=O)OC)C(=O)OC)n2)n1)C(=O)OC,2,2,1.0,1.0,1.0,1.0,1.0,1.0,2,0,30,0
CS[C](~[S-2])~[CH]~[C](~[S-2])SC,2,2,1.0,1.0,1.0,1.0,1.0,1.0,2,0,7,0
COc1ccc(/C=N/CC/N=C/c2ccc(OC)c(OC)c2OC)c(OC)c1OC,2,2,1.0,1.0,1.0,1.0,1.0,1.0,2,0,28,0
c1ccc([C@@H]2Nc3ccccc3-c3nc(-c4ccccn4)[nH+]n32)cc1,2,2,1.0,1.0,1.0,1.0,1.0,1.0,2,0,23,0
CC1=C(C)c2cc3[n-]c(c(C)c3C)c3[n-]c(cc4[n-]c(cc1n2)c(C)c4C)c(C)c3C,4,4,1.0,1.0,1.0,1.0,1.0,1.0,4,0,27,0
Cc1cc2c(Cl)ccnc2[n-]1,1,2,0.0,0.0,0.95,1.0,0.9,0.9090909090909091,1,1,9,0
CCO[C](~[S-2])~[NH-]C,1,1,1.0,1.0,1.0,1.0,1.0,1.0,1,0,6,0
c1ccc(OP(c2ccccc2)c2ccccc2)cc1,1,1,1.0,1.0,1.0,1.0,1.0,1.0,1,0,19,0
CC(C)Oc1cccc(OC(C)C)c1-c1ccccc1P(c1ccccc1)c1ccccc1S(=O)(=O)[O-],2,2,1.0,1.0,1.0,1.0,1.0,1.0,2,0,35,0
C/C(=C/C(=O)c1ccccc1)NC[C@H](C)N,1,7,0.0,0.0,0.8,1.0,0.6,0.625,1,6,9,0
CC(=N\c1c(C)cc(C(c2ccc(F)cc2)c2ccc(F)cc2)cc1C)/C(C)=N/c1c(C)cc(C(c2ccc(F)cc2)c2ccc(F)cc2)cc1C,2,2,1.0,1.0,1.0,1.0,1.0,1.0,2,0,50,0
CN(C)c1cc(/C=N/[C@H](c2ccccc2)[C@H](/N=C/c2cc(N(C)C)cc(C(C)(C)C)c2[O-])c2ccccc2)c([O-])c(C(C)(C)C)c1,4,4,1.0,1.0,1.0,1.0,1.0,1.0,4,0,42,0
CC(C)(C)c1cc([N+](C)(C)C)cc(/C=N/[C@H](c2ccccc2)[C@H](/N=C/c2cc([N+](C)(C)C)cc(C(C)(C)C)c2[O-])c2ccccc2)c1[O-],4,4,1.0,1.0,1.0,1.0,1.0,1.0,4,0,44,0
CCCCN(CCCC)/C([S-])=N/C(=O)c1ccc(Br)cc1,2,2,1.0,1.0,1.0,1.0,1.0,1.0,2,0,19,0
CSc1ccc(-c2ccc(/C=N/CCN(CC/N=C/c3ccc(-c4ccc(SC)cc4)cc3[O-])CC/N=C/c3ccc(-c4ccc(SC)cc4)cc3[O-])c([O-])c2)cc1,6,7,0.0,0.0,0.9903846153846154,1.0,0.9807692307692307,0.9827586206896551,6,1,51,0
[O-][B-](c1ccccc1)(c1ccccc1)c1ccccc1,1,1,1.0,1.0,1.0,1.0,1.0,1.0,1,0,19,0
Nc1ccccc1C(=O)N/N=C/c1ccccn1,3,3,1.0,1.0,1.0,1.0,1.0,1.0,3,0,15,0
c1ccc([C@@H]([N-]c2cccc3cccnc23)[C@H]([N-]c2cccc3cccnc23)c2ccccc2)cc1,4,4,1.0,1.0,1.0,1.0,1.0,1.0,4,0,32,0
CC(=O)c1cc(C)cc(C(C)(C)C)c1[O-],2,2,1.0,1.0,1.0,1.0,1.0,1.0,2,0,13,0
C=CC[C@@H](C#N)c1ccccc1,1,6,0.0,0.0,0.7727272727272727,1.0,0.5454545454545454,0.5833333333333334,1,5,6,0
C/C(=N\C[C@@H](C)/N=C(\C)c1ccccn1)c1ccccn1,4,4,1.0,1.0,1.0,1.0,1.0,1.0,4,0,17,0
[C]=C=C1C=Cc2ccccc2N1CC,1,1,1.0,1.0,1.0,1.0,1.0,1.0,1,0,13,0
[CH]1~[CH]C[CH][C@H](c2ccccc2)[CH]~1,4,4,1.0,1.0,1.0,1.0,1.0,1.0,4,0,8,0
C/C1=N\[C@H]2CCCC[C@@H]2NCCN[C@H]2CCCC[C@@H]2/N=C(\C)c2cccc1n2,5,5,1.0,1.0,1.0,1.0,1.0,1.0,5,0,23,0
CSC1=C(SCc2cccnc2)SC(=C2SC3=C(SCCS3)S2)S1,1,1,1.0,1.0,1.0,1.0,1.0,1.0,1,0,23,0
CO[C]Nc1ccccc1,1,1,1.0,1.0,1.0,1.0,1.0,1.0,1,0,9,0
Fc1c(F)c(F)c2c(c1F)-c1nc-2c(-c2ccccc2)c2[n-]c(c(-c3ccccc3)c3nc(c(-c4ccccc4)c4[n-]c(c1-c1ccccc1)c1c(F)c(F)c(F)c(F)c41)-c1c(F)c(F)c(F)c(F)c1-3)c1c(F)c(F)c(F)c(F)c21,4,4,1.0,1.0,1.0,1.0,1.0,1.0,4,0,76,0
Fc1c(F)c(F)c2c3[n-]c(c(-c4ccccc4)c4nc(c(-c5ccccc5)c5[n-]c(c(-c6ccccc6)c6nc(c3-c3ccccc3)C=C6)c3c(F)c(F)c(F)c(F)c53)C=C4)c2c1F,4,4,1.0,1.0,1.0,1.0,1.0,1.0,4,0,60,0
[O-][C](~[N-3]~[N-3]~[CH]~[CH]~[CH]~[C]1~[CH]~[CH]~[CH]~[CH]~[CH]~1)~[C]1O[CH]~[CH]~[CH]~1,2,2,1.0,1.0,1.0,1.0,1.0,1.0,2,0,16,0
CCCC/C([O-])=C/C(=O)c1ccccc1,2,2,1.0,1.0,1.0,1.0,1.0,1.0,2,0,13,0
CCOC(=O)[C@H](C)[S-],2,1,0.0,0.0,0.75,0.5,1.0,0.875,1,0,6,1
c1ccc(P(Nc2cccc3nsnc23)c2ccccc2)cc1,1,2,0.0,0.0,0.9772727272727273,1.0,0.9545454545454546,0.9565217391304348,1,1,21,0
CC(C)(C)c1ccc(C(C)(C)C)c(/N=C(/[CH]/C(=N/c2cc(C(C)(C)C)ccc2C(C)(C)C)[Si](C)(C)C)[Si](C)(C)C)c1,1,3,0.0,0.0,0.975,1.0,0.95,0.9512195121951219,1,2,38,0
Cc1cc(C(F)(F)F)nn1-c1ccc2ccc3cccnc3c2n1,3,3,1.0,1.0,1.0,1.0,1.0,1.0,3,0,21,0
[CH2]C(C)(C)O,1,2,0.0,0.0,0.875,1.0,0.75,0.8,1,1,3,0
[CH2]C(C)(C)[O-],2,2,1.0,1.0,1.0,1.0,1.0,1.0,2,0,3,0
[S-]/C(=[C]/c1ccccc1)c1ccccc1,2,2,1.0,1.0,1.0,1.0,1.0,1.0,2,0,13,0
[CH]=C(/C(Br)=[C]/C=C\[C]=C(C(=C/C=C\c1ccccc1)\c1ccccc1)/c1ccccc1)[P+](c1ccccc1)(c1ccccc1)c1ccccc1,5,5,1.0,1.0,1.0,1.0,1.0,1.0,5,0,45,0
[CH]=C(/C(Br)=[C]/C=C\[C]=C(C(=C/C=C\c1ccccc1)\c1ccccc1)/c1ccc(N(c2ccccc2)c2ccccc2)cc1)[P+](c1ccccc1)(c1ccccc1)c1ccccc1,5,5,1.0,1.0,1.0,1.0,1.0,1.0,5,0,58,0
Cn1nc(-c2cccc(-c3[c]cccc3)n2)cc1C(F)(F)F,3,3,1.0,1.0,1.0,1.0,1.0,1.0,3,0,19,0
CC[Si-](CC)Cc1cccc(C)c1[N-2]~[C](C)~[CH]~[C](C)~[N-2]c1c(C)cccc1C,3,3,1.0,1.0,1.0,1.0,1.0,1.0,3,0,25,0
CC1=CC(=[N-])[C@H]2O[C@@]2(C)C1=O,1,1,1.0,1.0,1.0,1.0,1.0,1.0,1,0,10,0
C[C@H]1OCc2c3c(c(P(c4ccccc4)c4ccccc4)c(P(c4ccccc4)c4ccccc4)c21)[C@@H](C)OC3,2,2,1.0,1.0,1.0,1.0,1.0,1.0,2,0,38,0
COC(=O)[CH]/C(C(=O)OC)=C(\[O-])c1ccc(OC)cc1,2,2,1.0,1.0,1.0,1.0,1.0,1.0,2,0,18,0
Cc1cc(-c2nc(-c3ccccn3)n(C)c2-c2cc(C)sc2C)c(C)s1,2,2,1.0,1.0,1.0,1.0,1.0,1.0,2,0,24,0
C/N=C/c1[c]c(/C=N/C)cc(/C=C/c2ccccc2)c1,3,5,0.0,0.0,0.9411764705882353,1.0,0.8823529411764706,0.9,3,2,15,0
CC(C)c1cccc(C(C)C)c1N1[C]C2(CCCCC2)C[C@@H]1C(C)C,1,1,1.0,1.0,1.0,1.0,1.0,1.0,1,0,24,0
O=P(CN1CCCNCCNCCCNCC1)(c1ccccc1)c1ccccc1,5,5,1.0,1.0,1.0,1.0,1.0,1.0,5,0,24,0
O=P(CN1CCCNCCN(CP(=O)(c2ccccc2)c2ccccc2)CCCNCC1)(c1ccccc1)c1ccccc1,5,6,0.0,0.0,0.9871794871794872,1.0,0.9743589743589743,0.9772727272727273,5,1,38,0
[S-]c1ccccc1SCCCSc1ccccc1[S-],4,4,1.0,1.0,1.0,1.0,1.0,1.0,4,0,15,0
[CH]1~[CH]~[CH]~[C](~[N-2]C2CCCCC2)[C](~[N-2]C2CCCCC2)~[CH]~[CH]~1,2,2,1.0,1.0,1.0,1.0,1.0,1.0,2,0,19,0
O=S(=O)(/N=C/c1ccccc1)c1ccccc1,2,2,1.0,1.0,1.0,1.0,1.0,1.0,2,0,15,0
C=[C]c1cc(C(F)(F)F)cc(C(F)(F)F)c1,1,1,1.0,1.0,1.0,1.0,1.0,1.0,1,0,15,0
OCc1ccccc1/N=C/c1ccccc1P(c1ccccc1)c1ccccc1,3,3,1.0,1.0,1.0,1.0,1.0,1.0,3,0,26,0
Cc1cc(C)c([O-])c(C2(C)CCCCC2)c1,1,1,1.0,1.0,1.0,1.0,1.0,1.0,1,0,15,0
COc1cccc(OC)c1-c1ccccc1P(c1ccccc1)c1cccc(-c2cc(C)cc(C)c2)c1[O-],2,2,1.0,1.0,1.0,1.0,1.0,1.0,2,0,36,0
Cc1ccc([S@@](=O)([O-])=NN=C(c2ccccn2)c2ccccn2)cc1,3,4,0.0,0.0,0.9772727272727273,1.0,0.9545454545454546,0.96,3,1,21,0
CC(C)=N[C@@H](C)C(=O)[O-],2,3,0.0,0.0,0.9285714285714286,1.0,0.8571428571428571,0.8888888888888888,2,1,6,0
O=C([O-])C/N=C/c1c([O-])ccc2ccccc12,3,4,0.0,0.0,0.9642857142857143,1.0,0.9285714285714286,0.9411764705882353,3,1,13,0
[O-]Cc1ccccc1[S-],2,2,1.0,1.0,1.0,1.0,1.0,1.0,2,0,7,0
C(#Cc1c(C#Cc2ccccc2)c2[n-]c1c(-c1ccccc1)c1nc(c(-c3ccccc3)c3ccc([n-]3)c(-c3ccccc3)c3nc(c2-c2ccccc2)C=C3)C=C1)c1ccccc1,4,4,1.0,1.0,1.0,1.0,1.0,1.0,4,0,60,0
C=Cn1ccnc1-c1nc2ccccc2[nH]1,2,2,1.0,1.0,1.0,1.0,1.0,1.0,2,0,14,0
C#Cc1cccc([N-2]~[C](C)~[CH]~[C](~[O-2])C(F)(F)F)c1,2,2,1.0,1.0,1.0,1.0,1.0,1.0,2,0,16,0
Cc1cc(C)c(/N=C/c2ccccc2-c2[c]c(-c3ccccc3/C=N/c3c(C)cc(C)cc3C)ccc2)c(C)c1,3,3,1.0,1.0,1.0,1.0,1.0,1.0,3,0,37,0
[O-]c1ccccc1/C=N/CCSCC/N=C/c1ccccc1[O-],4,5,0.0,0.0,0.9736842105263157,1.0,0.9473684210526315,0.9565217391304348,4,1,18,0
C(=N/CCN(CC/N=C/c1cccs1)CC/N=C/c1cccs1)\c1cccs1,4,4,1.0,1.0,1.0,1.0,1.0,1.0,4,0,24,0
[O-]c1c(/C=N/CC/N=C/c2cccc(OCCN3CCCCC3)c2[O-])cccc1OCCN1CCCCC1,4,4,1.0,1.0,1.0,1.0,1.0,1.0,4,0,34,0
Cc1ccc(/C=N\N=C(/[S-])Nc2ccccc2)s1,2,3,0.0,0.0,0.96875,1.0,0.9375,0.9444444444444444,2,1,15,0
[O-]c1c2cc(Cl)cc1/C=N/CC/N=C/c1cc(Cl)cc(c1[O-])/C=N/CCC[NH+](CCc1cccs1)CCC/N=C/2,4,6,0.0,0.0,0.9722222222222222,1.0,0.9444444444444444,0.95,4,2,34,0
COc1ccc(/N=C/c2cc(Cl)cc(/C=N/c3ccc(OC)cc3)c2[O-])cc1,2,3,0.0,0.0,0.9807692307692308,1.0,0.9615384615384616,0.9642857142857143,2,1,25,0
CN1O[C@H](c2ccccc2)C[C@@H]1c1ccccc1,6,7,0.0,0.0,0.20833333333333334,0.0,0.4166666666666667,0.2777777777777778,0,7,5,6
CC(C)(C)c1ccc([C](~[O-2])~[CH]~[C](~[O-2])C(F)(F)F)cc1,2,2,1.0,1.0,1.0,1.0,1.0,1.0,2,0,17,0
COC(=O)[C@@](C)(N)Cc1[c]cccc1,2,2,1.0,1.0,1.0,1.0,1.0,1.0,2,0,12,0
N#Cc1ccc(-n2cc(-c3ccccn3)nn2)cc1,2,2,1.0,1.0,1.0,1.0,1.0,1.0,2,0,17,0
FC(F)(F)c1ccc(-n2cc(-c3ccccn3)nn2)cc1,2,2,1.0,1.0,1.0,1.0,1.0,1.0,2,0,19,0
Oc1cccc(Cc2cccc(O)n2)n1,2,2,1.0,1.0,1.0,1.0,1.0,1.0,2,0,13,0
C[Si@@]([O-])(c1ccccc1P(C1CCCCC1)C1CCCCC1)c1ccccc1P(=O)(C1CCCCC1)C1CCCCC1,3,3,1.0,1.0,1.0,1.0,1.0,1.0,3,0,39,0
[C]#Cc1ccccc1Br,1,1,1.0,1.0,1.0,1.0,1.0,1.0,1,0,8,0
c1ccc(P(c2ccccc2)c2ccccc2Pc2ccccc2P(c2ccccc2)c2ccccc2)cc1,3,3,1.0,1.0,1.0,1.0,1.0,1.0,3,0,36,0
CC(C)(C)c1cc(/C=N/NC(=O)c2ccccc2)c([O-])c(C(C)(C)C)c1,3,3,1.0,1.0,1.0,1.0,1.0,1.0,3,0,23,0
[CH]=C1CCc2ccccc2C1=O,1,2,0.0,0.0,0.9545454545454546,1.0,0.9090909090909091,0.9166666666666666,1,1,10,0
CCN(CC)/[P+](Cl)=[O+]/[B-](Cl)(Cl)Cl,1,1,1.0,1.0,1.0,1.0,1.0,1.0,1,0,11,0
Cc1ccc(S(=O)(=O)N=C=Cc2ccccc2)cc1,2,3,0.0,0.0,0.9705882352941176,1.0,0.9411764705882353,0.9473684210526315,2,1,16,0
CC(C)(O)C(c1ccccn1)c1ccccn1,3,3,1.0,1.0,1.0,1.0,1.0,1.0,3,0,14,0
Cc1cc(C)c(CNC(C)(C)C)c(C)c1,1,1,1.0,1.0,1.0,1.0,1.0,1.0,1,0,14,0
CC(C)C1=[N+]([O-])C(C)(C)C(C)(C)N1[O-],1,1,1.0,1.0,1.0,1.0,1.0,1.0,1,0,13,0
O=C(/[C]=C\O)Nc1ccccc1,1,2,0.0,0.0,0.9545454545454546,1.0,0.9090909090909091,0.9166666666666666,1,1,10,0
CC(=N\O)/C(C)=N/N[C](~[O-2])~[C]1C=CC=C[C]~1~[O-2],3,4,0.0,0.0,0.9642857142857143,1.0,0.9285714285714286,0.9411764705882353,3,1,13,0
CO[C]C=C(C)C,1,1,1.0,1.0,1.0,1.0,1.0,1.0,1,0,6,0
[CH2]/C(C)=C\[C]OC,2,2,1.0,1.0,1.0,1.0,1.0,1.0,2,0,5,0
NCc1cccc(F)c1,1,1,1.0,1.0,1.0,1.0,1.0,1.0,1,0,8,0
Oc1cc(-c2ccccc2)cc(-c2ccccc2)p1,1,1,1.0,1.0,1.0,1.0,1.0,1.0,1,0,18,0
C[NH+](C)Cc1ccc(-c2ccc(C[NH+](C)C)cn2)nc1,2,2,1.0,1.0,1.0,1.0,1.0,1.0,2,0,18,0
CSc1nnnn1C,1,2,0.0,0.0,0.9285714285714286,1.0,0.8571428571428571,0.875,1,1,6,0
FC(F)(F)/C=[C]/CCc1ccccc1,1,1,1.0,1.0,1.0,1.0,1.0,1.0,1,0,13,0
Cc1nn(C(C)C)c([S-])c1/C=N/c1ccccc1,2,2,1.0,1.0,1.0,1.0,1.0,1.0,2,0,16,0
Cc1ccc(S(=O)(=O)[N-]/N=C(\c2ccccn2)S(=O)(=O)c2ccc(C)cc2)cc1,2,4,0.0,0.0,0.962962962962963,1.0,0.9259259259259259,0.9310344827586207,2,2,25,0
Clc1ccc([C]c2ccc(Cl)cc2)cc1,1,1,1.0,1.0,1.0,1.0,1.0,1.0,1,0,14,0
c1cnc2c(SCCCSc3cccc4cccnc34)cccc2c1,4,4,1.0,1.0,1.0,1.0,1.0,1.0,4,0,21,0
CC(C)(C)P(C[Si](C)(CP(c1ccccc1)C(C)(C)C)CP(c1ccccc1)C(C)(C)C)c1ccccc1,3,3,1.0,1.0,1.0,1.0,1.0,1.0,3,0,35,0
O=C1[N-]c2ccc(cc2)Cc2ccc(cc2)OCCCCCCOc2ccc(cc2)Cc2ccc(cc2)[N-]C(=O)c2cccc1n2,3,3,1.0,1.0,1.0,1.0,1.0,1.0,3,0,43,0
[CH2]c1ccccc1C(=O)[O-],4,3,0.0,0.0,0.6666666666666667,0.5,0.8333333333333334,0.7,2,1,5,2
[C]O[Si](c1ccccc1)(c1ccccc1)c1ccccc1,1,1,1.0,1.0,1.0,1.0,1.0,1.0,1,0,20,0
CC(C)(C)[C@]12P(N(C3CCCCC3)C3CCCCC3)P3P1[C@]3(C(C)(C)C)P2N(C1CCCCC1)C1CCCCC1,1,3,0.0,0.0,0.46153846153846156,0.0,0.9230769230769231,0.9,0,3,36,1
Oc1ccccc1-c1cc(-c2ccccc2)nc(-c2ccccn2)c1,2,2,1.0,1.0,1.0,1.0,1.0,1.0,2,0,23,0
Cc1[c][c]c(C)cc1,2,2,1.0,1.0,1.0,1.0,1.0,1.0,2,0,6,0
Cl/C(=C/N=C(c1ccccc1)c1ccccc1)Sc1ccccc1,2,2,1.0,1.0,1.0,1.0,1.0,1.0,2,0,22,0
O=[P@]([O-])(O)CN1CCCNCCNCCCN(C[P@](=O)([O-])O)CC1,6,6,1.0,1.0,1.0,1.0,1.0,1.0,6,0,18,0
O=[P@]([O-])(O)CN1CCCNCCNCCCN(C[P+]([O-])(O)O)CC1,6,6,1.0,1.0,1.0,1.0,1.0,1.0,6,0,18,0
O=C(/C=C\[N-]Cc1ccccc1)C(F)(F)F,2,2,1.0,1.0,1.0,1.0,1.0,1.0,2,0,14,0
COc1cccc(/C=N/Cc2ccc(C)cc2)c1[O-],2,2,1.0,1.0,1.0,1.0,1.0,1.0,2,0,17,0
Cc1ccc(/N=N/c2ccccc2[O-])cc1,2,3,0.0,0.0,0.9642857142857143,1.0,0.9285714285714286,0.9375,2,1,13,0
OCCCCc1cn(-c2ccc3ccccc3n2)nn1,2,2,1.0,1.0,1.0,1.0,1.0,1.0,2,0,18,0
CC1(C)CC(N)CC(C)(C)N1,1,2,0.0,0.0,0.95,1.0,0.9,0.9090909090909091,1,1,9,0
[N-]=C(CC(=[N-])[C@]12C[C@H]3C[C@H](C[C@H](C3)C1)C2)[C@]12C[C@H]3C[C@H](C[C@H](C3)C1)C2,2,2,1.0,1.0,1.0,1.0,1.0,1.0,2,0,23,0
CCOC(=O)c1ccc2cc1CCc1cccc(c1)CC2,6,13,0.0,0.0,0.7666666666666666,1.0,0.5333333333333333,0.6666666666666666,6,7,8,0
CCS[Si-](OS(=O)(=O)C(F)(F)F)SCC,1,1,1.0,1.0,1.0,1.0,1.0,1.0,1,0,14,0
c1nc([C@H]2CCNCCCNCCCN2)c[nH]1,4,4,1.0,1.0,1.0,1.0,1.0,1.0,4,0,13,0
C1=C(c2ccccc2)P(c2ccccc2)C1=C(c1ccccc1)c1ccccc1,1,1,1.0,1.0,1.0,1.0,1.0,1.0,1,0,28,0
c1cc2cc(c1)CSCCSCCSC2,2,3,0.0,0.0,0.9615384615384616,1.0,0.9230769230769231,0.9333333333333333,2,1,12,0
N#Cc1cc2nc(-c3ccccn3)c(-c3ccccn3)nc2cc1C#N,2,4,0.0,0.0,0.9583333333333333,1.0,0.9166666666666666,0.9230769230769231,2,2,22,0
C[C](C)~[CH]~[CH]C(C)(C)C(C)(C)[O-],4,4,1.0,1.0,1.0,1.0,1.0,1.0,4,0,8,0
CC(C)([S-])CNC1=C(NCC(C)(C)[S-])CC=CC1,4,4,1.0,1.0,1.0,1.0,1.0,1.0,4,0,14,0
CC(C)(C)c1cccc(/C=N/[C@H](c2ccccc2)[C@@H](/N=C/c2cccc(C(C)(C)C)c2[O-])c2ccccc2)c1[O-],4,4,1.0,1.0,1.0,1.0,1.0,1.0,4,0,36,0
CC(=N\N=C(/[S-])NCCN1CCOCC1)/C(C)=N/N=C(\[S-])NCCN1CCOCC1,4,6,0.0,0.0,0.9615384615384616,1.0,0.9230769230769231,0.9333333333333333,4,2,24,0
[S-]c1ccccc1/N=C/c1[c]cccc1,3,3,1.0,1.0,1.0,1.0,1.0,1.0,3,0,12,0
COP1CC(C)=C(C)C=C1c1ccccn1,2,2,1.0,1.0,1.0,1.0,1.0,1.0,2,0,14,0
CCN(CC)c1ccc2cc(-c3nc4ccccc4s3)c(=O)oc2c1,1,2,0.0,0.0,0.9791666666666667,1.0,0.9583333333333334,0.96,1,1,23,0
[C]1Nc2ccccc2S1,1,1,1.0,1.0,1.0,1.0,1.0,1.0,1,0,8,0
Cc1ccc(-c2cc(C)c(/N=C3C(=N/c4c(C)cc(-c5ccc(C)cc5)cc4C)/c4cccc5cccc/3c45)c(C)c2)cc1,2,6,0.0,0.0,0.9523809523809523,1.0,0.9047619047619048,0.9090909090909091,2,4,38,0
Clc1ccc[c]c1/C=N/Cc1ccccc1,2,2,1.0,1.0,1.0,1.0,1.0,1.0,2,0,14,0
CC(C)(C)c1cc(CN(CCN(Cc2ccccc2F)Cc2cc(C(C)(C)C)cc(C(C)(C)C)c2[O-])Cc2ccccc2F)c([O-])c(C(C)(C)C)c1,4,4,1.0,1.0,1.0,1.0,1.0,1.0,4,0,48,0
CC(C)(C)c1cc(CN(CCN(Cc2ccccc2)Cc2cc(C(C)(C)C)cc(C(C)(C)C)c2[O-])Cc2ccccc2)c([O-])c(C(C)(C)C)c1,4,4,1.0,1.0,1.0,1.0,1.0,1.0,4,0,46,0
[NH-]C(=O)N(C([NH-])=O)c1ccccc1,2,2,1.0,1.0,1.0,1.0,1.0,1.0,2,0,11,0
c1ccc(-c2oc3ccccc3c2P(c2ccccc2)c2ccccc2)cc1,1,2,0.0,0.0,0.9814814814814814,1.0,0.9629629629629629,0.9642857142857143,1,1,26,0
O=[C]/C(=C(\[P-]c1ccccc1)c1ccccc1)c1ccccc1,2,2,1.0,1.0,1.0,1.0,1.0,1.0,2,0,21,0
Nc1nccnn1,1,2,0.0,0.0,0.9166666666666667,1.0,0.8333333333333334,0.8571428571428571,1,1,5,0
CCCN(CCC)/C([S-])=N/C(=O)c1ccc(F)cc1,2,2,1.0,1.0,1.0,1.0,1.0,1.0,2,0,17,0
CC(C)(C)NCc1cccc(CNC(C)(C)C)n1,3,3,1.0,1.0,1.0,1.0,1.0,1.0,3,0,15,0
[C]#Cc1cccc(N)c1,1,1,1.0,1.0,1.0,1.0,1.0,1.0,1,0,8,0
CCc1ccccc1/N=C1C(=N/c2ccccc2CC)/c2cccc3cccc/1c23,2,2,1.0,1.0,1.0,1.0,1.0,1.0,2,0,28,0
CC1=C(C)C(C)(P2O[C@@H]2c2ccccc2C)C(C)=C1C,1,1,1.0,1.0,1.0,1.0,1.0,1.0,1,0,19,0
Cc1cc(C)cc(-c2cccc3ccc(-c4cc(C(F)(F)F)cc(C(F)(F)F)c4)c(/N=C/c4cccc(-c5c6ccccc6cc6ccccc56)c4[O-])c23)c1,2,2,1.0,1.0,1.0,1.0,1.0,1.0,2,0,53,0
Cc1cc(/C=N/c2c(C(C)C)cccc2C(C)C)c([O-])c(/C=N/c2c(C(C)C)cccc2C(C)C)c1,2,3,0.0,0.0,0.9852941176470589,1.0,0.9705882352941176,0.9722222222222222,2,1,33,0
CSCCNCc1ccccn1,3,3,1.0,1.0,1.0,1.0,1.0,1.0,3,0,9,0
CCN(CCn1nc(-c2ccccc2)cc1-c1ccccc1)CCn1nc(-c2ccccc2)cc1-c1ccccc1,3,3,1.0,1.0,1.0,1.0,1.0,1.0,3,0,38,0
CCN/C([S-])=N/N=C(\C)C(C)(C)NCCCNC(C)(C)/C(C)=N/N=C(\[S-])NCC,6,6,1.0,1.0,1.0,1.0,1.0,1.0,6,0,23,0
CC12CSCCNCC(CNCCSC1)CNCCSC2,6,6,1.0,1.0,1.0,1.0,1.0,1.0,6,0,15,0
O=[P@@]([O-])(O)CN1CCCN2CCN(CCCN(C[P@](=O)([O-])O)CC2)CC1,6,7,0.0,0.0,0.8666666666666667,0.8333333333333334,0.9,0.8846153846153846,5,2,18,1
C/C(=[C]/C(P(c1ccccc1)c1ccccc1)P(c1ccccc1)c1ccccc1)C(C)(C)C,3,3,1.0,1.0,1.0,1.0,1.0,1.0,3,0,31,0
C/C(=N\[N-2])c1ccccc1,1,1,1.0,1.0,1.0,1.0,1.0,1.0,1,0,9,0
CSc1ccc(C#C/[C]=C2\CCCC\C2=[C]/C#Cc2ccc(SC)cc2)cc1,2,2,1.0,1.0,1.0,1.0,1.0,1.0,2,0,26,0
O=C([O-])c1nc(-c2cc(F)cc(F)c2)[nH]c1C(=O)O,2,3,0.0,0.0,0.9705882352941176,1.0,0.9411764705882353,0.9473684210526315,2,1,16,0
[NH3+]CCO,1,1,1.0,1.0,1.0,1.0,1.0,1.0,1,0,3,0
CC(C)(C)c1cc(/C=N/C(c2ccccc2)c2ccccc2)c([O-])c(C(c2ccccc2)(c2ccccc2)c2ccccc2)c1,2,2,1.0,1.0,1.0,1.0,1.0,1.0,2,0,43,0
[NH2+]=C1N=[NH+]C(=[NH2+])N1,1,0,0.0,0.0,0.5,0.0,1.0,0.8571428571428571,0,0,6,1
Fc1ccc(-c2cc(-c3ccc(Cl)cc3)[nH]n2)cc1,1,1,1.0,1.0,1.0,1.0,1.0,1.0,1,0,18,0
COc1ccc(-c2ccncc2)cc1,1,2,0.0,0.0,0.9615384615384616,1.0,0.9230769230769231,0.9285714285714286,1,1,12,0
CCN(c1cccc(N(CC)[si-]2n(C(C)(C)C)c(-c3ccc(C)cc3)[n+]2C(C)(C)C)n1)[si-]1n(C(C)(C)C)c(-c2ccc(C)cc2)[n+]1C(C)(C)C,3,3,1.0,1.0,1.0,1.0,1.0,1.0,3,0,47,0
O=C([O-])CN(Cc1ccccc1C(=O)[O-])C[C@H](O)C[N@@H+](CC(=O)[O-])Cc1ccccc1C(=O)[O-],4,10,0.0,0.0,0.9,1.0,0.8,0.8235294117647058,4,6,24,0
C1=C[C@H]2CCC[C@@H]12,2,2,1.0,1.0,1.0,1.0,1.0,1.0,2,0,5,0
NC(=S)N/N=C/c1ccsc1,1,2,0.0,0.0,0.95,1.0,0.9,0.9090909090909091,1,1,9,0
O=C([O-])C(NC(=O)[C@H]1C[C@@H]2C=C[C@H]1C2)C(=O)[O-],2,6,0.0,0.0,0.8666666666666667,1.0,0.7333333333333333,0.7647058823529411,2,4,11,0
CC(CC1=NCCO1)(C1=N[C@H]2c3ccccc3C[C@H]2O1)C1=N[C@H]2c3ccccc3C[C@H]2O1,3,3,1.0,1.0,1.0,1.0,1.0,1.0,3,0,29,0
Cc1cc(C)n(P2(n3nc(C)cc3C)=NP(c3ccccc3)(c3ccccc3)=NP(c3ccccc3)(c3ccccc3)=N2)n1,3,5,0.0,0.0,0.975609756097561,1.0,0.9512195121951219,0.9545454545454546,3,2,39,0
Cc1ccc(C)c(P(F)F)c1,1,1,1.0,1.0,1.0,1.0,1.0,1.0,1,0,10,0
CCN/C([S-])=N\c1ccccc1,2,3,0.0,0.0,0.95,1.0,0.9,0.9166666666666666,2,1,9,0
Cc1cc(C)c([N-]C(=O)C(=O)[O-])c(C)c1,2,3,0.0,0.0,0.9615384615384616,1.0,0.9230769230769231,0.9333333333333333,2,1,12,0
NCC[CH]SCCN,3,4,0.0,0.0,0.9,1.0,0.8,0.875,3,1,4,0
CC(C)=CN=[N-],1,1,1.0,1.0,1.0,1.0,1.0,1.0,1,0,5,0
Cc1ccc(N(C)C)c(CN(CCN(C)C)Cc2cc(C(C)(C)c3ccccc3)cc(C(C)(C)c3ccccc3)c2[O-])c1,3,4,0.0,0.0,0.9875,1.0,0.975,0.9767441860465116,3,1,39,0
c1ccc(CSc2ccccn2)nc1,2,3,0.0,0.0,0.9583333333333333,1.0,0.9166666666666666,0.9285714285714286,2,1,11,0
CCC1=C(CC)c2nc1cc1[n-]c(cc3[n-]c(cc4[n-]c2c(CC)c4CC)c(C)c3CCC(=O)OC)c(CCC(=O)OC)c1C,4,4,1.0,1.0,1.0,1.0,1.0,1.0,4,0,41,0
CCSC([C](C#N)C#N)=C(C#N)C#N,1,3,0.0,0.0,0.38461538461538464,0.0,0.7692307692307693,0.7142857142857143,0,3,10,1
COc1ccc([C](~[N-3]~[N-2]c2ccccc2)~[N-3]~[N-2]c2ccccc2)cc1,2,2,1.0,1.0,1.0,1.0,1.0,1.0,2,0,23,0
N#Cc1ccc([C](~[O-2])~[CH]~[C](~[O-2])c2ccc(C#N)cc2)cc1,2,2,1.0,1.0,1.0,1.0,1.0,1.0,2,0,19,0
COC(=O)[C@H]1CP(c2ccccc2)(c2ccccc2)=NC1(c1ccccc1)c1ccccc1,1,1,1.0,1.0,1.0,1.0,1.0,1.0,1,0,32,0
[CH2][C@H](CC[C@@H](C/N=C/c1ccccc1[O-])/N=C/c1ccccc1[O-])OC,5,5,1.0,1.0,1.0,1.0,1.0,1.0,5,0,21,0
CN1CC[S@+](C)c2c1ccc(/C=N/C(C#N)=C(C#N)\N=C\c1ccc3c(c1[O-])[S@@+](C)CCN3C)c2[O-],4,6,0.0,0.0,0.96875,1.0,0.9375,0.9444444444444444,4,2,30,0
Cc1cc(C)c(/C2=C3\C=CC(=N3)c3cc([N+](=O)[O-])c([n-]3)/C(c3c(C)cc(C)cc3C)=C3\N=C(C=C3[N+](=O)[O-])c3cc([N+](=O)[O-])c2[n-]3)c(C)c1,4,4,1.0,1.0,1.0,1.0,1.0,1.0,4,0,45,0
Cc1cc(C)c(/C2=C3/N=C(C=C3[N+](=O)[O-])c3cc([N+](=O)[O-])c([n-]3)/C(c3c(C)cc(C)cc3C)=C3\N=C(C=C3[N+](=O)[O-])c3cc([N+](=O)[O-])c2[n-]3)c(C)c1,4,4,1.0,1.0,1.0,1.0,1.0,1.0,4,0,48,0
C[C](~[O-2])~[C](~[C](C)~[O-2])c1ccncc1,2,2,1.0,1.0,1.0,1.0,1.0,1.0,2,0,11,0
Cc1ccc(N=C=Nc2[c]cccc2)cc1,1,3,0.0,0.0,0.9333333333333333,1.0,0.8666666666666667,0.875,1,2,13,0
[CH2]CCC(=O)O,1,2,0.0,0.0,0.9,1.0,0.8,0.8333333333333334,1,1,4,0
CCO/N=C/c1cc([N+](=O)[O-])ccc1[O-],2,2,1.0,1.0,1.0,1.0,1.0,1.0,2,0,13,0
COc1cccc(/C=N/c2ccccc2Oc2ccccc2Oc2ccccc2/N=C/c2cccc(OC)c2[O-])c1[O-],5,6,0.0,0.0,0.9864864864864865,1.0,0.972972972972973,0.9761904761904762,5,1,36,0
C/C(=N\c1ccc(C)cc1C)c1cccc(/C(C)=N/c2ccc(C)cc2C)n1,3,3,1.0,1.0,1.0,1.0,1.0,1.0,3,0,25,0
[N-]=NB(Br)Br,1,1,1.0,1.0,1.0,1.0,1.0,1.0,1,0,4,0
Cc1cc(C)c(B(OS(=O)(=O)C(F)(F)F)[N+](C)=[N-])c(C)c1,1,1,1.0,1.0,1.0,1.0,1.0,1.0,1,0,20,0
[O-]/C(=N\N=C(/c1ccccc1)c1ccccn1)c1cccs1,3,3,1.0,1.0,1.0,1.0,1.0,1.0,3,0,19,0
O=C([O-])c1ccccc1S(=O)(=O)[O-],1,3,0.0,0.0,0.9166666666666667,1.0,0.8333333333333334,0.8461538461538461,1,2,10,0
c1ccc2nc3cc4c(cc3nc2c1)NCCN4,1,2,0.0,0.0,0.9705882352941176,1.0,0.9411764705882353,0.9444444444444444,1,1,16,0
Cc1cc(C)c(C(=N\C(C)(C)C)/C(C#N)=N/C(C)(C)C)c(C)c1,2,3,0.0,0.0,0.9761904761904762,1.0,0.9523809523809523,0.9565217391304348,2,1,20,0
CCC=O,2,2,1.0,1.0,1.0,1.0,1.0,1.0,2,0,2,0
CS(=O)(=O)[N-][C](~[S-2])~[S-2],2,2,1.0,1.0,1.0,1.0,1.0,1.0,2,0,6,0
Cn1cc(C(O)(c2cn(C)c(-c3ccccc3)n2)c2cn(C)c(-c3ccccc3)n2)nc1-c1ccccc1,3,3,1.0,1.0,1.0,1.0,1.0,1.0,3,0,35,0
Cc1nn(-c2ccccc2)c([O-])c1/C=N/c1ccc(C(C)(C)C)cc1,2,2,1.0,1.0,1.0,1.0,1.0,1.0,2,0,23,0
CCCn1ccc(=O)c([O-])c1C,2,2,1.0,1.0,1.0,1.0,1.0,1.0,2,0,10,0
COC(=O)/C(Sc1c(F)c(F)c(F)c(F)c1F)=C(C(=O)OC)/C(=[C]/C(F)(F)F)C(F)(F)F,4,4,1.0,0.0,0.7142857142857143,0.5,0.9285714285714286,0.875,2,2,26,2
Cc1ccc(S(=O)(=O)N2CNCCNCN(S(=O)(=O)c3ccc(C)cc3)CNCCNC2)cc1,4,4,1.0,1.0,1.0,1.0,1.0,1.0,4,0,30,0
COc1cccc(/C=N/N=C(\[O-])c2cccc(Br)c2)c1[O-],3,3,1.0,1.0,1.0,1.0,1.0,1.0,3,0,18,0
O=C([N-]Cc1ccccn1)c1cnccn1,3,3,1.0,1.0,1.0,1.0,1.0,1.0,3,0,13,0
FC(F)(F)c1cc(-c2ccccc2)[n-]c(=S)n1,2,2,1.0,1.0,1.0,1.0,1.0,1.0,2,0,15,0
Cc1ccc2c(c1)/C=N/CCOc1ccc(C)cc1/C=N/CCO2,4,4,1.0,1.0,1.0,1.0,1.0,1.0,4,0,20,0
CN(C)c1ccc(/C=C/c2ccccc2)cc1,6,8,0.0,0.0,0.3939393939393939,0.3333333333333333,0.45454545454545453,0.4117647058823529,2,6,5,4
COc1ccc([O-])c(CN(CCc2c[nH]c3ccccc23)Cc2ccccn2)c1,3,5,0.0,0.0,0.9615384615384616,1.0,0.9230769230769231,0.9310344827586207,3,2,24,0
O=[N+]([O-])c1ccc([O-])c(CN(CCc2c[nH]c3ccccc23)Cc2ccccn2)c1,3,5,0.0,0.0,0.962962962962963,1.0,0.9259259259259259,0.9333333333333333,3,2,25,0
CC(C)N(Cc1ccc[nH]1)[C](~[S-2])~[S-2],2,2,1.0,1.0,1.0,1.0,1.0,1.0,2,0,11,0
Cc1ccccc1/C=N/c1ccccc1[S-],2,2,1.0,1.0,1.0,1.0,1.0,1.0,2,0,14,0
C1CCC(N[C@@H]2CCCC[C@H]2NC2CCCCC2)CC1,2,2,1.0,1.0,1.0,1.0,1.0,1.0,2,0,18,0
Cn1cc(-c2ccccc2P(c2ccccc2)c2ccccc2)nn1,2,2,1.0,1.0,1.0,1.0,1.0,1.0,2,0,23,0
O=C([O-])c1ccccc1-c1[c]cccc1,2,3,0.0,0.0,0.9615384615384616,1.0,0.9230769230769231,0.9333333333333333,2,1,12,0
C[Si](C)(C)NP(=[N-])(c1ccccc1)c1ccccc1,1,1,1.0,1.0,1.0,1.0,1.0,1.0,1,0,18,0
[C]#Cc1sc2ccccc2c1-c1cccc(N(c2c[c]c(-c3cc(-c4ccccc4)cc(-c4[c]cc(C(C)(C)C)cc4)n3)cc2)c2ccc(C)cc2)c1,4,4,1.0,1.0,1.0,1.0,1.0,1.0,4,0,49,0
CCOC(=O)/C=C(/C)C(=O)OCC,2,2,1.0,0.0,0.4090909090909091,0.0,0.8181818181818182,0.6923076923076923,0,2,9,2
Cc1cccc2c1N[C@@H]1CC(C)(C)CC[C@H]1C2(C)C,6,7,0.0,0.0,0.9615384615384616,1.0,0.9230769230769231,0.9473684210526315,6,1,12,0
[C]C(C)=C(c1ccccc1)c1ccccc1,1,1,1.0,1.0,1.0,1.0,1.0,1.0,1,0,15,0
CC1=[N+](C)C=CC1,2,2,1.0,1.0,1.0,1.0,1.0,1.0,2,0,5,0
Cc1c(NCc2cc(Br)ccc2[O-])c(=O)n(-c2ccccc2)n1C,3,3,1.0,1.0,1.0,1.0,1.0,1.0,3,0,21,0
Cc1c(NCc2ccccc2[O-])c(=O)n(-c2ccccc2)n1C,3,3,1.0,1.0,1.0,1.0,1.0,1.0,3,0,20,0
C=C=C([C](~[N-2]C1CCCCC1)~[N-2]C1CCCCC1)c1ccccc1,2,4,0.0,0.0,0.9545454545454546,1.0,0.9090909090909091,0.9166666666666666,2,2,20,0
CC(=O)/C(=N/Nc1ccc(S(=O)(=O)/N=c2/[n-]nc(C)s2)cc1)C(=O)Nc1ccccc1,1,2,0.0,0.0,0.9833333333333334,1.0,0.9666666666666667,0.967741935483871,1,1,29,0
CN(C)P(=[O+][Si-](C(C)(C)C)C(C)(C)C)(N(C)C)N(C)C,1,1,1.0,1.0,1.0,1.0,1.0,1.0,1,0,19,0
COc1ccccc1[N-2]~[N-3]~[N-2]c1ccc(Cl)cc1,3,3,1.0,1.0,1.0,1.0,1.0,1.0,3,0,15,0
CN(C)CCN(CCN(Cc1cc(C(C)(C)C)cc(C(C)(C)C)c1[O-])Cc1cc(C(C)(C)C)cc(C(C)(C)C)c1[O-])Cc1cc(C(C)(C)C)cc(C(C)(C)C)c1[O-],5,6,0.0,0.0,0.9903846153846154,1.0,0.9807692307692307,0.9824561403508771,5,1,51,0
CN([O-])C(=N)c1ccc(N(C)C)cc1,2,2,1.0,1.0,1.0,1.0,1.0,1.0,2,0,12,0
O=C([O-])[C@H](Cc1cccc2ccccc12)/N=C(\c1ccccc1)c1ccccc1[N-]C(=O)[C@@H]1CCCN1Cc1ccccc1,4,5,0.0,0.0,0.9875,1.0,0.975,0.9772727272727273,4,1,39,0
C[C](~[CH]~[C](C)~[N-2]c1c(C(C)C)cccc1[C@@H](C)/C=[C]/N(/C=N/c1c(C)cccc1C)c1c(C)cccc1C)~[N-2]c1c(C(C)C)cccc1C(C)C,4,4,1.0,1.0,1.0,1.0,1.0,1.0,4,0,47,0
Cc1ncc(CO)c([C@@H](/N=C/c2c(CO)c[nH+]c(C)c2[O-])[C@H](/N=C/c2c(CO)c[nH+]c(C)c2[O-])c2c(CO)cnc(C)c2[O-])c1[O-],6,6,1.0,1.0,1.0,1.0,1.0,1.0,6,0,40,0
CSc1ccccc1/N=C/c1cccc(Br)n1,3,3,1.0,1.0,1.0,1.0,1.0,1.0,3,0,14,0
OSc1ccccc1P(c1ccccc1)c1ccccc1,2,2,1.0,1.0,1.0,1.0,1.0,1.0,2,0,19,0
CCN(C)[C@@H]1CCCC[C@H]1N(C)CC,2,2,1.0,1.0,1.0,1.0,1.0,1.0,2,0,12,0
CCCN(C)[C@@H]1CCCC[C@H]1N(C)C,2,2,1.0,1.0,1.0,1.0,1.0,1.0,2,0,12,0
CCCCCN(C)[C@@H]1CCCC[C@H]1N(C)C,2,2,1.0,1.0,1.0,1.0,1.0,1.0,2,0,14,0
CCN(C)[C@@H]1CCCC[C@H]1N(C)C,2,2,1.0,1.0,1.0,1.0,1.0,1.0,2,0,11,0
[O-]C(C/C=C\[CH]B1[C@H]2CCC[C@@H]1CCC2)(c1ccccc1)c1ccccc1,2,2,1.0,1.0,1.0,1.0,1.0,1.0,2,0,25,0
O=c1[nH]c(=O)c2c[nH]nc2[nH]1,1,2,0.0,0.0,0.95,1.0,0.9,0.9090909090909091,1,1,9,0
NCc1ccncc1,1,1,1.0,0.0,0.42857142857142855,0.0,0.8571428571428571,0.75,0,1,6,1
NCCc1ccncc1,1,2,0.0,0.0,0.9375,1.0,0.875,0.8888888888888888,1,1,7,0
CC(C)Oc1ccccc1P(=[N-])(c1ccccc1)c1ccccc1OC(C)C,1,1,1.0,1.0,1.0,1.0,1.0,1.0,1,0,27,0
[C]#Cc1sc(-c2nc(C(C)(C)C)cs2)nc1C(C)(C)C,1,2,0.0,0.0,0.9736842105263157,1.0,0.9473684210526315,0.95,1,1,18,0
[CH2]C[Si](C)(C)C,1,1,1.0,1.0,1.0,1.0,1.0,1.0,1,0,5,0
CO[C]1~[CH]~[CH]~[C]([O-])~[C](~[CH]~[N-3]~[C]2~[N-3]~[CH]~[CH]~[N-3]~[C]~2~[N-3]~[CH]~[C]2~[CH]~[C](OC)~[CH]~[CH]~[C]~2[O-])~[CH]~1,4,5,0.0,0.0,0.8333333333333333,0.75,0.9166666666666666,0.8928571428571429,3,2,22,1
CC(C)(C)C1=C([C@@H]([CH]c2ccccc2-c2ccccn2)C(C)(C)C)[C][C@H]1C(C)(C)C,3,3,1.0,1.0,1.0,1.0,1.0,1.0,3,0,27,0
CCc1ccccc1P(c1ccccc1CC)c1ccccc1P(c1ccccc1CC)c1ccccc1CC,2,2,1.0,1.0,1.0,1.0,1.0,1.0,2,0,38,0
Cn1nnnc1-c1ccccn1,2,2,1.0,1.0,1.0,1.0,1.0,1.0,2,0,10,0
CN(C)c1c[c]c(-c2nccc3ccccc23)cc1,2,2,1.0,1.0,1.0,1.0,1.0,1.0,2,0,17,0
[CH2]CC(=O)OCC,2,2,1.0,1.0,1.0,1.0,1.0,1.0,2,0,5,0
Cc1ccc(/N=C/c2ccccc2SC(C)C)cc1,2,3,0.0,0.0,0.9705882352941176,1.0,0.9411764705882353,0.9473684210526315,2,1,16,0
c1cncc(Oc2ccc(-c3cccc(-c4cccc(-c5ccc(Oc6cccnc6)cc5)c4)c3)cc2)c1,2,2,1.0,1.0,1.0,1.0,1.0,1.0,2,0,36,0
O=C(/C=C/c1ccc(OCc2ccccc2)cc1)c1ccccc1[O-],2,2,1.0,1.0,1.0,1.0,1.0,1.0,2,0,23,0
O=c1[nH]c2ccccc2nc1-c1nc2ccccc2[nH]1,2,3,0.0,0.0,0.9722222222222222,1.0,0.9444444444444444,0.95,2,1,17,0
O=c1[nH]c2ccccc2nc1-c1nc2ccccc2s1,2,3,0.0,0.0,0.9722222222222222,1.0,0.9444444444444444,0.95,2,1,17,0
O=C1CCNCCNCCCNCC[N-]1,4,4,1.0,1.0,1.0,1.0,1.0,1.0,4,0,11,0
O=C(Nc1ccncc1)c1cc([N+](=O)[O-])cc([N+](=O)[O-])c1,1,1,1.0,1.0,1.0,1.0,1.0,1.0,1,0,20,0
O=S(=O)([O-])C(O)(c1ccccn1)c1ccccn1,3,3,1.0,1.0,1.0,1.0,1.0,1.0,3,0,15,0
CC(C)c1cccc(C(C)C)c1/N=C/c1cccn1P(c1ccccc1)c1ccccc1,2,2,1.0,1.0,1.0,1.0,1.0,1.0,2,0,30,0
Cc1cc(C)cc(/N=C/c2cccn2P(N(C(C)C)C(C)C)N(C(C)C)C(C)C)c1,2,2,1.0,1.0,1.0,1.0,1.0,1.0,2,0,28,0
c1ccc(-c2cc(-c3ccc(-n4ccnc4)cc3)cc(-c3ccccn3)n2)nc1,3,4,0.0,0.0,0.9807692307692308,1.0,0.9615384615384616,0.9655172413793104,3,1,25,0
CC1=C(C)[C@]2(C)C(C#N)=C(C#N)[C@@]1(C)P2c1ccccc1,1,1,1.0,1.0,1.0,1.0,1.0,1.0,1,0,20,0
[NH-2]~[C](~[S-2])C(N)=S,2,3,0.0,0.0,0.875,1.0,0.75,0.8333333333333334,2,1,3,0
Oc1c(-c2ccc(P(c3ccccc3)c3ccccc3)cc2)cccc1-c1cccc(C[C@@](O)(c2ccccc2)c2ccccn2)n1,1,4,0.0,0.0,0.9673913043478262,1.0,0.9347826086956522,0.9361702127659575,1,3,43,0
C[S@@](=O)c1ccccc1C(=O)[O-],2,3,0.0,0.0,0.95,1.0,0.9,0.9166666666666666,2,1,9,0
CC(C)P(c1cc(N(C)C)ccc1[CH]c1ccc(N(C)C)cc1P(C(C)C)C(C)C)C(C)C,3,3,1.0,1.0,1.0,1.0,1.0,1.0,3,0,30,0
CC(C)(C)[C](~[O-2])~[CH]~[C](~[O-2])c1ccncc1,2,2,1.0,1.0,1.0,1.0,1.0,1.0,2,0,13,0
Cc1cc(C)c(/C=N/C(C#N)=C(/C#N)[N-]Cc2ccccn2)c(C)c1,3,3,1.0,1.0,1.0,1.0,1.0,1.0,3,0,22,0
C[C@H](/N=C(\c1ccccc1)C(C)(C)C)c1ccccc1P(c1ccccc1)c1ccccc1,2,2,1.0,1.0,1.0,1.0,1.0,1.0,2,0,31,0
COCC/N=C/c1c([O-])ccc2ccccc12,2,3,0.0,0.0,0.9666666666666667,1.0,0.9333333333333333,0.9411764705882353,2,1,14,0
CCC[C@@H](C[C]O[C@@H]1C[C@H](C)CC[C@H]1C(C)(C)c1ccccc1)c1ccccc1,1,1,1.0,1.0,1.0,1.0,1.0,1.0,1,0,28,0
CC(=O)C[C@@H](C[C]O[C@@H]1C[C@H](C)CC[C@H]1C(C)(C)c1ccccc1)c1ccccc1,1,2,0.0,0.0,0.9827586206896552,1.0,0.9655172413793104,0.9666666666666667,1,1,28,0
c1ccc(-c2cc3cccnc3c3ncccc23)cc1,2,2,1.0,1.0,1.0,1.0,1.0,1.0,2,0,18,0
COC(=O)C#Cc1ccccc1,2,2,1.0,1.0,1.0,1.0,1.0,1.0,2,0,10,0
Cc1[nH+]cc(CO)c(/C=N/NC(=O)N[C@]23C[C@H]4C[C@H](C[C@H](C4)C2)C3)c1[O-],3,3,1.0,1.0,1.0,1.0,1.0,1.0,3,0,23,0
CC(C)(C)c1cc(-c2ccccn2)[c]c(-c2cc(-c3cc(C(C)(C)C)cc(C(C)(C)C)c3)cc(-c3ccccc3[O-])n2)c1,4,4,1.0,1.0,1.0,1.0,1.0,1.0,4,0,39,0
C[Si](C)(C)c1ccc(P(CCCP(c2ccc([Si](C)(C)C)cc2)c2ccc([Si](C)(C)C)cc2)c2ccc([Si](C)(C)C)cc2)cc1,2,2,1.0,1.0,1.0,1.0,1.0,1.0,2,0,43,0
CCCCCCc1ccc(N(c2cc(OC)cc(-c3[c]cc(F)nc3F)n2)c2cc(OC)cc(-c3[c]cc(F)nc3F)n2)cc1,4,4,1.0,1.0,1.0,1.0,1.0,1.0,4,0,41,0
c1ccc(-c2nnc(-c3ccc4ccccc4c3)s2)nc1,2,2,1.0,1.0,1.0,1.0,1.0,1.0,2,0,19,0
CCCC/C([S-])=C(/[S-])c1ccc2c(ccn2C)c1,2,2,1.0,1.0,1.0,1.0,1.0,1.0,2,0,16,0
CCC[C@H](N)C(=O)[O-],2,3,0.0,0.0,0.9166666666666667,1.0,0.8333333333333334,0.875,2,1,5,0
CN(C)CC/N=C/c1cccs1,2,2,1.0,1.0,1.0,1.0,1.0,1.0,2,0,10,0
Cc1ccc([N-2]~[C](~[N-2]c2ccccc2P(c2ccccc2)c2ccccc2)c2ccccc2)cc1,3,3,1.0,1.0,1.0,1.0,1.0,1.0,3,0,32,0
COC(=O)c1c[c]c(/C=N/c2ccccc2[O-])cc1,3,3,1.0,1.0,1.0,1.0,1.0,1.0,3,0,16,0
[C]#CC(C)(C)O[Si](C)(C)C,1,1,1.0,1.0,1.0,1.0,1.0,1.0,1,0,9,0
O=C(CCn1ccnc1)c1ccccc1,1,1,1.0,1.0,1.0,1.0,1.0,1.0,1,0,14,0
CO[Si](CCCN(P(c1ccccc1)c1ccccc1)P(c1ccccc1)c1ccccc1)(OC)OC,2,2,1.0,1.0,1.0,1.0,1.0,1.0,2,0,35,0
COc1ccc([O-])c(/C=N/C[C@H](C)/N=C/c2cc(OC)ccc2[O-])c1,4,4,1.0,1.0,1.0,1.0,1.0,1.0,4,0,21,0
COc1ccc(O)c(/C=N/C[C@@H](C)/N=C/c2cc(OC)ccc2O)c1,1,4,0.0,0.0,0.9375,1.0,0.875,0.88,1,3,21,0
[C]C1(C)CC1,1,1,1.0,1.0,1.0,1.0,1.0,1.0,1,0,4,0
CC(C)OSOC(C)C,1,1,1.0,1.0,1.0,1.0,1.0,1.0,1,0,8,0
COc1c2cccc1Cc1cccc(c1OC)Cc1cccc(c1OC)Cc1cccc(c1OC)C2,5,0,0.0,0.0,0.5,0.0,1.0,0.8611111111111112,0,0,31,5
Cc1ccc(-n2c(-c3ccccc3)nnc2-c2ncccn2)cc1,2,3,0.0,0.0,0.9772727272727273,1.0,0.9545454545454546,0.9583333333333334,2,1,21,0
CCOc1ccc(C2=NCCO2)cc1,1,1,1.0,1.0,1.0,1.0,1.0,1.0,1,0,13,0
CCP(c1ccccc1)[C@@H]1C[C@H]2CC[C@]1(P(c1ccccc1)c1ccccc1)O2,2,2,1.0,1.0,1.0,1.0,1.0,1.0,2,0,27,0
C[C@@H]1CP(C(c2ccccc2)(c2ccccc2)c2ccccc2)O1,1,1,1.0,1.0,1.0,1.0,1.0,1.0,1,0,23,0
C[Si](C)(C)[N-]/C(=N\C(=N\c1ccccc1)N1CCCCC1)N1CCCCC1,2,2,1.0,1.0,1.0,1.0,1.0,1.0,2,0,25,0
CCCCCCCCCCCC(=O)OCCCc1nc2c(cc1CCOC(=O)CCCCCCCCCCC)-c1nc-2c(-c2ccccc2)c2ccc([n-]2)c(-c2ccccc2)c2nc(c(-c3ccccc3)c3ccc([n-]3)c1-c1ccccc1)C=C2,4,4,1.0,1.0,1.0,1.0,1.0,1.0,4,0,81,0
[CH]N1C(c2cc(-c3cc(C(F)(F)F)cc(C(F)(F)F)c3)cc(-c3cc(C(F)(F)F)cc(C(F)(F)F)c3)c2)(c2cc(-c3cc(C(F)(F)F)cc(C(F)(F)F)c3)cc(-c3cc(C(F)(F)F)cc(C(F)(F)F)c3)c2)c2ccccc2C1(c1cc(-c2cc(C(F)(F)F)cc(C(F)(F)F)c2)cc(-c2cc(C(F)(F)F)cc(C(F)(F)F)c2)c1)c1cc(-c2cc(C(F)(F)F)cc(C(F)(F)F)c2)cc(-c2cc(C(F)(F)F)cc(C(F)(F)F)c2)c1,1,1,1.0,1.0,1.0,1.0,1.0,1.0,1,0,145,0
O=C([O-])/C=C/C1=C[N-2]~[CH]~[NH-]1,1,3,0.0,0.0,0.8888888888888888,1.0,0.7777777777777778,0.8,1,2,7,0
CCC1=N[N-2]~[C](~[N-2]S(=O)(=O)c2ccccc2)S1,1,2,0.0,0.0,0.96875,1.0,0.9375,0.9411764705882353,1,1,15,0
[O-]c1ccc(Br)cc1/C=N/Cc1ccccc1OCC(O)COc1ccccc1C/N=C/c1cc(Br)ccc1[O-],4,4,1.0,1.0,1.0,1.0,1.0,1.0,4,0,36,0
O=S(=O)([O-])C[C@@H](c1ccccc1)P(c1ccccc1)c1ccccc1,2,2,1.0,1.0,1.0,1.0,1.0,1.0,2,0,23,0
CN(C)c1ccc(/C=C/c2cccs2)cc1,6,0,0.0,0.0,0.5,0.0,1.0,0.625,0,0,10,6
[CH2]~[C](~[CH]~[CH]CCP(c1ccccc1)c1ccccc1)[C@@](C)(O)c1ccccc1,5,5,1.0,1.0,1.0,1.0,1.0,1.0,5,0,23,0
[CH2]~[C](~[CH]~[CH]CCP(c1ccccc1)c1ccccc1)[C@H](O)c1ccccc1,5,5,1.0,1.0,1.0,1.0,1.0,1.0,5,0,22,0
COc1cc(C(=O)N/N=C/c2ccccc2[O-])cc(OC)c1OC,3,3,1.0,1.0,1.0,1.0,1.0,1.0,3,0,21,0
c1ccc2c3c(ccc2c1)CN(p1oc2ccccc2c2ccccc2o1)Cc1ccc2ccccc2c1-3,1,1,1.0,1.0,1.0,1.0,1.0,1.0,1,0,37,0
C[C@H](Nc1cccc2ccc(-c3[c]cccc3)nc12)c1ccccn1,4,4,1.0,1.0,1.0,1.0,1.0,1.0,4,0,21,0
CCOCCP(CCCP(CCOCC)CCOCC)CCOCC,2,6,0.0,0.0,0.9130434782608696,1.0,0.8260869565217391,0.84,2,4,19,0
c1ccc2c(c1)CSCCOCCOCCSCc1ccccc1OCCCO2,4,4,1.0,1.0,1.0,1.0,1.0,1.0,4,0,25,0
CO[C](~[C]1C=CC=C[C]~1c1ccc2c(n1)C[C@H]1C[C@@H]2C1(C)C)c1ccccc1,4,4,1.0,1.0,1.0,1.0,1.0,1.0,4,0,24,0
CCO[C](~[O-2])~[C](C)~[C](C)~[O-2],2,2,1.0,1.0,1.0,1.0,1.0,1.0,2,0,8,0
[C]=Cc1ccc(C)cc1,1,1,1.0,1.0,1.0,1.0,1.0,1.0,1,0,8,0
C1CCN2CCCC3=C4CCCN(CC1)CCCC4=C3CCC2,4,6,0.0,0.0,0.9473684210526316,1.0,0.8947368421052632,0.9130434782608695,4,2,17,0
C1CCCCN2CCCC3=C4CCCN(CCC1)CCCC4=C3CCC2,4,6,0.0,0.0,0.9545454545454546,1.0,0.9090909090909091,0.9230769230769231,4,2,20,0
NCCC[C@H](N)C(=O)[O-],3,4,0.0,0.0,0.9166666666666667,1.0,0.8333333333333334,0.8888888888888888,3,1,5,0
Cc1[c][n+](C)c2ccccn12,1,1,1.0,1.0,1.0,1.0,1.0,1.0,1,0,10,0
CC1(C)[N+](=O)C(c2ccc(Cl)cc2)=[N+]([O-])C1(C)C,1,1,1.0,1.0,1.0,1.0,1.0,1.0,1,0,17,0
CC(/C=C(\[O-])c1ccccc1Br)=N\c1ccccc1,2,2,1.0,1.0,1.0,1.0,1.0,1.0,2,0,17,0
[O-]c1c(-c2ccccc2)oc2ccccc2c1=S,2,2,1.0,1.0,1.0,1.0,1.0,1.0,2,0,16,0
CCO[C@H]1N2/N=C(C)/C(C)=N/O[B@@-]3(c4ccccc4)O/N=C(C)/C(C)=N/N1[C@H](OCC)N(/N=C(C)/C(C)=N/O3)[C@@H]2OCC,6,6,1.0,1.0,1.0,1.0,1.0,1.0,6,0,37,0
CCO[C@H]1N2/N=C3\CCCC\C3=N/O[B@@-]3(c4ccccc4)O/N=C4\CCCC\C4=N/N1[C@H](OCC)N(/N=C1\CCCC\C1=N/O3)[C@@H]2OCC,6,6,1.0,1.0,1.0,1.0,1.0,1.0,6,0,43,0
c1ccc(-c2ccc(CN3CCOCCOCCN(Cc4ccc(-c5ccccn5)nc4)CCOCCOCC3)cn2)nc1,2,8,0.0,0.0,0.9285714285714286,1.0,0.8571428571428571,0.8636363636363636,2,6,36,0
O=CC[C@H](c1ccccc1)P(c1ccccc1)c1ccccc1,1,2,0.0,0.0,0.9772727272727273,1.0,0.9545454545454546,0.9565217391304348,1,1,21,0
O=[C]C[C@@H](c1ccccc1)P(c1ccccc1)c1ccccc1,2,2,1.0,1.0,1.0,1.0,1.0,1.0,2,0,21,0
O=S(=O)([O-])c1ccccc1/N=C/c1c([O-])ccc2ccccc12,3,3,1.0,1.0,1.0,1.0,1.0,1.0,3,0,20,0
CC(C)(C)[CH]~[C]1CCC[CH]~1,3,3,1.0,1.0,1.0,1.0,1.0,1.0,3,0,7,0
C/C([O-])=C/C(C)=N/c1c(C)cc(C)c(N)c1C,2,2,1.0,1.0,1.0,1.0,1.0,1.0,2,0,15,0
c1ccc(-c2nnc3c4ccccc4cnn23)nc1,2,3,0.0,0.0,0.9705882352941176,1.0,0.9411764705882353,0.9473684210526315,2,1,16,0
CN(CCN(Cc1cc(C(C)(C)C)cc(C(C)(C)C)c1[O-])Cc1cc(C(C)(C)C)cc(C(C)(C)C)c1[O-])Cc1cc(C(C)(C)C)cc(C(C)(C)C)c1[O-],5,5,1.0,1.0,1.0,1.0,1.0,1.0,5,0,48,0
Fc1cc(C(F)(F)F)c[c]c1-c1ccccn1,2,2,1.0,1.0,1.0,1.0,1.0,1.0,2,0,15,0
[C]#CC(C#Cc1ccc(N(C)C)cc1)=C(C)C,1,1,1.0,1.0,1.0,1.0,1.0,1.0,1,0,16,0
O=C1c2ccccc2-c2ccccc2[C@]1([O-])O[O-],3,2,0.0,0.0,0.8333333333333333,0.6666666666666666,1.0,0.9444444444444444,2,0,15,1
Cc1cccc(C)c1NC(=O)[N-]c1ccccc1[N-]C(=O)Nc1c(C)cccc1C,2,2,1.0,1.0,1.0,1.0,1.0,1.0,2,0,28,0
Cc1n[nH]c(C)c1/N=N/c1c(C)n[nH]c1C,1,2,0.0,0.0,0.9666666666666667,1.0,0.9333333333333333,0.9375,1,1,14,0
COC(=O)[C@@H]1COC(c2cccc(C3=N[C@H](C(=O)OC)CO3)n2)=N1,3,3,1.0,1.0,1.0,1.0,1.0,1.0,3,0,21,0
Nc1c([N+](=O)[O-])n[n-]c1[N+](=O)[O-],2,3,0.0,0.0,0.95,1.0,0.9,0.9166666666666666,2,1,9,0
Cc1ccc(-c2ccc(-c3ccc(C)cc3)c3nc(-c4nc5c(-c6ccc(C)cc6)ccc(-c6ccc(C)cc6)c5nc4-c4nc5c(-c6ccc(C)cc6)ccc(-c6ccc(C)cc6)c5nc4Cl)[c]nc23)cc1,1,1,1.0,1.0,1.0,1.0,1.0,1.0,1,0,72,0
Cc1ccc(C(c2ccc(C)cc2)c2cc(C)cc(C(c3ccc(C)cc3)c3ccc(C)cc3)c2/N=C/c2ccccn2)cc1,2,2,1.0,1.0,1.0,1.0,1.0,1.0,2,0,43,0
CCCCCOc1ccc(C(=O)Oc2ccc(/C=N/CC/N=C/c3ccc(OC(=O)c4ccc(OCCCCC)cc4)cc3[O-])c([O-])c2)cc1,4,4,1.0,1.0,1.0,1.0,1.0,1.0,4,0,46,0
[O-]c1c(C2=NCCO2)ccc2ccccc12,2,2,1.0,1.0,1.0,1.0,1.0,1.0,2,0,14,0
Cc1cc(CN(C(C)C)C(C)C)c([O-])c(CN(C(C)C)C(C)C)c1,1,3,0.0,0.0,0.9565217391304348,1.0,0.9130434782608695,0.9166666666666666,1,2,21,0
CC(C)(C)c1ccc2c(c1)c1cc(C(C)(C)C)ccc1n2-c1ccc(-c2nc3c4cccnc4c4ncccc4c3[nH]2)cc1,2,2,1.0,1.0,1.0,1.0,1.0,1.0,2,0,42,0
CCC(=O)Nc1cc(C(=O)[O-])ccc1C(=O)[O-],1,4,0.0,0.0,0.90625,1.0,0.8125,0.8235294117647058,1,3,13,0
CC(=O)Nc1cc(C(=O)[O-])ccc1C(=O)[O-],1,4,0.0,0.0,0.9,1.0,0.8,0.8125,1,3,12,0
C[CH]~[CH]~[CH]OCC,3,3,1.0,1.0,1.0,1.0,1.0,1.0,3,0,4,0
O=P(O)(O)C[P@](=O)([O-])O,2,3,0.0,0.0,0.9285714285714286,1.0,0.8571428571428571,0.8888888888888888,2,1,6,0
Cc1cccc(/C=N/c2ccccc2[S-])c1,2,2,1.0,1.0,1.0,1.0,1.0,1.0,2,0,14,0
CN1CCN(CCCN)CCN(CCCN)CC1,5,5,1.0,1.0,1.0,1.0,1.0,1.0,5,0,13,0
[NH-2]~[C](~[N-3]~[C](~[N-2]c1ccccc1)Nc1ccccc1)c1ccccc1,2,2,1.0,1.0,1.0,1.0,1.0,1.0,2,0,22,0
Cc1cccc(C)c1/[N+]=C(/[N-]c1c(C)cccc1C)N(C)C,2,2,1.0,1.0,1.0,1.0,1.0,1.0,2,0,20,0
N/C([S-])=N/[N-2]~[C]1c2ccccc2N[C]~1[O-],3,3,1.0,1.0,1.0,1.0,1.0,1.0,3,0,12,0
c1ccc2c(c1)c1ccccc1n2-c1ccc(C(n2cccn2)n2cccn2)cc1,2,2,1.0,1.0,1.0,1.0,1.0,1.0,2,0,28,0
Cc1cc(C)c(/N=N/[N-]C[Si](C)(C)C)c(C)c1,2,2,1.0,0.0,0.7166666666666667,0.5,0.9333333333333333,0.8823529411764706,1,1,14,1
[c]1cccc2cc3ccccc3[c]c12,2,2,1.0,1.0,1.0,1.0,1.0,1.0,2,0,12,0
O=C([O-])c1cc(=O)[n-]c(=O)[nH]1,1,1,1.0,1.0,1.0,1.0,1.0,1.0,1,0,10,0
[CH2][n+]1[nH]c(C(C)C)cc1C(C)C,1,1,1.0,1.0,1.0,1.0,1.0,1.0,1,0,11,0
Cc1c([O-])c(CN(CCN(CC(=O)O)Cc2c(CO)c[n+](C)c(C)c2[O-])CC(=O)[O-])c(CO)c[n+]1C,4,7,0.0,0.0,0.953125,1.0,0.90625,0.9166666666666666,4,3,29,0
[N-2]c1c(C(c2ccccc2)c2ccccc2)cc(Cl)cc1C(c1ccccc1)c1ccccc1,1,1,1.0,1.0,1.0,1.0,1.0,1.0,1,0,33,0
CO[C@@H](c1ccc(C(C)(C)C)cc1)P(c1ccccc1)c1ccccc1,6,4,0.0,0.0,0.725,0.5,0.95,0.8461538461538461,3,1,19,3
[N-2]c1ccc([N+](=O)[O-])cc1,1,1,1.0,1.0,1.0,1.0,1.0,1.0,1,0,9,0
C[Si]1(C)O[Si](C)(C)c2pc(c(-c3ccccc3)cc2-c2ccccc2)[Si](C)(C)O[Si](C)(C)c2pc(c(-c3ccccc3)cc2-c2ccccc2)[Si](C)(C)O[Si](C)(C)c2pc1c(-c1ccccc1)cc2-c1ccccc1,3,3,1.0,1.0,1.0,1.0,1.0,1.0,3,0,72,0
N#CCCC#N,1,2,0.0,0.0,0.9,1.0,0.8,0.8333333333333334,1,1,4,0
CO[C@H]1Oc2ccccc2[C](~[O-2])~[C]1~[CH]~[O-2],2,2,1.0,1.0,1.0,1.0,1.0,1.0,2,0,13,0
COC(=O)[C](c1ccccc1CNCc1ccccc1)C1(C(=O)OC)C(C(=O)OC)=C(C(=O)OC)C(C(=O)OC)=C1C(=O)OC,3,4,0.0,0.0,0.8095238095238095,0.6666666666666666,0.9523809523809523,0.9333333333333333,2,2,40,1
CNCCc1ccccc1[C](C(=O)OC)C1(C(=O)OC)C(C(=O)OC)=C(C(=O)OC)C(C(=O)OC)=C1C(=O)OC,3,4,0.0,0.0,0.8063063063063063,0.6666666666666666,0.9459459459459459,0.925,2,2,35,1
CC(C)(C)c1ccc(C(=O)N(c2ccccn2)c2ccccn2)cc1,2,2,1.0,1.0,1.0,1.0,1.0,1.0,2,0,23,0
CC(C)(C)c1ccc(N(c2ccc(C(C)(C)C)cc2)c2ccnc3c2ccc2c(N(c4ccc(C(C)(C)C)cc4)c4ccc(C(C)(C)C)cc4)ccnc23)cc1,2,2,1.0,1.0,1.0,1.0,1.0,1.0,2,0,54,0
COc1cccc(/C=N/[C@H](C(=O)[O-])C(C)(C)C)c1[O-],3,4,0.0,0.0,0.96875,1.0,0.9375,0.9473684210526315,3,1,15,0
c1ccc(Nc2cccc(-c3nc4ccccc4s3)n2)nc1,3,3,1.0,1.0,1.0,1.0,1.0,1.0,3,0,19,0
CC(C)c1cccc(C(C)C)c1-c1cccc(-c2c(C(C)C)cccc2C(C)C)c1[O-],1,1,1.0,1.0,1.0,1.0,1.0,1.0,1,0,30,0
S=c1oc2ccccc2n1[BH-](Sc1nc2ccccc2o1)n1c(=S)oc2ccccc21,3,4,0.0,0.0,0.9821428571428572,1.0,0.9642857142857143,0.967741935483871,3,1,27,0
S=c1oc2ccccc2n1[B-](Cl)(Sc1nc2ccccc2o1)n1c(=S)oc2ccccc21,3,3,1.0,0.0,0.8160919540229885,0.6666666666666666,0.9655172413793104,0.9375,2,1,28,1
Nc1nnnn1CC(=O)[O-],1,3,0.0,0.0,0.8888888888888888,1.0,0.7777777777777778,0.8,1,2,7,0
CCOCCP1CCCP(CCOCC)CCCP(CCOCC)CCC1,3,6,0.0,0.0,0.9375,1.0,0.875,0.8888888888888888,3,3,21,0
COCCCP1CCCP(CCCOC)CCCP(CCCOC)CCC1,3,3,1.0,1.0,1.0,1.0,1.0,1.0,3,0,24,0
O=C1[N-]C(=O)[C@H]2[C@@H]1[C@H]1C=C[C@@H]2O1,1,1,1.0,1.0,1.0,1.0,1.0,1.0,1,0,11,0
C[Si](C)(C)[Si-]1[Si](C)(C)[Si](C)(C)[Si-]([Si](C)(C)C)[Si](C)(C)[Si]1(C)C,2,2,1.0,1.0,1.0,1.0,1.0,1.0,2,0,20,0
C[Si](C)(C)[Si-]([Si](C)(C)C)[Si](C)(C)[Si](C)(C)[Si](C)(C)[Si-]([Si](C)(C)C)[Si](C)(C)C,2,2,1.0,1.0,1.0,1.0,1.0,1.0,2,0,25,0
c1ccc(P(c2ccccc2)N2CCN(P(c3ccccc3)c3ccccc3)CC2)cc1,2,2,1.0,1.0,1.0,1.0,1.0,1.0,2,0,30,0
N/C([S-])=N/N=C/c1cc2ccccc2[nH]c1=O,3,3,1.0,1.0,1.0,1.0,1.0,1.0,3,0,14,0
Cc1nc[n-]c1CN1CCCN(Cc2[n-]cnc2C)CC1,4,4,1.0,1.0,1.0,1.0,1.0,1.0,4,0,17,0
CCCN(CCC)[C](~[S-2])~[N-3]~[C](~[O-2])c1ccc(Br)cc1,2,2,1.0,1.0,1.0,1.0,1.0,1.0,2,0,17,0
C=CCNC(=S)OCC,1,3,0.0,0.0,0.875,1.0,0.75,0.7777777777777778,1,2,6,0
COc1ccccc1P(c1ccccc1OC)N(c1ccccc1)P(=O)(c1ccccc1)c1ccccc1,2,2,1.0,1.0,1.0,1.0,1.0,1.0,2,0,36,0
Cc1cc(C)c(B(O)c2ccc(-c3[c]cccc3)nc2)c(C)c1,2,2,1.0,1.0,1.0,1.0,1.0,1.0,2,0,21,0
COc1ccc(-c2c3nc(c(-c4ccccc4)c4ccc([n-]4)c4ccc([n-]4)c(-c4ccccc4)c4ccc2[n-]4)C=C3)cc1,4,4,1.0,1.0,1.0,1.0,1.0,1.0,4,0,39,0
CC1(C)O[C@H]2C[C@H](C(c3ccccc3)=[P+](c3ccccc3)c3ccccc3)[C@@H](C(c3ccccc3)=[P+](c3ccccc3)c3ccccc3)C[C@@H]2O1,2,2,1.0,1.0,1.0,1.0,1.0,1.0,2,0,49,0
C(=N/Nc1cc(-c2ccccn2)nc(-c2ccccn2)c1)\c1ccccc1,3,3,1.0,1.0,1.0,1.0,1.0,1.0,3,0,24,0
CN(/N=C/c1ccccc1)c1cc(-c2ccccn2)nc(-c2ccccn2)c1,3,3,1.0,1.0,1.0,1.0,1.0,1.0,3,0,25,0
C/C(=N\Nc1cc(-c2ccccn2)nc(-c2ccccn2)c1)c1ccccc1,3,3,1.0,1.0,1.0,1.0,1.0,1.0,3,0,25,0
COc1cc(/C=N/Nc2cc(-c3ccccn3)nc(-c3ccccn3)c2)cc(OC)c1,3,3,1.0,1.0,1.0,1.0,1.0,1.0,3,0,28,0
COc1ccc(/C=N/Nc2cc(-c3ccccn3)nc(-c3ccccn3)c2)cc1,3,3,1.0,1.0,1.0,1.0,1.0,1.0,3,0,26,0
Cc1ccc([N-]c2ccccc2/N=N/c2ccccn2)cc1,3,3,1.0,1.0,1.0,1.0,1.0,1.0,3,0,19,0
Cc1ccc(Nc2ccc(/N=N/c3ccccn3)cc2)cc1,2,6,0.0,0.0,0.9,1.0,0.8,0.8181818181818182,2,4,16,0
c1ccc(/C(=N\Nc2nc3ccccc3s2)c2ccccn2)cc1,2,3,0.0,0.0,0.9772727272727273,1.0,0.9545454545454546,0.9583333333333334,2,1,21,0
CN(C)C(=S)N(C)CCNc1c2ccccc2[nH+]c2ccccc12,1,1,1.0,1.0,1.0,1.0,1.0,1.0,1,0,23,0
c1ccc(C(=NNc2nc3ccccc3s2)c2ccccn2)nc1,2,4,0.0,0.0,0.9545454545454546,1.0,0.9090909090909091,0.9166666666666666,2,2,20,0
O=C(N/N=C/c1ccccn1)c1ccc(Cl)cc1,3,3,1.0,1.0,1.0,1.0,1.0,1.0,3,0,15,0
Cc1cc(C)n(C(CC(n2nc(C)cc2C)n2nc(C)cc2C)n2nc(C)cc2C)n1,2,4,0.0,0.0,0.9655172413793103,1.0,0.9310344827586207,0.9354838709677419,2,2,27,0
O=P(c1ccccc1)(c1ccccc1)c1sc2ccccc2c1P(c1ccccc1C(F)(F)F)c1ccccc1C(F)(F)F,2,2,1.0,1.0,1.0,1.0,1.0,1.0,2,0,42,0
OCc1ccc(Br)cn1,2,2,1.0,1.0,1.0,1.0,1.0,1.0,2,0,7,0
CC[C@H](C[CH]C(=O)OC)C(=O)OC,2,2,1.0,1.0,1.0,1.0,1.0,1.0,2,0,11,0
CSCCNCCN1CCOCC1,3,4,0.0,0.0,0.95,1.0,0.9,0.9230769230769231,3,1,9,0
CC(C)c1cccc(C(C)C)c1[N-]c1ccccc1/C=N/CCN(C(C)C)C(C)C,2,3,0.0,0.0,0.9821428571428572,1.0,0.9642857142857143,0.9666666666666667,2,1,27,0
Cc1cc(C)n([C@H](C(=O)[O-])n2nc(C(C)(C)C)cc2C(C)(C)C)n1,3,4,0.0,0.0,0.9761904761904762,1.0,0.9523809523809523,0.9583333333333334,3,1,20,0
C=CCO[C@@H]1C(=C)C(=C)CC1(c1ccccc1)c1ccccc1,4,4,1.0,1.0,1.0,1.0,1.0,1.0,4,0,19,0
[CH]/C=C/C(CC=C(C)C)(c1ccccc1)c1ccccc1,1,1,1.0,1.0,1.0,1.0,1.0,1.0,1,0,20,0
[C]#C/C(C)=C/C(c1ccccc1)(c1ccccc1)c1ccccc1,1,1,1.0,1.0,1.0,1.0,1.0,1.0,1,0,23,0
CC(C)(C)c1cc(C(C)(C)C)c(P=C(Br)Br)c(C(C)(C)C)c1,1,1,1.0,1.0,1.0,1.0,1.0,1.0,1,0,21,0
O=[P@@]1([O-])Oc2ccc3ccccc3c2-c2c(c(P(c3ccccc3)c3ccccc3)cc3ccccc23)O1,2,2,1.0,1.0,1.0,1.0,1.0,1.0,2,0,36,0
O=C1NCc2ccc(nc2)-c2ccc(cn2)CNC(=O)NCc2ccc(nc2)-c2ccc(cn2)CN1,4,6,0.0,0.0,0.96875,1.0,0.9375,0.9444444444444444,4,2,30,0
[O-]c1ccccc1C1=N[C@@H](Cc2ccccc2)CO1,2,2,1.0,1.0,1.0,1.0,1.0,1.0,2,0,17,0
Clc1ccc(/N=C/c2ccc[n-]2)cc1,2,2,1.0,1.0,1.0,1.0,1.0,1.0,2,0,12,0
COc1ccccc1C(C)=O,6,8,0.0,0.0,0.8,1.0,0.6,0.8181818181818182,6,2,3,0
COc1ccc(-c2cc(C)n[nH]2)cc1,1,1,1.0,1.0,1.0,1.0,1.0,1.0,1,0,13,0
Cc1ccc2c(n1)-c1nc(C)ccc1[C@@H]1O[C@H]21,2,2,1.0,1.0,1.0,1.0,1.0,1.0,2,0,15,0
Cc1cc(C)c(P(C)[C@@H](c2ccccc2)C(C)(C)C2=N[C@@H](C(C)C)CO2)c(C)c1,2,2,1.0,1.0,1.0,1.0,1.0,1.0,2,0,27,0
FC(F)(F)[C@H]1CP(C(c2ccccc2)(c2ccccc2)c2ccccc2)O1,1,1,1.0,1.0,1.0,1.0,1.0,1.0,1,0,26,0
[CH]=CC(=O)P(c1ccccc1)c1ccccc1,2,2,1.0,1.0,1.0,1.0,1.0,1.0,2,0,15,0
CC1(C)CC/C(=N/C(=O)c2ccccc2)N1,1,1,1.0,1.0,1.0,1.0,1.0,1.0,1,0,15,0
N=C(N)N=[N+]=O,2,2,1.0,1.0,1.0,1.0,1.0,1.0,2,0,4,0
FC(F)(F)c1cc(/C=N/[C@H]2C[C@@H](/N=C/c3cc(C(F)(F)F)cc(C(F)(F)F)c3)C[C@@H](/N=C/c3cc(C(F)(F)F)cc(C(F)(F)F)c3)C2)cc(C(F)(F)F)c1,3,3,1.0,1.0,1.0,1.0,1.0,1.0,3,0,51,0
CCOC(=O)C[C@@H](CP(c1ccccc1)c1ccccc1)P(c1ccccc1)c1ccccc1,2,2,1.0,1.0,1.0,1.0,1.0,1.0,2,0,32,0
COc1ccc(-c2cc3ccccc3p2-c2ccc(OC)cc2)cc1,1,1,1.0,1.0,1.0,1.0,1.0,1.0,1,0,24,0
COc1ccc(-c2cc3ccccc3p2-c2ccc(C(F)(F)F)cc2)cc1,1,1,1.0,1.0,1.0,1.0,1.0,1.0,1,0,26,0
COc1ccc(-p2c(-c3ccc(C(F)(F)F)cc3)cc3ccccc32)cc1,1,1,1.0,1.0,1.0,1.0,1.0,1.0,1,0,26,0
CCOc1cccc(/C=N/[C@H](C)c2ccccc2)c1[O-],2,2,1.0,1.0,1.0,1.0,1.0,1.0,2,0,18,0
C[C@@H](/N=C/c1ccccc1[O-])c1cccc2ccccc12,2,2,1.0,1.0,1.0,1.0,1.0,1.0,2,0,19,0
CN(C)[Si](C)(C)[CH]~[C](~[N-2][Si](C)(C)N(C)C)C(C)(C)C,5,5,1.0,1.0,1.0,1.0,1.0,1.0,5,0,14,0
[S-]C1=C([S-])S[C@@H]2CCCC[C@@H]2S1,2,2,1.0,1.0,1.0,1.0,1.0,1.0,2,0,10,0
C[C@@H](NC(=S)NC(=O)c1ccco1)C(=O)O,1,1,1.0,1.0,1.0,1.0,1.0,1.0,1,0,15,0
O=C([O-])C[NH2+]CC(=O)O,1,2,0.0,0.0,0.9375,1.0,0.875,0.8888888888888888,1,1,7,0
O=P(c1ccco1)(c1ccco1)c1ccco1,1,1,1.0,1.0,1.0,1.0,1.0,1.0,1,0,16,0
Cn1ccn([B-](Cl)(n2ccn(C)c2=S)n2ccn(C)c2=S)c1=S,3,3,1.0,1.0,1.0,1.0,1.0,1.0,3,0,20,0
[O-]c1cc(Br)ccc1/N=N/c1ccc(/N=N/c2ccc(Br)cc2)[n-]1,3,4,0.0,0.0,0.9761904761904762,1.0,0.9523809523809523,0.9583333333333334,3,1,20,0
N[C]1~[CH][C](C(F)(F)F)[CH]~[C](N)~[C]~1C(N1[CH]~[CH]~[CH]~[N-2]1)(N1[CH]~[CH]~[CH]~[N-2]1)N1[CH]~[CH]~[CH]~[N-2]1,3,3,1.0,1.0,1.0,1.0,1.0,1.0,3,0,25,0
c1ccc(-c2ccc(CNCCN(CCNCc3ccc(-c4ccccn4)nc3)CC[NH2+]Cc3ccc(-c4ccccn4)nc3)cn2)nc1,6,9,0.0,0.0,0.9651162790697674,1.0,0.9302325581395349,0.9387755102040817,6,3,40,0
C(=C(/c1ccccc1)P(c1ccccc1)c1ccccc1)\P(c1ccccc1)c1ccccc1,2,2,1.0,1.0,1.0,1.0,1.0,1.0,2,0,32,0
CC(C)(C)CSc1ccccc1[S-],2,2,1.0,1.0,1.0,1.0,1.0,1.0,2,0,11,0
C=C(c1cccs1)c1ccccc1[N-2],1,1,1.0,1.0,1.0,1.0,1.0,1.0,1,0,13,0
O=[N+]([O-])c1ccc(-[n+]2ccc(-c3ccncc3)cc2)c([N+](=O)[O-])c1,1,1,1.0,1.0,1.0,1.0,1.0,1.0,1,0,23,0
CCC(=N)ON(C)C,1,2,0.0,0.0,0.9285714285714286,1.0,0.8571428571428571,0.875,1,1,6,0
C/N=C(/C(=O)c1ccccc1)c1ccccc1,2,2,1.0,1.0,1.0,1.0,1.0,1.0,2,0,15,0
C[Si](C)(C)C([P-]Oc1ccccc1)[Si](C)(C)C,1,1,1.0,1.0,1.0,1.0,1.0,1.0,1,0,16,0
C[Si](C)(C)N=P([C]P(=N[Si](C)(C)C)(C1CCCCC1)C1CCCCC1)(C1CCCCC1)C1CCCCC1,3,3,1.0,1.0,1.0,1.0,1.0,1.0,3,0,34,0
CCCCN1CCNC[C@]2(N)CNCCNC[C@@](N)(CNCCNC2)C1,6,7,0.0,0.0,0.975,1.0,0.95,0.9615384615384616,6,1,19,0
[O-]c1c(Cl)cc(Cl)cc1CNc1ccccc1NCc1cc(Cl)cc(Cl)c1[O-],4,4,1.0,1.0,1.0,1.0,1.0,1.0,4,0,24,0
c1ccc(-p2oc3c4ccccc4c4ccccc4c3c3c4ccccc4c4ccccc4c3o2)cc1,1,1,1.0,1.0,1.0,1.0,1.0,1.0,1,0,36,0
O=c1c(Br)cc[c]n1-c1ccccn1,2,2,1.0,1.0,1.0,1.0,1.0,1.0,2,0,12,0
C[C](~[CH]~[C](~[O-2])c1ccc(F)cc1)~[N-2]c1ccccc1/N=C/c1cc(F)cc(F)c1[O-],4,4,1.0,1.0,1.0,1.0,1.0,1.0,4,0,26,0
Clc1ccc(NCP(CNc2ccc(Cl)c3ccccc23)CNc2ccc(Cl)c3ccccc23)c2ccccc12,1,1,1.0,1.0,1.0,1.0,1.0,1.0,1,0,39,0
C1=C(c2ccnc3cccnc23)c2ccccc2C1,3,3,1.0,0.0,0.6041666666666666,0.3333333333333333,0.875,0.7894736842105263,1,2,14,2
[CH2]~[C](~[CH]C1CCCCC1)CC(=C)P(C(C)C)C(C)C,4,4,1.0,1.0,1.0,1.0,1.0,1.0,4,0,15,0
Cc1ccc(S(=O)(=O)[N-]/C(=C2/C=CC=N2)c2ccccc2)cc1,2,2,1.0,1.0,1.0,1.0,1.0,1.0,2,0,21,0
Cn1c(C(=O)c2nc(-c3ccccc3)c(-c3ccccc3)n2C)nc(-c2ccccc2)c1-c1ccccc1,2,2,1.0,1.0,1.0,1.0,1.0,1.0,2,0,36,0
Cn1ccnc1CN1CCNCCN(Cc2nccn2C)CC1,5,5,1.0,1.0,1.0,1.0,1.0,1.0,5,0,18,0
C=CCNC(=S)OC,3,3,1.0,1.0,1.0,1.0,1.0,1.0,3,0,5,0
C[C@@H]1NCCNCCCNCCN[C@H](C)[C@@H]1Cc1c2ccccc2cc2ccccc12,4,4,1.0,1.0,1.0,1.0,1.0,1.0,4,0,27,0
Fc1n[c]c(Cl)c(-c2ccccc2)n1,1,1,1.0,1.0,1.0,1.0,1.0,1.0,1,0,13,0
Fc1n[c]c(Cl)c(F)n1,1,1,1.0,1.0,1.0,1.0,1.0,1.0,1,0,8,0
CC1(C)N=C(c2nccs2)N(O)C1(C)C,2,2,1.0,1.0,1.0,1.0,1.0,1.0,2,0,13,0
NC(=S)N/N=C(C(=N/N=C(/N)[S-])/c1ccccc1)\c1ccccc1,4,4,1.0,1.0,1.0,1.0,1.0,1.0,4,0,20,0
O=C(Nc1cccc2[nH+]cccc12)c1c[nH]cn1,2,2,1.0,1.0,1.0,1.0,1.0,1.0,2,0,16,0
Clc1cncc(Cl)c1Cl,1,1,1.0,1.0,1.0,1.0,1.0,1.0,1,0,8,0
COc1ccc2c3c(cccc13)C(=N\c1c(C(C)C)cccc1C(C)C)/C2=N/c1c(C(C)C)cccc1C(C)C,2,2,1.0,1.0,1.0,1.0,1.0,1.0,2,0,38,0
CCOC(=O)N1CCN(Cc2nc3ccccc3n2C(=O)OCC)CCN(Cc2nc3ccccc3n2C(=O)OCC)CC1,5,4,0.0,0.0,0.9,0.8,1.0,0.9772727272727273,4,0,39,1
CCCCCCOc1ccc(C(=O)Oc2ccc(C(=O)Oc3ccc(-c4cc(-c5ccccc5)nc(-c5ccccn5)c4)cc3)cc2)cc1,2,2,1.0,1.0,1.0,1.0,1.0,1.0,2,0,47,0
F[B-](F)(F)OC1CSCCSCCCSCCSC1,5,5,1.0,1.0,1.0,1.0,1.0,1.0,5,0,14,0
CC(C)n1ccn(C(C)C)c1=S,1,1,1.0,1.0,1.0,1.0,1.0,1.0,1,0,11,0
CCC1=C(C)c2cc3[n-]c(c(C)c3C)c3c(C)c(C)c(cc4[nH]c(cc1n2)c(CC)c4C)n3C,2,2,1.0,1.0,1.0,1.0,1.0,1.0,2,0,32,0
CP1P(C)P(C)P(C)P(C)P1C,2,6,0.0,0.0,0.8,1.0,0.6,0.6666666666666666,2,4,6,0
CO/N=C(\C)CC(C)(C)NCCNC(C)(C)C/C(C)=N/OC,4,4,1.0,1.0,1.0,1.0,1.0,1.0,4,0,18,0
CN(CCN(C)Cc1[c]cccc1)Cc1[c]cccc1,2,4,0.0,0.0,0.9444444444444444,1.0,0.8888888888888888,0.9,2,2,16,0
c1ccc([C@@H]2COC(c3cccc(-c4cc[nH]n4)n3)=N2)cc1,3,3,1.0,1.0,1.0,1.0,1.0,1.0,3,0,19,0
CC(C)[C@H]1COC(c2cccc(-c3cc[nH]n3)n2)=N1,3,3,1.0,1.0,1.0,1.0,1.0,1.0,3,0,16,0
CCO[P-](~[S-2])(~[N-3]~[P-](~[S-2])(c1ccccc1)c1ccccc1)OCC,2,2,1.0,1.0,1.0,1.0,1.0,1.0,2,0,21,0
CC(=O)OC[C@H]1O[C@@H](c2ccccc2)[C@H](OC(C)=O)[C@@H](OC(C)=O)[C@@H]1OC(C)=O,6,1,0.0,0.0,0.5833333333333334,0.16666666666666666,1.0,0.8275862068965517,1,0,23,5
[O-]P([C@]12C[C@H]3[C@@H]4CC5C[C@H]3[C@H](C1)[C@@H](C5)[C@@H]4C2)[C@]12C[C@H]3[C@@H]4CC5C[C@H]3[C@H](C1)[C@@H](C5)[C@@H]4C2,1,1,1.0,1.0,1.0,1.0,1.0,1.0,1,0,29,0
OP([C@]12C[C@H]3[C@@H]4CC5C[C@H]3[C@H](C1)[C@@H](C5)[C@@H]4C2)[C@]12C[C@H]3[C@@H]4CC5C[C@H]3[C@H](C1)[C@@H](C5)[C@@H]4C2,1,1,1.0,1.0,1.0,1.0,1.0,1.0,1,0,29,0
c1ccc(N(CP2[C@H]3CCC[C@@H]2CCC3)CP2[C@H]3CCC[C@@H]2CCC3)cc1,2,2,1.0,1.0,1.0,1.0,1.0,1.0,2,0,25,0
COC(=O)CN(CCN(C)Cc1ccccn1)Cc1ccccn1,4,5,0.0,0.0,0.975,1.0,0.95,0.9583333333333334,4,1,19,0
COC(=O)Nc1ccccc1-c1cc(-c2ccccc2)c2ccccc2n1,1,1,1.0,1.0,1.0,1.0,1.0,1.0,1,0,26,0
Cc1cc(C)c(S[C]c2cc(C)cc(C)c2[S-])c(C)c1,2,2,1.0,1.0,1.0,1.0,1.0,1.0,2,0,18,0
Cc1ccc(-c2cc(C)cc(C)c2/N=C2C(=N/c3c(C)cc(C)cc3-c3ccc(C)cc3)/c3cccc4cccc/2c34)cc1,2,2,1.0,1.0,1.0,1.0,1.0,1.0,2,0,42,0
Cc1cc(C)c(/N=C2C(=N/c3c(C)cc(C)cc3-c3ccccc3)/c3cccc4cccc/2c34)c(-c2ccccc2)c1,2,2,1.0,1.0,1.0,1.0,1.0,1.0,2,0,40,0
N=C(N)Cc1ccccc1,1,1,1.0,1.0,1.0,1.0,1.0,1.0,1,0,9,0
c1ccc2cc(CN3CCCN(Cc4ccc5ccccc5c4)CCN(Cc4ccc5ccccc5c4)CCCN(Cc4ccc5ccccc5c4)CC3)ccc2c1,4,4,1.0,1.0,1.0,1.0,1.0,1.0,4,0,54,0
CCCCCn1c(-c2cccc(-c3nc4ccccc4n3CCCCC)n2)nc2ccccc21,3,3,1.0,1.0,1.0,1.0,1.0,1.0,3,0,31,0
CCCCCCn1c(-c2cccc(-c3nc4ccccc4n3CCCCCC)n2)nc2ccccc21,3,3,1.0,1.0,1.0,1.0,1.0,1.0,3,0,33,0
CC(=O)Nc1cc(CP(C2CCCC2)C2CCCC2)[c]c(CP(C2CCCC2)C2CCCC2)c1,3,3,1.0,1.0,1.0,1.0,1.0,1.0,3,0,31,0
COc1ccc(SCc2[c]c(CSc3ccc(OC)cc3)cc(NC(C)=O)c2)cc1,3,3,1.0,1.0,1.0,1.0,1.0,1.0,3,0,27,0
CC1(C)[C@@H]2Cc3nc(-c4[c]c(-c5ccc6c(n5)C[C@@H]5C[C@H]6C5(C)C)ccc4)ccc3[C@H]1C2,3,3,1.0,1.0,1.0,1.0,1.0,1.0,3,0,29,0
C#[N+]C(C)(C)C,2,2,1.0,1.0,1.0,1.0,1.0,1.0,2,0,4,0
CCc1cc(CN(Cc2cc(CC)cc(C(C)(C)C)c2[O-])C[C@H]2CCCO2)c([O-])c(C(C)(C)C)c1,4,4,1.0,1.0,1.0,1.0,1.0,1.0,4,0,31,0
COC(=O)/[C]=C/Oc1cccc(OC)c1P(c1ccccc1)c1ccccc1,2,2,1.0,1.0,1.0,1.0,1.0,1.0,2,0,26,0
[CH]=C(/C=C(/CCCC)Oc1cccc(OC)c1P(c1ccccc1)c1ccccc1)CCCC,3,3,1.0,1.0,1.0,1.0,1.0,1.0,3,0,31,0
CCN(CC)c1ccc(/C(C2=N[C@H](c3ccccc3)CO2)=C2/[N-][C@H](c3ccccc3)CO2)cc1,2,2,1.0,1.0,1.0,1.0,1.0,1.0,2,0,32,0
c1ccc(/C(C2=N[C@@H](c3ccccc3)CO2)=C2/[N-][C@@H](c3ccccc3)CO2)cc1,2,2,1.0,1.0,1.0,1.0,1.0,1.0,2,0,27,0
O=C([O-])CN1C(=O)CSC1=S,1,3,0.0,0.0,0.9,1.0,0.8,0.8181818181818182,1,2,8,0
CCO[C]/C=C(\C1=CCCCC1)N(C)C,1,1,1.0,1.0,1.0,1.0,1.0,1.0,1,0,14,0
FC(F)(F)c1c2nc(cc3[n-]c(cc4nc(cc5[n-]c1c1ccccc51)-c1ccccc1-4)c1ccccc31)-c1ccccc1-2,4,4,1.0,1.0,1.0,1.0,1.0,1.0,4,0,40,0
CCC(CC)c1cccc(/C=N/CCSC)c1[O-],3,3,1.0,1.0,1.0,1.0,1.0,1.0,3,0,15,0
c1ccc([C@H]2CCC[C@@H](c3ccccn3)N2Cc2nccc3ccccc23)nc1,4,4,1.0,1.0,1.0,1.0,1.0,1.0,4,0,25,0
c1ccc(CN2[C@@H](c3ccccn3)CCC[C@H]2c2ccccn2)nc1,4,4,1.0,1.0,1.0,1.0,1.0,1.0,4,0,21,0
N#Cc1cnc(-c2[c]c3ccccc3s2)c2ccccc12,2,2,1.0,1.0,1.0,1.0,1.0,1.0,2,0,19,0
Cc1cc(C)c(C2=NO[C@](/N=C(\c3ccccc3)c3ccccc3[N-]C(=O)[C@@H]3CCCN3Cc3ccccc3)(C(=O)[O-])C2)c(C)c1,4,6,0.0,0.0,0.9761904761904762,1.0,0.9523809523809523,0.9565217391304348,4,2,40,0
c1ccc(-c2cc(OCCOCc3ccc4ccccc4c3)cc(-c3ccccn3)n2)nc1,3,3,1.0,1.0,1.0,1.0,1.0,1.0,3,0,30,0
CCNC(=S)N/N=C(/C)c1ccccc1,2,2,1.0,1.0,1.0,1.0,1.0,1.0,2,0,13,0
c1ccc(N2CP(CCc3cccs3)CN(c3ccccc3)CP(CCc3cccs3)C2)cc1,2,2,1.0,1.0,1.0,1.0,1.0,1.0,2,0,32,0
Cc1ccc(N2CP(CCc3cccs3)CN(c3ccc(C)cc3)CP(CCc3cccs3)C2)cc1,2,2,1.0,1.0,1.0,1.0,1.0,1.0,2,0,34,0
Cc1ccsc1/C=C/C(=O)c1ccccc1[O-],2,2,1.0,1.0,1.0,1.0,1.0,1.0,2,0,15,0
O=C(N[C@@H]1CCCC[C@H]1NC(=O)c1ccccc1P(c1ccccc1)c1ccccc1)c1ccccc1N(c1ccccc1)c1ccccc1,2,2,1.0,1.0,1.0,1.0,1.0,1.0,2,0,48,0
O=C(C[S-])[N-]CCO[C@]12C[C@H]3C[C@H](C[C@H](C3)C1)C2,2,3,0.0,0.0,0.96875,1.0,0.9375,0.9444444444444444,2,1,15,0
c1ccc(P(C[C@@H]2CCC[C@H](CP(c3ccccc3)c3ccccc3)C2)c2ccccc2)cc1,2,2,1.0,1.0,1.0,1.0,1.0,1.0,2,0,32,0
O=C1Nc2ccccc2/C1=N\N(c1ccccc1)c1ccccn1,3,3,1.0,1.0,1.0,1.0,1.0,1.0,3,0,21,0
c1ccc(-c2cc(-c3ncc(-c4c5ccccc5cc5ccccc45)cn3)cc(-c3ccccn3)n2)nc1,3,3,1.0,1.0,1.0,1.0,1.0,1.0,3,0,35,0
Clc1ccc([C@@H](Cn2ccnc2)OCc2ccsc2Cl)c(Cl)c1,1,1,1.0,1.0,1.0,1.0,1.0,1.0,1,0,22,0
COc1ccc([O-])c(/C=N/[C@H](C)c2ccccc2)c1,2,2,1.0,1.0,1.0,1.0,1.0,1.0,2,0,17,0
S=c1n(Cc2ccccc2)ccn1[BH-](n1ccn(Cc2ccccc2)c1=S)n1ccn(Cc2ccccc2)c1=S,3,3,1.0,1.0,1.0,1.0,1.0,1.0,3,0,37,0
S=c1n(Cc2ccccc2)ccn1B(n1ccn(Cc2ccccc2)c1=S)n1ccn(Cc2ccccc2)c1=S,3,3,1.0,1.0,1.0,1.0,1.0,1.0,3,0,37,0
CCCCCCCCCCn1c(-c2cccc(-c3nc4ccccc4n3CCCCCCCCCC)n2)nc2ccccc21,3,3,1.0,1.0,1.0,1.0,1.0,1.0,3,0,41,0
CN(CC[N+](C)(C)C)c1ccc(-c2cc(-c3ccccn3)nc(-c3ccccn3)c2)s1,3,3,1.0,1.0,1.0,1.0,1.0,1.0,3,0,28,0
CC(=O)c1nnn(-c2ccc(F)c(Cl)c2)c1C,1,2,0.0,0.0,0.96875,1.0,0.9375,0.9411764705882353,1,1,15,0
CN1C(=O)[CH]~[CH]~[C](=O)~[N-]1C,4,2,0.0,0.0,0.75,0.5,1.0,0.8,2,0,6,2
C=C(C)[C@H]1Cc2ccccc2O1,6,6,1.0,1.0,1.0,1.0,1.0,1.0,6,0,6,0
C/[NH+]=[C]\N=C(\C)N/[C]=[NH+]\C,2,3,0.0,0.0,0.9375,1.0,0.875,0.9,2,1,7,0
Cc1ccc([S@](=O)CCN(C)CCN(C)CC[S@@](=O)c2ccc(C)cc2)cc1,4,4,1.0,1.0,1.0,1.0,1.0,1.0,4,0,24,0
[CH2]c1cc(C)cc(C)c1P1CN(c2cc(C(=O)O)cc(C(=O)O)c2)CP(c2c(C)cc(C)cc2C)CN(c2cc(C(=O)O)cc(C(=O)O)c2)C1,3,3,1.0,1.0,1.0,1.0,1.0,1.0,3,0,47,0
O=C(O)c1cc(C(=O)O)cc(N2CP(c3ccccc3)CN(c3cc(C(=O)O)cc(C(=O)O)c3)CP(c3ccccc3)C2)c1,2,2,1.0,1.0,1.0,1.0,1.0,1.0,2,0,42,0
Cc1cc(C)c(P2CN(c3cc(C(=O)O)cc(C(=O)O)c3)CP(c3c(C)cc(C)cc3C)CN(c3cc(C(=O)O)cc(C(=O)O)c3)C2)c(C)c1,2,2,1.0,1.0,1.0,1.0,1.0,1.0,2,0,48,0
[C]#Cc1ccc(/N=C/c2ccccn2)cc1,1,3,0.0,0.0,0.9333333333333333,1.0,0.8666666666666667,0.875,1,2,13,0
COc1ccc(Br)cc1C(c1cc(C(C)(C)C)cc(C(C)(C)C)c1[O-])c1cc(C(C)(C)C)cc(C(C)(C)C)c1[O-],2,2,1.0,1.0,1.0,1.0,1.0,1.0,2,0,38,0
c1ccc2c(CN3CCNCCN(Cc4cccc5ccccc45)CCNCC3)cccc2c1,4,4,1.0,1.0,1.0,1.0,1.0,1.0,4,0,30,0
c1ccc2c(CN3CCNCCN(Cc4c5ccccc5cc5ccccc45)CCNCC3)c3ccccc3cc2c1,4,4,1.0,1.0,1.0,1.0,1.0,1.0,4,0,38,0
COc1cc(CN(CCc2ccccn2)Cc2ccccn2)c(O)c(C(C)(C)C)c1,4,4,1.0,1.0,1.0,1.0,1.0,1.0,4,0,26,0
Cc1[nH+]c(-c2ccccn2)n([O-])c1C,2,2,1.0,1.0,1.0,1.0,1.0,1.0,2,0,12,0
C/C=C\[C@@]12CCCC[C@@H]1C(OCC)=C/C2=N\Cc1ccccc1,3,3,1.0,1.0,1.0,1.0,1.0,1.0,3,0,20,0
CC1=C(C)C[P@]2(=Nc3c(C)cc(C)cc3C)CC(C)=C(C)C[P@]2(=Nc2c(C)cc(C)cc2C)C1,2,2,1.0,1.0,1.0,1.0,1.0,1.0,2,0,32,0
Fc1cc(Br)cc(F)c1-c1c2nc(c(-c3c(F)cc(Br)cc3F)c3ccc([n-]3)c(-c3c(F)cc(Br)cc3F)c3nc(c(-c4c(F)cc(Br)cc4F)c4ccc1[n-]4)C=C3)C=C2,4,4,1.0,1.0,1.0,1.0,1.0,1.0,4,0,56,0
O=C(O)c1ccnc(C(=O)O)c1,2,2,1.0,1.0,1.0,1.0,1.0,1.0,2,0,10,0
COc1ccc(-c2oc3ccccc3c(=S)c2[O-])cc1,2,2,1.0,1.0,1.0,1.0,1.0,1.0,2,0,18,0
Cc1ccccc1CCC(=O)c1ccccc1C,6,13,0.0,0.0,0.7083333333333334,1.0,0.4166666666666667,0.6111111111111112,6,7,5,0
COC[C@H]1CCCN1/N=C/c1ccccc1C,6,8,0.0,0.0,0.9090909090909092,1.0,0.8181818181818182,0.8823529411764706,6,2,9,0
Nc1cccc(-c2[c][nH]nn2)c1,1,2,0.0,0.0,0.9545454545454546,1.0,0.9090909090909091,0.9166666666666666,1,1,10,0
CO[C@H](O)c1ccnc(-c2cc(C)ccn2)c1,2,2,1.0,1.0,1.0,1.0,1.0,1.0,2,0,15,0
O=C(O)c1ccc(Cn2cc(-c3cccc(-c4cn(Cc5ccc(C(=O)O)cc5)nn4)n3)nn2)cc1,3,3,1.0,1.0,1.0,1.0,1.0,1.0,3,0,33,0
COC(=O)c1ccc(Cn2cc(-c3cccc(-c4cn(Cc5ccc(C(=O)OC)cc5)nn4)n3)nn2)cc1,3,3,1.0,1.0,1.0,1.0,1.0,1.0,3,0,35,0
N/C(=N\N=C(/[O-])c1ccccc1O)c1ccccn1,3,3,1.0,1.0,1.0,1.0,1.0,1.0,3,0,16,0
CCOC(=O)N1CCN([C](~[S-2])~[S-2])CC1,2,2,1.0,1.0,1.0,1.0,1.0,1.0,2,0,12,0
Cc1cn(CCCSCCSCCn2cnc3c(N)ncnc32)c(=O)[nH]c1=O,3,5,0.0,0.0,0.96,1.0,0.92,0.9285714285714286,3,2,23,0
CCO[C]C=C(C)C,1,1,1.0,1.0,1.0,1.0,1.0,1.0,1,0,7,0
CN1CCN(C)[C@@H]2CCCC[C@H]2N(C)CC1,3,3,1.0,1.0,1.0,1.0,1.0,1.0,3,0,13,0
c1ccc(-c2cc(-c3ccc(Cn4ccc(-c5cccc(-c6ccn(Cc7ccc(-c8cc(-c9ccccn9)nc(-c9ccccn9)c8)cc7)n6)n5)n4)cc3)cc(-c3ccccn3)n2)nc1,3,9,0.0,0.0,0.9523809523809523,1.0,0.9047619047619048,0.9090909090909091,3,6,57,0
CCOC1=C([C]N(C)C)[C@@H](c2ccccc2)[C@H]1C1C=CC=CC=C1,1,5,0.0,0.0,0.9130434782608696,1.0,0.8260869565217391,0.8333333333333334,1,4,19,0
C/C(=N\C(C)C)c1ccccn1,2,2,1.0,1.0,1.0,1.0,1.0,1.0,2,0,10,0
O=C(O)C1=C(c2ccccc2)C(c2ccccc2)=C1c1ccccc1,4,4,1.0,1.0,1.0,1.0,1.0,1.0,4,0,21,0
CC(C)(C)/[NH+]=C(/[CH]c1ccccc1)c1ccccc1,1,1,1.0,1.0,1.0,1.0,1.0,1.0,1,0,18,0
Nc1ccc(C(=O)[O-])cc1O,1,3,0.0,0.0,0.9,1.0,0.8,0.8181818181818182,1,2,8,0
[CH]=C(OP(Oc1ccccc1)Oc1ccccc1)c1ccccc1,2,2,1.0,1.0,1.0,1.0,1.0,1.0,2,0,22,0
CCOC(=O)c1cc[n+]([O-])cc1,1,1,1.0,1.0,1.0,1.0,1.0,1.0,1,0,11,0
NC(=S)N/N=C/c1cc([N+](=O)[O-])ccc1[O-],3,3,1.0,1.0,1.0,1.0,1.0,1.0,3,0,13,0
CN/C([S-])=N/[N-]c1c([O-])c2ccccc2c2ccccc12,3,3,1.0,1.0,1.0,1.0,1.0,1.0,3,0,18,0
[c]1[nH+]c2ccccc2n1-c1ccccc1,1,1,1.0,1.0,1.0,1.0,1.0,1.0,1,0,14,0
C1=C/C2=C/SCC3=CC=C/C(=C/SCC(=C1)[N-]2)[N-]3,4,4,1.0,1.0,1.0,1.0,1.0,1.0,4,0,14,0
[O-]/C(=N\N=C/c1cn(-c2ccccc2)nc1-c1ccccc1)c1cccs1,2,3,0.0,0.0,0.98,1.0,0.96,0.9629629629629629,2,1,24,0
[O-]/C(=N\N=C/c1cn(-c2ccccc2)nc1-c1ccccc1)c1ccco1,2,3,0.0,0.0,0.98,1.0,0.96,0.9629629629629629,2,1,24,0
CCC(=N)/N=C1\[N-]C(=O)c2c(F)c(F)c(F)c(F)c21,2,2,1.0,1.0,1.0,1.0,1.0,1.0,2,0,17,0
CCc1ccc(/C=N/c2ccccc2[S-])cc1,2,2,1.0,1.0,1.0,1.0,1.0,1.0,2,0,15,0
[CH2][S+](CC(C)(C)C)CC(C)(C)C,1,1,1.0,1.0,1.0,1.0,1.0,1.0,1,0,11,0
NCCN(CCN)CC/N=C/c1ccccn1,5,5,1.0,1.0,1.0,1.0,1.0,1.0,5,0,12,0
Cc1ccc(C=C=C(c2ccccc2)[C@H]2CCCCC2=O)cc1,2,4,0.0,0.0,0.9523809523809523,1.0,0.9047619047619048,0.9130434782608695,2,2,19,0
Cc1ccc(C(=C=O)/C=C(\c2ccccc2)P(c2ccccc2)c2ccccc2)cc1,4,5,0.0,0.0,0.9814814814814814,1.0,0.9629629629629629,0.967741935483871,4,1,26,0
COC1(OC)[C@@H]2C=C[C@H]1CC2,3,4,0.0,0.0,0.9375,1.0,0.875,0.9090909090909091,3,1,7,0
N#CC(C#N)=C(c1nnn[n-]1)c1nnn[n-]1,2,2,1.0,1.0,1.0,1.0,1.0,1.0,2,0,14,0
BrC[C@H](Br)CCP(c1ccccc1)c1ccccc1,1,1,1.0,1.0,1.0,1.0,1.0,1.0,1,0,18,0
[CH2]CC[C@H](N)C(=O)[O-],3,4,0.0,0.0,0.9,1.0,0.8,0.875,3,1,4,0
c1ccc(COc2ccc3ccc4cccnc4c3n2)nc1,3,3,1.0,1.0,1.0,1.0,1.0,1.0,3,0,19,0
CCCCCCn1cc(-c2ccc(-c3nc(N)nc(N)n3)cn2)nn1,2,3,0.0,0.0,0.9782608695652174,1.0,0.9565217391304348,0.96,2,1,22,0
COC(=O)Oc1ccc(/C=C/[C](~[O-2])~[CH]~[C](~[O-2])/C=C/c2ccc(OC(=O)OC)c(OC)c2)cc1OC,2,2,1.0,1.0,1.0,1.0,1.0,1.0,2,0,33,0
N#Cc1sc([N+](=O)[O-])c2c1SC1=N\O[B@-]3(F)O/N=C(c4ccccc4)/C(c4ccccc4)=N/O[B@-](F)(O/N=C/1N2)O/N=C(c1ccccc1)/C(c1ccccc1)=N/O3,6,6,1.0,1.0,1.0,1.0,1.0,1.0,6,0,52,0
C(=N/c1ccccc1)\c1ccccc1[N-]c1ccccc1Sc1ccccc1,3,3,1.0,1.0,1.0,1.0,1.0,1.0,3,0,25,0
C=C1C(=C)[C@H]2O[C@@H]1C(=C)C2=C,4,8,0.0,0.0,0.7142857142857143,1.0,0.42857142857142855,0.6363636363636364,4,4,3,0
[O-]/C(=N\N=C\c1ccccn1)c1ccc(O)cc1,3,3,1.0,1.0,1.0,1.0,1.0,1.0,3,0,15,0
O=C(N/N=C\c1c2ccccc2cc2ccccc12)c1ccccc1O,2,2,1.0,1.0,1.0,1.0,1.0,1.0,2,0,24,0
CC(C)(C)c1cccc(-c2[c]c(OP(C(C)(C)C)C(C)(C)C)ccc2)n1,3,3,1.0,1.0,1.0,1.0,1.0,1.0,3,0,23,0
[CH2][C@@H]1C[CH]~[C](C)~[CH]C1(C)C,4,4,1.0,1.0,1.0,1.0,1.0,1.0,4,0,6,0
COc1cc(P(CCP(c2ccccc2)c2cc(OC)c(OC)c(OC)c2OC)c2ccccc2)c(OC)c(OC)c1OC,2,2,1.0,1.0,1.0,1.0,1.0,1.0,2,0,42,0
COC(=O)/[C]=C1\COC\C1=[C]/c1ccccc1,2,2,1.0,1.0,1.0,1.0,1.0,1.0,2,0,15,0
CCOC(=O)c1cc(C)nc(C(=O)OCC)c1,6,2,0.0,0.0,0.5378787878787878,0.16666666666666666,0.9090909090909091,0.6470588235294118,1,1,10,5
Cc1ccc(S(=O)(=O)[N-]C(=O)c2[c]cccc2Cl)cc1,2,2,1.0,1.0,1.0,1.0,1.0,1.0,2,0,18,0
C=C(C)c1ccccc1P(c1ccccc1C(C)C)c1ccccc1C(C)C,3,3,1.0,1.0,1.0,1.0,1.0,1.0,3,0,25,0
Cn1ccnc1/C=N/c1cccc2ccccc12,2,2,1.0,1.0,1.0,1.0,1.0,1.0,2,0,16,0
CC(=N)c1[c]cccn1,2,2,1.0,1.0,1.0,1.0,1.0,1.0,2,0,7,0
c1ccc(P(CNN=C2c3ccccc3-c3ccccc32)c2ccccc2)cc1,1,2,0.0,0.0,0.9821428571428572,1.0,0.9642857142857143,0.9655172413793104,1,1,27,0
O=[C]c1cccc(C2OCCO2)c1P(c1ccccc1)c1ccccc1,2,2,1.0,1.0,1.0,1.0,1.0,1.0,2,0,24,0
[S-2]~[C](~[S-2])N(Cc1ccncc1)Cc1cccnc1,2,3,0.0,0.0,0.96875,1.0,0.9375,0.9444444444444444,2,1,15,0
COc1cccc2c1C(=O)[C@@]13CCC[C@@H]1[C@@H]1CCC[C@@H]1[C@@]23O,6,6,1.0,1.0,1.0,1.0,1.0,1.0,6,0,16,0
COc1cccc2c1C(=O)[C@@]13CCC[C@@H]1CC[C@@]23O,6,6,1.0,1.0,1.0,1.0,1.0,1.0,6,0,13,0
COc1cccc2c1[C@@]1(O)CC[C@@H]3CCC[C@@]31C2=O,6,6,1.0,1.0,1.0,1.0,1.0,1.0,6,0,13,0
COc1cccc2c1C(=O)C21OCCO1,6,6,1.0,1.0,1.0,1.0,1.0,1.0,6,0,9,0
COS(=O)(=O)[S-],1,1,1.0,1.0,1.0,1.0,1.0,1.0,1,0,5,0
Cc1cccc(/C=N/[S@@](=O)C(C)(C)C)c1-c1c(C)cccc1P(c1ccccc1)c1ccccc1,2,1,0.0,0.0,0.75,0.5,1.0,0.9714285714285714,1,0,33,1
CN1CCN=C1c1ccccn1,2,2,1.0,1.0,1.0,1.0,1.0,1.0,2,0,10,0
N#CC(P(C(C#N)=P(c1ccccc1)(c1ccccc1)c1ccccc1)c1ccccc1)=P(c1ccccc1)(c1ccccc1)c1ccccc1,1,1,1.0,1.0,1.0,1.0,1.0,1.0,1,0,50,0
Nc1ncnc2c1ncn2CCO,1,3,0.0,0.0,0.9166666666666667,1.0,0.8333333333333334,0.8461538461538461,1,2,10,0
CC(C)c1cccc(C(C)C)c1/N=C1\CCCc2cc3ccccc3nc21,2,2,1.0,1.0,1.0,1.0,1.0,1.0,2,0,25,0
CC(C)c1cccc(C(C)C)c1/N=C/c1cc(C(C)(C)C)cc(/C=N/c2c(C(C)C)cccc2C(C)C)c1[O-],2,3,0.0,0.0,0.9864864864864865,1.0,0.972972972972973,0.9743589743589743,2,1,36,0
O=C(Nc1cccnc1)c1ccncc1,1,2,0.0,0.0,0.9642857142857143,1.0,0.9285714285714286,0.9333333333333333,1,1,13,0
c1ccc(P(c2ccccc2)c2nc3ccccc3s2)cc1,1,1,1.0,1.0,1.0,1.0,1.0,1.0,1,0,21,0
Cc1c2c(c(C)c3ccccc13)SCCSCCS2,3,5,0.0,0.0,0.9375,1.0,0.875,0.8947368421052632,3,2,14,0
CC1=C(C)[C@]2(C)[C@H](c3ccccc3)N(C)P3N(C)[C@@H](c4ccco4)[C@@]1(C)[C@@]32C,1,1,1.0,1.0,1.0,1.0,1.0,1.0,1,0,27,0
O=[N+]([O-])c1ccccc1OC/C([O-])=N/N=C/c1ccccc1[O-],3,3,1.0,1.0,1.0,1.0,1.0,1.0,3,0,20,0
C[C](~[O-2])~[CH]~[C](C)~[N-2]c1ccccc1P(c1ccccc1)c1ccccc1,3,3,1.0,1.0,1.0,1.0,1.0,1.0,3,0,23,0
CC(C)=[C][C@@H](CP(c1ccccc1)c1ccccc1)P(c1ccccc1)c1ccccc1,3,3,1.0,1.0,1.0,1.0,1.0,1.0,3,0,29,0
CC([C]=c1ccc(=C(C#N)C#N)cc1)=C(C#N)C#N,1,1,1.0,1.0,1.0,1.0,1.0,1.0,1,0,18,0
CC1=CS(=O)(=O)C=C1C,4,4,1.0,1.0,1.0,1.0,1.0,1.0,4,0,5,0
Cc1cc([N-]c2cc(C)cc3cccnc23)c2ncccc2c1,3,3,1.0,1.0,1.0,1.0,1.0,1.0,3,0,20,0
CCN(CC)[C](~[S-2])~[N-3]~[C](~[O-2])c1cccs1,2,2,1.0,1.0,1.0,1.0,1.0,1.0,2,0,13,0
CN(C)[C](~[S-2])~[N-3]~[C](~[O-2])c1cccs1,2,2,1.0,1.0,1.0,1.0,1.0,1.0,2,0,11,0
CCN(CC)C[C@H](Cc1ccccc1)N(Cc1cc(C)cc(C)c1[O-])Cc1cc(C)cc(C)c1[O-],4,4,1.0,1.0,1.0,1.0,1.0,1.0,4,0,31,0
[c]1ccccc1-c1cccc(-c2[c]ccc(-c3ccccc3)c2)n1,3,3,1.0,1.0,1.0,1.0,1.0,1.0,3,0,21,0
[C](NC1CCCCC1)NC1CCCCC1,1,1,1.0,1.0,1.0,1.0,1.0,1.0,1,0,14,0
CCC1=C(CC)c2cc3[n-]c(c4nc(cc5[n-]c(ccc1n2)c(CC)c5CC)C(CC)=C4CC)c(CC)c3CC,4,4,1.0,1.0,1.0,1.0,1.0,1.0,4,0,36,0
CC1=C(C)c2cc3[n-]c(c4nc(cc5[n-]c(ccc1n2)c(C)c5C)C(C)=C4C)c(C)c3C,4,4,1.0,1.0,1.0,1.0,1.0,1.0,4,0,28,0
O=[N+]([O-])c1ccc(/C=C/c2ccc(Br)cc2)cc1,2,2,1.0,1.0,1.0,1.0,1.0,1.0,2,0,16,0
c1ccc(Cn2cccc/c2=N\CC/N=c2\ccccn2Cc2ccccc2)cc1,2,2,1.0,1.0,1.0,1.0,1.0,1.0,2,0,28,0
c1ccc(Cn2cccc/c2=N\CCN(CC/N=c2\ccccn2Cc2ccccc2)CC/N=c2\ccccn2Cc2ccccc2)cc1,4,4,1.0,1.0,1.0,1.0,1.0,1.0,4,0,45,0
O=C1C(c2ccccc2)=C(c2ccc3ccccc3c2)C(c2ccc3ccccc3c2)=C1c1ccccc1,5,5,1.0,1.0,1.0,1.0,1.0,1.0,5,0,33,0
Cc1cc(C)cc(C2=C(c3ccc4ccccc4c3)C(c3ccc4ccccc4c3)=C(c3cc(C)cc(C)c3)C2=O)c1,5,5,1.0,1.0,1.0,1.0,1.0,1.0,5,0,37,0
CN1C(C(F)(F)F)=CC=C[C@@H]1N1CCCCC1,2,2,1.0,1.0,1.0,1.0,1.0,1.0,2,0,15,0
C=C/C=C/C(=[NH+]\C)C(F)(F)F,2,4,0.0,0.0,0.8888888888888888,1.0,0.7777777777777778,0.8181818181818182,2,2,7,0
CN1C=CC=CC1,2,5,0.0,0.0,0.7,1.0,0.4,0.5714285714285714,2,3,2,0
C[N+]1=CCC=CC1,2,3,0.0,0.0,0.55,0.5,0.6,0.5714285714285714,1,2,3,1
CN1C(=O)CN=C(c2[c]cccc2)c2cc(Cl)ccc21,2,2,1.0,1.0,1.0,1.0,1.0,1.0,2,0,18,0
CN(CCO)c1ccc(/C=C/c2ccncc2)cc1,1,2,0.0,0.0,0.9722222222222222,1.0,0.9444444444444444,0.9473684210526315,1,1,17,0
O=C([O-])c1cccc(C(F)(F)F)c1,1,2,0.0,0.0,0.9583333333333333,1.0,0.9166666666666666,0.9230769230769231,1,1,11,0
Cc1cc(C)c(NC(=N\Cc2ccccn2)/C(=N/Cc2ccccn2)Nc2c(C)cc(C)cc2C)c(C)c1,4,4,1.0,1.0,1.0,1.0,1.0,1.0,4,0,34,0
[O-]c1ccccc1/C=N/CCSCCSCC/N=C/c1ccccc1O,6,6,1.0,1.0,1.0,1.0,1.0,1.0,6,0,20,0
CCCCSc1sc([C]OCC)cc1-c1ccsc1,1,1,1.0,1.0,1.0,1.0,1.0,1.0,1,0,18,0
COc1ccc(Nc2ccc(/N=N/c3ccccn3)cc2)cc1,2,2,1.0,1.0,1.0,1.0,1.0,1.0,2,0,21,0
ClC(P(c1ccccc1)c1ccccc1)P(c1ccccc1)c1ccccc1,2,2,1.0,1.0,1.0,1.0,1.0,1.0,2,0,26,0
[O-]c1ccccc1C1=[NH+]CCN1,1,1,1.0,1.0,1.0,1.0,1.0,1.0,1,0,11,0
CC(C)(C)c1cc(C(C)(C)C)c(/C=[NH+]/c2cccc3c2Oc2c(/[NH+]=C/c4c(C(C)(C)C)cc(C(C)(C)C)c([O-])c4[O-])cccc2C3(C)C)c([O-])c1[O-],4,4,1.0,1.0,1.0,1.0,1.0,1.0,4,0,48,0
FC(F)(F)c1cc(C(F)(F)F)c2nc(-c3cccc(-c4nc5c(C(F)(F)F)cc(C(F)(F)F)cc5[n-]4)n3)[n-]c2c1,3,3,1.0,1.0,1.0,1.0,1.0,1.0,3,0,37,0
Cc1ccccc1P(Cc1cccc(CP(c2ccccc2C)c2ccccc2C)n1)c1ccccc1C,3,3,1.0,1.0,1.0,1.0,1.0,1.0,3,0,35,0
Cc1ncc(CO)c(/C=N/CC/N=C/c2c(CO)c[nH+]c(C)c2[O-])c1[O-],4,4,1.0,1.0,1.0,1.0,1.0,1.0,4,0,22,0
CCO[C]c1ccsc1[C]OCC,2,2,1.0,1.0,1.0,1.0,1.0,1.0,2,0,11,0
F[B-](OP(c1ccco1)c1ccco1)(OP(c1ccco1)c1ccco1)OP(c1ccco1)c1ccco1,3,3,1.0,1.0,1.0,1.0,1.0,1.0,3,0,35,0
CC(C)(C)c1cc2c(O)c(c1)Cc1cc(C(C)(C)C)cc(c1O)Cc1cc(C(C)(C)C)cc(c1OCCOc1ccccc1CNc1ccccc1CN(Cc1ccccn1)Cc1ccccn1)Cc1cc(C(C)(C)C)cc(c1O)C2,4,6,0.0,0.0,0.987012987012987,1.0,0.974025974025974,0.9753086419753086,4,2,75,0
Cc1cccc(C)c1[N-]c1ccccc1/C=N/c1ccccc1/N=C/c1ccccc1[N-]c1c(C)cccc1C,4,4,1.0,1.0,1.0,1.0,1.0,1.0,4,0,36,0
CN1[C]N(C)[N+](C)=C1c1ccccc1,1,1,1.0,1.0,1.0,1.0,1.0,1.0,1,0,13,0
C[Si](C)(C)N([N-]c1ccccc1)[Si](C)(C)C,1,1,1.0,1.0,1.0,1.0,1.0,1.0,1,0,15,0
COc1c(C)cnc(CN(CCn2nc(C)cc2C)CCn2nc(C)cc2C)c1C,4,4,1.0,1.0,1.0,1.0,1.0,1.0,4,0,26,0
COc1cccc(/C=N/NC(=O)c2cnccn2)c1O,1,4,0.0,0.0,0.9210526315789473,1.0,0.8421052631578947,0.85,1,3,16,0
CCOc1cccc(/C=N/NC(=O)c2cnccn2)c1O,1,4,0.0,0.0,0.925,1.0,0.85,0.8571428571428571,1,3,17,0
O=C([O-])C[N-]S(=O)(=O)c1cccc([N+](=O)[O-])c1,2,3,0.0,0.0,0.9666666666666667,1.0,0.9333333333333333,0.9411764705882353,2,1,14,0
[O-]/C(=N\N=C\c1ccccc1OCCOc1ccccc1/C=N/N=C(\[O-])c1ccccc1O)c1ccccc1O,6,4,0.0,0.0,0.8333333333333333,0.6666666666666666,1.0,0.95,4,0,34,2
CN(/N=C(\c1ccccc1)c1ccccn1)c1nc2ccccc2s1,3,3,1.0,1.0,1.0,1.0,1.0,1.0,3,0,22,0
CC(=O)P(c1ccccc1)c1ccccc1,1,1,1.0,1.0,1.0,1.0,1.0,1.0,1,0,15,0
[C]#Cc1ccc([N-2](~[O-2])~[O-2])cc1C,1,3,0.0,0.0,0.9090909090909092,1.0,0.8181818181818182,0.8333333333333334,1,2,9,0
Oc1ccc(CN(CCc2[c][nH]c3ccccc23)Cc2ccccn2)cc1,3,3,1.0,1.0,1.0,1.0,1.0,1.0,3,0,24,0
COC(c1ccccc1[O-])(c1nc2ccccc2n1C)c1nc2ccccc2n1C,3,3,1.0,1.0,1.0,1.0,1.0,1.0,3,0,27,0
CC(C)P(c1cccc2cccc(P(C(C)C)C(C)C)c12)C(C)C,2,2,1.0,1.0,1.0,1.0,1.0,1.0,2,0,22,0
C[C](~[N+]=C1[N+](c2c(C)cc(C)cc2C)=CC=[N+]1c1c(C)cc(C)cc1C)~[N-2]c1c(C)cccc1C,2,2,1.0,1.0,1.0,1.0,1.0,1.0,2,0,33,0
CC(C)(C)P1CC1,1,1,1.0,1.0,1.0,1.0,1.0,1.0,1,0,6,0
O=C(N/N=C/c1ccncc1)c1ccncc1,1,3,0.0,0.0,0.9375,1.0,0.875,0.8823529411764706,1,2,14,0
Cc1c(CSC#N)c(C)c(CSC#N)c(C)c1CSC#N,3,3,1.0,1.0,1.0,1.0,1.0,1.0,3,0,18,0
O=C(CCl)NCCc1ccccc1,6,0,0.0,0.0,0.5,0.0,1.0,0.5384615384615384,0,0,7,6
CCCCCCCCCCCCCCCCS(=O)(=O)[O-],1,1,1.0,1.0,1.0,1.0,1.0,1.0,1,0,19,0
CN([C](~[S-2])~[S-2])C1CCCCC1,2,2,1.0,1.0,1.0,1.0,1.0,1.0,2,0,9,0
CC(C)(C)c1cc(/C=N/CCN(Cc2cc(C(C)(C)C)cc(C(C)(C)C)c2[O-])c2ccccc2)c([O-])c(C(C)(C)C)c1,4,4,1.0,1.0,1.0,1.0,1.0,1.0,4,0,38,0
N#CCCn1ccnc1Cc1nccn1CCC#N,2,2,1.0,1.0,1.0,1.0,1.0,1.0,2,0,17,0
COc1ccc(-c2c3nc(c(-c4ccc(OC)cc4)c4ccc([n-]4)c4ccc([n-]4)c(-c4ccc(OC)cc4)c4ccc2[n-]4)C=C3)cc1,4,4,1.0,1.0,1.0,1.0,1.0,1.0,4,0,43,0
[O-]c1c(Cl)cc(Cl)cc1/C=N/N=C(\[S-])Nc1ccccc1,3,3,1.0,1.0,1.0,1.0,1.0,1.0,3,0,18,0
COC(=N)C1=NC(C)(C)OC1=O,2,2,1.0,1.0,1.0,1.0,1.0,1.0,2,0,10,0
CCCCCCn1[nH+]c(C)c(/C(CC)=N/CC/N=C(\CC)c2c(C)[nH+]n(CCCCCC)c2[O-])c1[O-],4,4,1.0,1.0,1.0,1.0,1.0,1.0,4,0,32,0
[O-2]~[C](~[CH]~[C](~[O-2])[C@]12C[C@H]3C[C@H](C[C@H](C3)C1)C2)C(F)(F)F,2,2,1.0,1.0,1.0,1.0,1.0,1.0,2,0,17,0
O=C(Nc1ccncc1)c1cccc(OCc2ccccc2)c1OCc1ccccc1,1,1,1.0,1.0,1.0,1.0,1.0,1.0,1,0,30,0
Cc1cc2c([O-])c(c1C)Cc1cc(C)c(C)c(c1[O-])Cc1cc(C)c(C)c(c1[O-])Cc1cc(C)c(C)c(c1[O-])C2,4,4,1.0,1.0,1.0,1.0,1.0,1.0,4,0,36,0
CS/C(=N/N=C(\C)c1ccccc1[O-])[N-]c1ccccc1,3,3,1.0,1.0,1.0,1.0,1.0,1.0,3,0,18,0
CC(C)N(B1C=CC=CC=C1)C(C)C,6,6,1.0,1.0,1.0,1.0,1.0,1.0,6,0,8,0
CCCCCCCCCCC[C@H]1c2cc3c4cc2Oc2nc5ccccc5nc2Oc2cc5c(cc21)[C@H](CCCCCCCCCCC)c1cc2c(cc1Oc1nc6ccccc6nc1O5)OP(N(C)C)Oc1cc(c(cc1[C@H]2CCCCCCCCCCC)[C@@H]3CCCCCCCCCCC)Oc1nc2ccccc2nc1O4,1,7,0.0,0.0,0.9734513274336283,1.0,0.9469026548672567,0.9473684210526315,1,6,107,0
[NH-]c1ccccc1P(c1ccccc1)c1ccccc1,2,2,1.0,1.0,1.0,1.0,1.0,1.0,2,0,18,0
CCCC#N,1,1,1.0,1.0,1.0,1.0,1.0,1.0,1,0,4,0
O=C1NCCN1c1ccnc2c1ccc1c(N3CCNC3=O)ccnc12,2,4,0.0,0.0,0.9583333333333333,1.0,0.9166666666666666,0.9230769230769231,2,2,22,0
C1=N/CCCN2CCCN[C@H]2c2cccc(n2)/C=N/CCCN2CCCN[C@H]2c2cccc/1n2,5,8,0.0,0.0,0.9482758620689655,1.0,0.896551724137931,0.9117647058823529,5,3,26,0
N/C([S-])=N/N=C\C1=CCCOC1,2,2,1.0,1.0,1.0,1.0,1.0,1.0,2,0,10,0
C[C@@H]1CC[C@@H](C)P1CN(CP1[C@H](C)CC[C@H]1C)[C@]12C[C@H]3C[C@H](C[C@H](C3)C1)C2,2,2,1.0,1.0,1.0,1.0,1.0,1.0,2,0,25,0
C[C](/C=C(/C)[O-])/C=[N+](\[O-])c1ccccc1,3,5,0.0,0.0,0.9166666666666667,1.0,0.8333333333333334,0.8666666666666667,3,2,10,0
C[Si](C)(C)C#Cc1c(C#C[Si](C)(C)C)c2[n-]c1c(-c1ccccc1)c1nc(c(-c3ccccc3)c3[n-]c(c(C#C[Si](C)(C)C)c3C#C[Si](C)(C)C)c(-c3ccccc3)c3nc(c2-c2ccccc2)C=C3)C=C1,4,4,1.0,1.0,1.0,1.0,1.0,1.0,4,0,68,0
[CH2]/C=C\CC(=[N-])CC,2,2,1.0,1.0,1.0,1.0,1.0,1.0,2,0,6,0
O=C([N-]c1cccc(NC(=O)C(F)(F)F)c1[S-])C(F)(F)F,2,2,1.0,1.0,1.0,1.0,1.0,1.0,2,0,19,0
O=C[CH]~[CH]~[CH]~[C](~[CH]c1ccccc1)c1ccccc1,5,5,1.0,1.0,1.0,1.0,1.0,1.0,5,0,14,0
Cc1cc(C)c([N-]c2cccc(N3CCOCC3)n2)c(C)c1,2,2,1.0,1.0,1.0,1.0,1.0,1.0,2,0,20,0
[CH2]CN(Cc1ccccc1)Cc1ccccc1,1,2,0.0,0.0,0.96875,1.0,0.9375,0.9411764705882353,1,1,15,0
c1ccc(-c2nc3ccccc3n2CCCCn2c3ccccc3c3ccccc32)nc1,2,2,1.0,1.0,1.0,1.0,1.0,1.0,2,0,30,0
[C]#Cc1ccc(/N=N/c2ccc(/C=C/c3ccc([N+](=O)[O-])cc3)cc2)cc1,1,1,1.0,1.0,1.0,1.0,1.0,1.0,1,0,26,0
O=C([N-]c1cccnc1[N-]C(=O)c1ccccn1)c1ccccn1,4,4,1.0,1.0,1.0,1.0,1.0,1.0,4,0,20,0
O=C([N-]c1ccc[nH+]c1[N-]C(=O)c1ccccn1)c1ccccn1,4,4,1.0,1.0,1.0,1.0,1.0,1.0,4,0,20,0
C=CC(=O)OCc1ccccc1,2,0,0.0,0.0,0.5,0.0,1.0,0.8333333333333334,0,0,10,2
Cc1cc(C)c(S(=O)(=O)[N-]c2nc(N)nc(-c3ccccc3)n2)c(C)c1,2,3,0.0,0.0,0.9791666666666667,1.0,0.9583333333333334,0.9615384615384616,2,1,23,0
C/C(=N/NC(=O)c1ccccc1)c1cccs1,2,3,0.0,0.0,0.9666666666666667,1.0,0.9333333333333333,0.9411764705882353,2,1,14,0
C/[NH+]=C/c1cc(C)cc(CN(CCN(Cc2ccccn2)Cc2cc(C)cc(/C=[NH+]/C)c2[O-])Cc2ccccn2)c1[O-],6,6,1.0,1.0,1.0,1.0,1.0,1.0,6,0,36,0
[NH-]c1ccc([N+](=O)[O-])cc1,1,1,1.0,1.0,1.0,1.0,1.0,1.0,1,0,9,0
COC(=O)c1cccc2nc[n-]c12,2,2,1.0,1.0,1.0,1.0,1.0,1.0,2,0,11,0
CO/N=C(\[O-])c1cccc2nn[nH]c12,2,2,1.0,1.0,1.0,1.0,1.0,1.0,2,0,12,0
CNC(=O)c1ccccc1[S-],1,2,0.0,0.0,0.95,1.0,0.9,0.9090909090909091,1,1,9,0
[S-]/C1=C(\[S-])SCCOCCS1,2,2,1.0,1.0,1.0,1.0,1.0,1.0,2,0,9,0
CN(C)C(=NP(N=C(N(C)C)N(C)C)N=C(N(C)C)N(C)C)N(C)C,1,1,1.0,1.0,1.0,1.0,1.0,1.0,1,0,24,0
CC(C)OP([S-])(=NC(=S)Nc1ccc2c(c1)OCCOCCOCCOCCO2)OC(C)C,2,5,0.0,0.0,0.9516129032258065,1.0,0.9032258064516129,0.9090909090909091,2,3,28,0
O=C([N-]C(=O)c1cnccn1)c1ccccn1,3,3,1.0,1.0,1.0,1.0,1.0,1.0,3,0,14,0
Cc1c(/C=N/N=C(\[S-])N(C)C)c(=O)n(-c2ccccc2)n1C,3,3,1.0,1.0,1.0,1.0,1.0,1.0,3,0,19,0
CC1(C)COC(c2ccccc2/N=C(/Nc2[c]cccc2)c2ccccc2)=N1,3,3,1.0,1.0,1.0,1.0,1.0,1.0,3,0,25,0
CC1(C)c2ccccc2N(c2cccc(-n3ccc(-c4ccccc4)n3)n2)c2ccccc21,2,2,1.0,1.0,1.0,1.0,1.0,1.0,2,0,31,0
[c]1c(-n2c3ccccc3c3cccnc32)ccc2c3ccccc3n(-c3[c]c4c(cc3)c3ccccc3n4-c3ccccn3)c12,4,4,1.0,1.0,1.0,1.0,1.0,1.0,4,0,41,0
CC(C)(C)c1ccc2c(c1)C(c1[c]c(-c3[c]c(C4(c5ccccn5)c5cc(C(C)(C)C)ccc5-c5ccc(C(C)(C)C)cc54)ccc3)ccc1)(c1ccccn1)c1cc(C(C)(C)C)ccc1-2,4,4,1.0,1.0,1.0,1.0,1.0,1.0,4,0,62,0
O=C1c2ccccc2C(=O)c2c(/N=N/c3c([O-])ccc4ccccc34)cccc21,2,3,0.0,0.0,0.9814814814814814,1.0,0.9629629629629629,0.9655172413793104,2,1,26,0
NCC[C]([N+](=O)[O-])[N+](=O)[O-],2,2,1.0,1.0,1.0,1.0,1.0,1.0,2,0,8,0
S=c1[n-]nc(-c2ccncc2)[nH]1,1,3,0.0,0.0,0.9090909090909092,1.0,0.8181818181818182,0.8333333333333334,1,2,9,0
CCO[C@H]1Oc2ccc(Br)cc2[C](~[O-2])~[C]1~[CH]~[O-2],2,2,1.0,1.0,1.0,1.0,1.0,1.0,2,0,15,0
Cc1ccc([N-]c2ccccc2/C=N/c2c(C(C)C)cccc2C(C)C)cc1,2,2,1.0,1.0,1.0,1.0,1.0,1.0,2,0,26,0
O=C(N/N=C/c1[c]cc2ccccc2c1)c1ccccc1,3,3,1.0,1.0,1.0,1.0,1.0,1.0,3,0,18,0
COc1ccc(OC)c(/C=C(\C#N)C(=O)[O-])c1,1,2,0.0,0.0,0.96875,1.0,0.9375,0.9411764705882353,1,1,15,0
CC1=C(C)N(C)C(=[SiH2])N1C,1,1,1.0,1.0,1.0,1.0,1.0,1.0,1,0,9,0
O/N=C(C(=N/O)/c1c(F)c(F)c(F)c(F)c1F)\c1c(F)c(F)c(F)c(F)c1F,2,2,1.0,1.0,1.0,1.0,1.0,1.0,2,0,26,0
[C](\Cc1ccccc1)=N/c1ccccn1,2,2,1.0,1.0,1.0,1.0,1.0,1.0,2,0,13,0
CC(C)(C)P(c1ccccc1N1Cc2ccc3c(c2-c2c(ccc4c2CCCC4)C1)CCCC3)C(C)(C)C,1,2,0.0,0.0,0.9864864864864865,1.0,0.972972972972973,0.9736842105263158,1,1,36,0
Clc1[c]nc2ccccc2n1,1,1,1.0,1.0,1.0,1.0,1.0,1.0,1,0,10,0
CCC(=N)NCC(=O)OC,1,1,1.0,1.0,1.0,1.0,1.0,1.0,1,0,9,0
Cc1ccc(P(Cc2nccn2C)c2ccc(C)cc2)cc1,1,2,0.0,0.0,0.9761904761904762,1.0,0.9523809523809523,0.9545454545454546,1,1,20,0
[S-]c1ccccc1-p1c2ccccc2c2ccccc21,2,2,1.0,1.0,1.0,1.0,1.0,1.0,2,0,18,0
CO[Si](c1ccccc1)(c1ccccc1)c1ccccc1,6,0,0.0,0.0,0.5,0.0,1.0,0.7142857142857143,0,0,15,6
CN(C)CCN(Cc1cc(C(C)(C)C)cc(C(c2ccccc2)(c2ccccc2)c2ccccc2)c1[O-])Cc1cc(C(C)(C)C)cc(C(c2ccccc2)(c2ccccc2)c2ccccc2)c1[O-],4,4,1.0,1.0,1.0,1.0,1.0,1.0,4,0,64,0
c1ccc(P(c2ccccc2)c2cc(-c3ccccn3)nc(-c3ccccn3)c2)cc1,1,4,0.0,0.0,0.95,1.0,0.9,0.9032258064516129,1,3,27,0
O=P(c1ccccc1)(c1ccccc1)c1cc(-c2ccccn2)nc(-c2ccccn2)c1,3,3,1.0,1.0,1.0,1.0,1.0,1.0,3,0,29,0
S=[P+]([S-])c1ccccc1,2,3,0.0,0.0,0.9285714285714286,1.0,0.8571428571428571,0.8888888888888888,2,1,6,0
CC(C)(C)OC(=O)/C(F)=[C]/F,2,2,1.0,1.0,1.0,1.0,1.0,1.0,2,0,9,0
[c]1c2ccccc2cc2c1c1ccccc1c1ccccc21,1,1,1.0,1.0,1.0,1.0,1.0,1.0,1,0,21,0
[c]1cccc2c1c1cc3ccccc3cc1c1ccccc21,1,1,1.0,1.0,1.0,1.0,1.0,1.0,1,0,21,0
C[C](~[CH]~[C](~[N-2]c1ccccc1)c1ccccc1)~[N-2]c1ccccc1,2,2,1.0,1.0,1.0,1.0,1.0,1.0,2,0,22,0
COc1ccc(/C=N/[N-]C(=O)c2ccc([N+](=O)[O-])cc2)c(OC)c1,1,3,0.0,0.0,0.9565217391304348,1.0,0.9130434782608695,0.9166666666666666,1,2,21,0
C/[NH+]=c1\c(C)c([N+](=O)[O-])ccn1[O-],2,1,0.0,0.0,0.75,0.5,1.0,0.9230769230769231,1,0,11,1
CC(C)(C)c1cc(-c2nc3ccccc3n2C(=O)c2ccccc2)[c]c(-c2nc3ccccc3n2C(=O)c2ccccc2)c1,3,3,1.0,1.0,1.0,1.0,1.0,1.0,3,0,41,0
CO[C@@]1(C)C[C@@]2(C)C=C[C@@H]1C=C2c1ccc(C(C)(C)C)cc1,4,4,1.0,1.0,1.0,1.0,1.0,1.0,4,0,18,0
CCP(CC)(CC)=N[Si](C)(C)N=P(CC)(CC)CC,2,2,1.0,1.0,1.0,1.0,1.0,1.0,2,0,17,0
O=C(Nc1ccccc1P(c1ccccc1)c1ccccc1)C(F)(F)F,1,2,0.0,0.0,0.98,1.0,0.96,0.9615384615384616,1,1,24,0
[CH]=C(/C=[C]/C1=C([C]/[C]=C(/c2ccccc2)[P+](c2ccccc2)(c2ccccc2)c2ccccc2)CC(C(=O)OC)(C(=O)OC)C1)[P+](c1ccccc1)(c1ccccc1)c1ccccc1,4,4,1.0,1.0,1.0,1.0,1.0,1.0,4,0,60,0
[CH]/C(=C\[C]=C1/COCC1=C=C)[P+](c1ccccc1)(c1ccccc1)c1ccccc1,4,4,1.0,1.0,1.0,1.0,1.0,1.0,4,0,26,0
[CH]=C([C@@H](O)C#CCCCCC#C)[P+](c1ccccc1)(c1ccccc1)c1ccccc1,3,5,0.0,0.0,0.7797619047619048,0.6666666666666666,0.8928571428571429,0.8709677419354839,2,3,25,1
[S-]c1cc2nc(-c3cccnc3)c(-c3cccnc3)nc2cc1[S-],2,4,0.0,0.0,0.9545454545454546,1.0,0.9090909090909091,0.9166666666666666,2,2,20,0
CCCCCCCCCCOc1ccc(/C([O-])=N/N=C/c2ccccn2)cc1,3,3,1.0,1.0,1.0,1.0,1.0,1.0,3,0,25,0
c1nncnn1,1,0,0.0,0.0,0.5,0.0,1.0,0.8333333333333334,0,0,5,1
[O-]c1c(Cl)cc(Cl)cc1/C=N/c1ccc2c(c1-c1c(/N=C/c3cc(Cl)cc(Cl)c3[O-])ccc3c1CCCC3)CCCC2,4,4,1.0,1.0,1.0,1.0,1.0,1.0,4,0,38,0
O=c1cccc2n1C[C@@H]1CNC[C@H]2C1,1,1,1.0,1.0,1.0,1.0,1.0,1.0,1,0,13,0
c1cc(-c2ncc[nH]2)ccn1,1,1,1.0,1.0,1.0,1.0,1.0,1.0,1,0,10,0
CC(C)(C)P([N-2])C(C)(C)C,1,2,0.0,0.0,0.9444444444444444,1.0,0.8888888888888888,0.9,1,1,8,0
CS[P+]([O-])([S-])[S-],2,2,1.0,1.0,1.0,1.0,1.0,1.0,2,0,4,0
O=C([O-])CNCCO,3,4,0.0,0.0,0.9,1.0,0.8,0.875,3,1,4,0
[CH2]C(=C\c1ccccc1)/C([CH2])=C/c1ccccc1,2,2,1.0,1.0,1.0,1.0,1.0,1.0,2,0,16,0
CN[C@H](CSc1ccccc1)c1ccccc1[O-],2,3,0.0,0.0,0.96875,1.0,0.9375,0.9444444444444444,2,1,15,0
CN[C@H](CSCC[Si](C)(C)C)c1ccccc1O,2,2,1.0,1.0,1.0,1.0,1.0,1.0,2,0,16,0
CSP(SC)SC,1,1,1.0,1.0,1.0,1.0,1.0,1.0,1,0,6,0
CN(/N=C/c1ccccn1)c1nc2ccccc2o1,3,3,1.0,1.0,1.0,1.0,1.0,1.0,3,0,16,0
CN(/N=C/c1c[nH]cn1)c1nc2ccccc2o1,3,3,1.0,1.0,1.0,1.0,1.0,1.0,3,0,15,0
O=P(c1ccccc1)(c1ccccc1)[C@@H](Nc1ccccc1-c1nc2ccccc2s1)c1ccco1,1,3,0.0,0.0,0.9714285714285714,1.0,0.9428571428571428,0.9444444444444444,1,2,33,0
c1cnc2c(c1)cc(-c1cc3cccnc3c3ncccc13)c1cccnc12,2,4,0.0,0.0,0.9615384615384616,1.0,0.9230769230769231,0.9285714285714286,2,2,24,0
[CH2]~[C](~[CH2])OCC,3,3,1.0,1.0,1.0,1.0,1.0,1.0,3,0,3,0
CCCCCCCCCCSc1cc2nc3c4cccnc4c4ncccc4c3nc2cc1SCCCCCCCCCC,2,2,1.0,1.0,1.0,1.0,1.0,1.0,2,0,42,0
N#CSc1cc2nc3c4cccnc4c4ncccc4c3nc2cc1SC#N,2,2,1.0,1.0,1.0,1.0,1.0,1.0,2,0,26,0
FC(F)(F)c1ccc(/N=N/c2ccc(C(F)(F)F)cc2)cc1,2,2,1.0,1.0,1.0,1.0,1.0,1.0,2,0,20,0
C=C1C[C@H]2[CH]~[CH]~[CH][C@H]2C1,3,3,1.0,1.0,1.0,1.0,1.0,1.0,3,0,6,0
COc1ccc(-c2cc3nc4c2cccc4c2ccc4cccc(c5cc(-c6ccc(OC)cc6)c6cccc(c7ccc8cccc3c8n7)c6n5)c4n2)cc1,4,4,1.0,1.0,1.0,1.0,1.0,1.0,4,0,52,0
Oc1ccc(-c2cc3nc4c2cccc4c2ccc4cccc(c5cc(-c6ccc(O)cc6)c6cccc(c7ccc8cccc3c8n7)c6n5)c4n2)cc1,4,4,1.0,1.0,1.0,1.0,1.0,1.0,4,0,50,0
C[C@@H](C[C@H](C)p1c2ccccc2c2ccccc21)p1c2ccccc2c2ccccc21,2,2,1.0,1.0,1.0,1.0,1.0,1.0,2,0,29,0
c1cc2nc(c1)-c1cccc(n1)-c1cccc(n1)CNCCC[NH2+]CCCNCCCNC2,5,6,0.0,0.0,0.9821428571428572,1.0,0.9642857142857143,0.9696969696969697,5,1,27,0
C/C=C(\[O-])C(C)=O,2,2,1.0,1.0,1.0,1.0,1.0,1.0,2,0,5,0
CO/C([O-])=C(\c1ccccc1)[C@@H]1/C(C)=N/c2ccccc2/N=C(C)/C=C(/C)[N-]c2ccccc2/N=C/1C,5,5,1.0,1.0,1.0,1.0,1.0,1.0,5,0,32,0
CC[C@H]1C[N@@H+]2CC[C@H]1C[C@@H]2[C@H](O)c1ccnc2ccccc12,1,1,1.0,1.0,1.0,1.0,1.0,1.0,1,0,21,0
C1=N/CCCC/N=C/c2ccccc2N2CCN(CC2)c2ccccc2/1,4,4,1.0,1.0,1.0,1.0,1.0,1.0,4,0,22,0
COC(=O)[C@H](Cc1c[nH]cn1)/N=C/c1ccccc1[O-],3,3,1.0,1.0,1.0,1.0,1.0,1.0,3,0,17,0
COc1ccc(N2CCN(CP(c3ccccc3)c3ccccc3)CC2)cc1,1,2,0.0,0.0,0.9814814814814814,1.0,0.9629629629629629,0.9642857142857143,1,1,26,0
COC(=O)[C@H](Cc1c[nH]cn1)/N=C/c1ccccc1O,3,3,1.0,1.0,1.0,1.0,1.0,1.0,3,0,17,0
O=C([O-])[C@H](Cc1c[nH+]c[nH]1)/N=C/c1ccccc1[O-],3,4,0.0,0.0,0.96875,1.0,0.9375,0.9473684210526315,3,1,15,0
CSc1nc([S-])c([S-])s1,2,2,1.0,1.0,1.0,1.0,1.0,1.0,2,0,7,0
CCSc1nc([S-])c([S-])s1,2,2,1.0,1.0,1.0,1.0,1.0,1.0,2,0,8,0
[O-]c1ccccc1-c1nc2c(F)c(F)c(F)c(F)c2s1,2,2,1.0,1.0,1.0,1.0,1.0,1.0,2,0,18,0
CCN(CC)c1ccc(/C=C/c2ccc(-n3ccnc3)cc2)cc1,1,1,1.0,1.0,1.0,1.0,1.0,1.0,1,0,23,0
O=C1NCCOc2ccc(cc2)OCCn2cc(nn2)-c2cccc(n2)-c2cn(nn2)CCOc2ccc(cc2)OCCNC(=O)c2cccc1c2,3,3,1.0,1.0,1.0,1.0,1.0,1.0,3,0,49,0
CC(C)c1cc(-c2ccccc2)cc(C(C)C)c1/N=C1C(=N/c2c(C(C)C)cc(-c3ccccc3)cc2C(C)C)/c2cccc3cccc/1c23,2,2,1.0,1.0,1.0,1.0,1.0,1.0,2,0,48,0
CC(C)(C)P(C[B@@-](C[P+](C)(C(C)(C)C)C(C)(C)C)(c1ccccc1)n1cccn1)C(C)(C)C,2,2,1.0,1.0,1.0,1.0,1.0,1.0,2,0,31,0
c1ccc(-c2cc(-c3ccc(-n4cccn4)cc3)cc(-c3ccccn3)n2)cc1,2,3,0.0,0.0,0.9814814814814814,1.0,0.9629629629629629,0.9655172413793104,2,1,26,0
COc1ccc(S(=O)(=O)Nc2cccc(N)c2)cc1,1,1,1.0,1.0,1.0,1.0,1.0,1.0,1,0,18,0
Nc1cccc(NS(=O)(=O)c2ccccc2)c1,1,1,1.0,1.0,1.0,1.0,1.0,1.0,1,0,16,0
[O-]c1ccccc1/C=N/N=C(\[S-])NC1CCCCC1,3,3,1.0,1.0,1.0,1.0,1.0,1.0,3,0,16,0
ClC1=N/C(=C(/c2ccccc2)c2ccc(Cl)[n-]2)C=C1,2,2,1.0,1.0,1.0,1.0,1.0,1.0,2,0,17,0
CC(=O)C(/C=N/c1cccc2cccnc12)=C(\C)[O-],3,3,1.0,1.0,1.0,1.0,1.0,1.0,3,0,16,0
CCOC(=O)[C@]12C(C)=C(C)[C@]3(C)[C@H]1P(C1(C)C(C)=C(C)C(C)=C1C)P1[C@@]2(C)[C@@]13C,1,2,0.0,0.0,0.9821428571428572,1.0,0.9642857142857143,0.9655172413793104,1,1,27,0
Cc1cc([C@]23C[C@H]4C[C@H](C[C@H](C4)C2)C3)[nH]n1,1,1,1.0,1.0,1.0,1.0,1.0,1.0,1,0,15,0
Cc1cc(C)c(C)c(B2C(c3ccccc3)=C(c3ccccc3)B(N([Si](C)(C)C)[Si](C)(C)C)C(c3ccccc3)=C2c2ccccc2)c1C,4,5,0.0,0.0,0.9888888888888889,1.0,0.9777777777777777,0.9795918367346939,4,1,44,0
Cc1ccc(-n2c(-c3cc(-c4ccccn4)nc(-c4ccccn4)c3)nnc2-c2ccccn2)cc1,3,5,0.0,0.0,0.9696969696969697,1.0,0.9393939393939394,0.9444444444444444,3,2,31,0
Cn1c(C(c2nc(-c3ccccc3)c(-c3ccccc3)n2C)c2nc(-c3ccccc3)c(-c3ccccc3)n2C)nc(-c2ccccc2)c1-c1ccccc1,3,3,1.0,1.0,1.0,1.0,1.0,1.0,3,0,52,0
c1cc(-c2nccs2)nc(-c2nccs2)c1,3,3,1.0,1.0,1.0,1.0,1.0,1.0,3,0,13,0
Oc1ccc(Cl)cc1-c1cc(-c2ccccn2)nc(-c2ccccn2)c1,3,3,1.0,1.0,1.0,1.0,1.0,1.0,3,0,23,0
Oc1c(Cl)cccc1-c1cc(-c2ccccn2)nc(-c2ccccn2)c1,3,3,1.0,1.0,1.0,1.0,1.0,1.0,3,0,23,0
Clc1ccc([C@H](Cn2ccnc2)OCc2c(Cl)cccc2Cl)c(Cl)c1,1,1,1.0,1.0,1.0,1.0,1.0,1.0,1,0,24,0
Cc1c(C)c(-c2c[c]c(-c3ccccn3)cc2)c(C)c(C)c1C#C[Si](C(C)C)(C(C)C)C(C)C,2,2,1.0,1.0,1.0,1.0,1.0,1.0,2,0,32,0
N#CC1(C#N)[C@@H]2[CH][C@@H](c3ccccc32)C1(C#N)C#N,1,1,1.0,1.0,1.0,1.0,1.0,1.0,1,0,18,0
O=C([CH][P+](CCP(c1ccccc1)c1ccccc1)(c1ccccc1)c1ccccc1)c1ccc(-c2ccccc2)cc1,2,2,1.0,1.0,1.0,1.0,1.0,1.0,2,0,41,0
COC(=O)[C@H](N)c1[c]cccc1,2,2,1.0,1.0,1.0,1.0,1.0,1.0,2,0,10,0
[O-]c1c(F)cccc1P(c1ccccc1)c1ccccc1,2,2,1.0,1.0,1.0,1.0,1.0,1.0,2,0,19,0
[S-]c1ccccc1/N=C/c1ccc(Br)cc1,2,2,1.0,1.0,1.0,1.0,1.0,1.0,2,0,14,0
CCC1=C(C)C2=N/C1=C\c1[n-]c(c(C)c1CC)/C=C1\N=C(C(C)=C1C)[C@H](c1ccc(C)cc1)[C@@]1(Cc3ccc(C)cc3)[N-]/C(=C\2)C(C)=C1C,4,4,1.0,1.0,1.0,1.0,1.0,1.0,4,0,45,0
COC(=O)CC1=C(C)C2=N/C1=C\c1[n-]c(c(C)c1CC(=O)OC)/C=C1\N=C(C(C)=C1C)[C@@H](c1ccc(C)cc1)[C@]1(Cc3ccc(C)cc3)[N-]/C(=C\2)C(C)=C1C,4,4,1.0,1.0,1.0,1.0,1.0,1.0,4,0,51,0
COC(=O)CC[C@]12[N-]/C(=C\C3=N/C(=C\c4[n-]c(c(C)c4C)/C=C4\N=C(C(C)=C4C)[C@H]1c1ccc(C)cc1)C(C)=C3C)C(C)=C2C,4,4,1.0,1.0,1.0,1.0,1.0,1.0,4,0,41,0
CCC1=C(C)C2=N/C1=C\c1[n-]c(c(C)c1CC)/C=C1\N=C(C(C)=C1C)[C@@H](c1ccc(C)cc1)[C@]1(C)[N-]/C(=C\2)C(C)=C1C,4,4,1.0,1.0,1.0,1.0,1.0,1.0,4,0,38,0
COC(=O)/[C]=C(/SC(c1[c]cccc1)(c1ccccc1)c1ccccc1)c1ccccc1,3,3,1.0,1.0,1.0,1.0,1.0,1.0,3,0,29,0
c1ccc(CN(Cc2ccccn2)C2CCCCCC2)nc1,3,3,1.0,1.0,1.0,1.0,1.0,1.0,3,0,19,0
c1ccc(CN(Cc2ccccn2)C2CCCC2)nc1,3,3,1.0,1.0,1.0,1.0,1.0,1.0,3,0,17,0
N#Cc1ccc(N=C([S-])[S-])cc1,2,2,1.0,1.0,1.0,1.0,1.0,1.0,2,0,10,0
C[C@H](CN(CC(N)=O)CC(N)=O)N(CC(N)=O)CC(N)=O,6,6,1.0,1.0,1.0,1.0,1.0,1.0,6,0,15,0
CNC(=O)CN(CC(=O)NC)C[C@@H](C)N(CC(=O)NC)CC(=O)NC,5,6,0.0,0.0,0.975,1.0,0.95,0.96,5,1,19,0
O=C([O-])CN(CCCCN(CC(=O)[O-])CC(=O)[O-])CC(=O)[O-],6,10,0.0,0.0,0.875,1.0,0.75,0.8181818181818182,6,4,12,0
CC(C)N(C(=S)c1cccc(C(=S)N(C(C)C)C(C)C)n1)C(C)C,3,3,1.0,1.0,1.0,1.0,1.0,1.0,3,0,21,0
N=Cc1ccccn1,2,2,1.0,1.0,1.0,1.0,1.0,1.0,2,0,6,0
Cc1cc(C)n(C(n2nc(C)cc2C)P(Oc2ccccc2)Oc2ccccc2)n1,3,3,1.0,1.0,1.0,1.0,1.0,1.0,3,0,27,0
Oc1cc(Br)ccc1-c1cc(-c2ccccn2)nc(-c2ccccn2)c1,3,3,1.0,1.0,1.0,1.0,1.0,1.0,3,0,23,0
CCc1cc(/C=N/CCNC)c([O-])c(/C=[NH+]/CC[NH2+]C)c1,3,3,1.0,1.0,1.0,1.0,1.0,1.0,3,0,18,0
[CH2]/C(C)=C\[CH]C,2,4,0.0,0.0,0.75,1.0,0.5,0.6666666666666666,2,2,2,0
[C]#CC(C#C)(c1ccccc1)c1ccccc1,1,1,1.0,1.0,1.0,1.0,1.0,1.0,1,0,16,0
Cc1ccccc1[CH][Si](C)(C)C,1,2,0.0,0.0,0.9545454545454546,1.0,0.9090909090909091,0.9166666666666666,1,1,10,0
CC1[Si](C)(C)c2cc([Si-](C)C)c([Si-](C)C)cc2[Si]1(C)C,2,2,1.0,1.0,1.0,1.0,1.0,1.0,2,0,18,0
O=C([O-])c1ccc(Cl)cc1[O-],2,3,0.0,0.0,0.9444444444444444,1.0,0.8888888888888888,0.9090909090909091,2,1,8,0
[CH2]N(CCN(C)C)Cc1ccccc1,3,3,1.0,1.0,1.0,1.0,1.0,1.0,3,0,11,0
C=C1C(CP(C(C)(C)C)C(C)(C)C)=C(C)C(=O)C(C)=C1CP(C(C)(C)C)C(C)(C)C,4,4,1.0,1.0,1.0,1.0,1.0,1.0,4,0,26,0
[C](=C/c1ccccn1)\c1ccccn1,2,3,0.0,0.0,0.9583333333333333,1.0,0.9166666666666666,0.9285714285714286,2,1,11,0
Cc1cc(C)c([O-])c(CN2CCN(C(C)C)CCN(C(C)C)CC2)c1,4,4,1.0,1.0,1.0,1.0,1.0,1.0,4,0,21,0
CC(C)[Si](C)(C)[C](~[P-3]~[P-2]C(C)(C)C)[Si](C)(C)C(C)C,3,3,1.0,1.0,1.0,1.0,1.0,1.0,3,0,16,0
CC(C)(C)PP(F)C([Si](C)(C)C)[Si](C)(C)C,2,2,1.0,1.0,1.0,1.0,1.0,1.0,2,0,14,0
Cc1cc(C)c([B-]2(c3c(C)cc(C)cc3C)Cc3cccnc3-c3[c]ccc[n+]32)c(C)c1,2,2,1.0,1.0,1.0,1.0,1.0,1.0,2,0,30,0
OC(O)c1ccc2ccccc2n1,2,3,0.0,0.0,0.9545454545454546,1.0,0.9090909090909091,0.9230769230769231,2,1,10,0
Cc1cpc([C@@]2(O)C[C@H]3CC[C@]2(C)C3(C)C)cc1C,1,2,0.0,0.0,0.9722222222222222,1.0,0.9444444444444444,0.9473684210526315,1,1,17,0
CC(C)[C@@H]1CC[C@@H](C)C[C@H]1P1CC(C)(C)C1(C)C,1,1,1.0,1.0,1.0,1.0,1.0,1.0,1,0,17,0
c1ccc(P(c2ccccc2)N(/C(=[N+]/C2CCCCC2)N2CCOCC2)C2CCCCC2)cc1,2,2,1.0,1.0,1.0,1.0,1.0,1.0,2,0,32,0
[c]1cc2c(cc1-c1nc3ccccc3s1)OCCOCCO2,2,2,1.0,1.0,1.0,1.0,1.0,1.0,2,0,20,0
CC1=C(c2ccccc2)C(c2ccccc2)=C(c2ccccc2)C1=O,4,5,0.0,0.0,0.9761904761904762,1.0,0.9523809523809523,0.96,4,1,20,0
c1ccc(C(c2ccccc2)c2ccc(CN3CCC[C@@H]3[C@H]3CCCN3Cc3ccc(C(c4ccccc4)c4ccccc4)cn3)nc2)cc1,4,4,1.0,1.0,1.0,1.0,1.0,1.0,4,0,46,0
FC(F)(F)COc1c(OCC(F)(F)F)c(OCC(F)(F)F)c2c(c1OCC(F)(F)F)C1=NC3=[N+]4C(=NC5=[N+]6C(=NC2=[N+]1[B@@-]64Cl)c1cc2c(cc15)C1=N/C2=N\C2=N/C(=N\C4=N/C(=N\C5=N/C(=N\1)c1c(OCC(F)(F)F)c(OCC(F)(F)F)c(OCC(F)(F)F)c(OCC(F)(F)F)c15)c1c(OCC(F)(F)F)c(OCC(F)(F)F)c(OCC(F)(F)F)c(OCC(F)(F)F)c14)c1c(OCC(F)(F)F)c(OCC(F)(F)F)c(OCC(F)(F)F)c(OCC(F)(F)F)c12)c1c(OCC(F)(F)F)c(OCC(F)(F)F)c(OCC(F)(F)F)c(OCC(F)(F)F)c13,4,10,0.0,0.0,0.9835164835164836,1.0,0.967032967032967,0.967741935483871,4,6,176,0
CCCOP([O-])(=S)OCCC,1,2,0.0,0.0,0.95,1.0,0.9,0.9090909090909091,1,1,9,0
C/N=C/N([C]=O)Cc1ccccc1,2,2,1.0,1.0,1.0,1.0,1.0,1.0,2,0,11,0
CCN1CCCN(CC)C(=S)C1=S,2,2,1.0,1.0,1.0,1.0,1.0,1.0,2,0,11,0
CC[C@H](CC/N=C/c1cc(Cl)ccc1[O-])/N=C/c1cc(Cl)ccc1[O-],4,4,1.0,1.0,1.0,1.0,1.0,1.0,4,0,21,0
COc1ccc(OC)c(NC(=O)[C@H](C)N(C)CCN(C)[C@@H](C)C(=O)Nc2cc(OC)ccc2OC)c1,4,4,1.0,1.0,1.0,1.0,1.0,1.0,4,0,32,0
C/C(=N\N=C(\N)[S-])c1c([O-])cc(C)oc1=O,3,3,1.0,1.0,1.0,1.0,1.0,1.0,3,0,13,0
S=C(Nc1ccccc1)Nc1nc2ccccc2s1,2,2,1.0,1.0,1.0,1.0,1.0,1.0,2,0,17,0
C1CCC(P(Cc2[n-]c(CP(C3CCCCC3)C3CCCCC3)c3c2CCCC3)C2CCCCC2)CC1,3,3,1.0,1.0,1.0,1.0,1.0,1.0,3,0,34,0
Cc1ccc([O-])c(/N=C/c2cc([N+](=O)[O-])cc([N+](=O)[O-])c2[O-])c1,3,3,1.0,1.0,1.0,1.0,1.0,1.0,3,0,20,0
O=c1cccc2n1C[C@@H]1C[NH2+]C[C@H]2C1,1,1,1.0,1.0,1.0,1.0,1.0,1.0,1,0,13,0
[CH2]~[C](~[CH2])[C@@H]1C[CH]~[C](C)~[C](O)C1,6,6,1.0,1.0,1.0,1.0,1.0,1.0,6,0,5,0
C=C(C)[C@@H]1[CH]~[CH]~[C](C)~[C](O)C1,6,4,0.0,0.0,0.8333333333333333,0.6666666666666666,1.0,0.8181818181818182,4,0,5,2
C=CC=C=CC(C)(C)C,4,5,0.0,0.0,0.9,1.0,0.8,0.8888888888888888,4,1,4,0
COC(=O)c1cc2c3c(c([O-])ccc3c1)C(=O)C=C2,2,2,1.0,1.0,1.0,1.0,1.0,1.0,2,0,17,0
C/C1=N\CCNCCC(/C=C/c2ccc3c(c2)OCCOCCOCCOCCO3)=N/CCNCC1,4,9,0.0,0.0,0.921875,1.0,0.84375,0.8611111111111112,4,5,27,0
CN(C)Cc1[c]c(CN(C)C)cc(/C=N/c2ccc(C#N)cc2)c1,3,3,1.0,1.0,1.0,1.0,1.0,1.0,3,0,21,0
CCN(CC)c1ccc(-c2cc(-c3ccccn3)nc(-c3ccccn3)c2)s1,3,3,1.0,1.0,1.0,1.0,1.0,1.0,3,0,25,0
c1ccc(CN[C@@H]2CCCC[C@H]2NCc2ccc3ccccc3c2)cc1,2,2,1.0,1.0,1.0,1.0,1.0,1.0,2,0,24,0
O=C(O)c1cccc([N+](=O)[O-])c1C(=O)[O-],1,2,0.0,0.0,0.9642857142857143,1.0,0.9285714285714286,0.9333333333333333,1,1,13,0
[C]#[N+]c1ccc2c(c1)OCCOCCOCCOCCO2,1,4,0.0,0.0,0.925,1.0,0.85,0.8571428571428571,1,3,17,0
CN(C(N)=S)c1ccccc1,1,1,1.0,1.0,1.0,1.0,1.0,1.0,1,0,10,0
O=C(O)c1ccc(C/N=C/c2cccc(/C=N/Cc3ccc(C(=O)O)cc3)n2)cc1,3,3,1.0,1.0,1.0,1.0,1.0,1.0,3,0,27,0
COC(=O)c1ccc(C/N=C/c2cccc(/C=N/Cc3ccc(C(=O)OC)cc3)n2)cc1,3,3,1.0,1.0,1.0,1.0,1.0,1.0,3,0,29,0
CC1(C)N=C(c2cccc(C3=NC(C)(C)C(C)(C)[N+]3=O)n2)[N+](=O)C1(C)C,3,3,1.0,1.0,1.0,1.0,1.0,1.0,3,0,23,0
NCCS[C@H]1CCCC[C@@H]1SCCN,4,4,1.0,1.0,1.0,1.0,1.0,1.0,4,0,10,0
CC(=O)O[C@@H]1[C@H](OC(C)=O)CO[C@]2(COC(c3ccccc3P(c3ccccc3)c3ccccc3)=N2)[C@H]1OC(C)=O,2,2,1.0,1.0,1.0,1.0,1.0,1.0,2,0,39,0
c1ccc(CN2CNCCNCCCNCCNC2)cc1,4,4,1.0,1.0,1.0,1.0,1.0,1.0,4,0,17,0
O=S(=O)(c1ccc(Br)cc1)N(P(c1ccccc1)c1ccccc1)P(c1ccccc1)c1ccccc1,2,2,1.0,1.0,1.0,1.0,1.0,1.0,2,0,35,0
F[B-](F)(F)O[CH]~[CH]~[CH]c1ccccc1,3,3,1.0,1.0,1.0,1.0,1.0,1.0,3,0,11,0
C=C(C)Cn1[c]c[n+](C)c1C,3,3,1.0,1.0,1.0,1.0,1.0,1.0,3,0,8,0
Cc1cc[nH]n1,1,1,1.0,1.0,1.0,1.0,1.0,1.0,1,0,5,0
C[N+](C)(C)Cc1ccc(-c2ccc(C[N+](C)(C)C)cn2)nc1,2,2,1.0,1.0,1.0,1.0,1.0,1.0,2,0,20,0
COc1ccc([O-])c(/C=N/CCC/N=C/c2ccccc2[O-])c1,4,4,1.0,1.0,1.0,1.0,1.0,1.0,4,0,19,0
CC(C)(C)c1cc(-c2cccc(-c3cc(C(C)(C)C)cc(C(C)(C)C)c3[O-])c2C(=[N-])c2ccccc2)c([O-])c(C(C)(C)C)c1,3,3,1.0,1.0,1.0,1.0,1.0,1.0,3,0,41,0
CC(C)(C)P([O-])c1cccc2cccnc12,2,2,1.0,1.0,1.0,1.0,1.0,1.0,2,0,14,0
CC(C)(C)P(O)c1cccc2cccnc12,2,2,1.0,1.0,1.0,1.0,1.0,1.0,2,0,14,0
[C]1c2ccccc2N2CCCN12,1,1,1.0,1.0,1.0,1.0,1.0,1.0,1,0,11,0
[C]1c2ccccc2N2CCCCN12,1,1,1.0,1.0,1.0,1.0,1.0,1.0,1,0,12,0
Cc1cc(C)c(-n2ccnc2-c2[c]cccc2)c(C)c1,2,2,1.0,1.0,1.0,1.0,1.0,1.0,2,0,18,0
CC/N=c1\cccccc1[O-],2,2,1.0,1.0,1.0,1.0,1.0,1.0,2,0,9,0
COC(=O)c1ccc(NP(c2ccccc2)c2ccccc2)cc1,1,1,1.0,1.0,1.0,1.0,1.0,1.0,1,0,23,0
CCn1c(-c2[c]c(F)c(F)c(F)c2)nc2ccccc21,2,2,1.0,1.0,1.0,1.0,1.0,1.0,2,0,18,0
[N-2]c1ccccc1P(c1ccccc1)c1ccccc1,1,2,0.0,0.0,0.9736842105263157,1.0,0.9473684210526315,0.95,1,1,18,0
[O-2]~[C](~[C]1C(c2ccccc2)=NN(c2ccc(Cl)cc2)[C]~1~[O-2])c1cccs1,2,2,1.0,1.0,1.0,1.0,1.0,1.0,2,0,24,0
COC(OC)(OC)c1[c]cccc1,1,4,0.0,0.0,0.875,1.0,0.75,0.7692307692307693,1,3,9,0
Fc1cc(-c2cc[c]c(-c3ccccn3)c2)cc(F)c1F,2,2,1.0,1.0,1.0,1.0,1.0,1.0,2,0,19,0
C[C@H](c1ccccn1)N(CCN(Cc1ccccn1)[C@@H](C)c1ccccn1)Cc1ccccn1,6,6,1.0,1.0,1.0,1.0,1.0,1.0,6,0,28,0
[S-2]~[P-](~[C](CC1=CC=CC1)~[P-](~[S-2])(c1ccccc1)c1ccccc1)(c1ccccc1)c1ccccc1,2,4,0.0,0.0,0.9696969696969697,1.0,0.9393939393939394,0.9428571428571428,2,2,31,0
Cc1ncc(CO)c(CN[C@@H](C)C(=O)[O-])c1[O-],3,4,0.0,0.0,0.9642857142857143,1.0,0.9285714285714286,0.9411764705882353,3,1,13,0
CC(C)N([C]N(c1ccccc1)P(C(C)(C)C)C(C)(C)C)C(C)C,2,2,1.0,1.0,1.0,1.0,1.0,1.0,2,0,22,0
Cc1ccc(N([C]N(C(C)C)C(C)C)P(C(C)(C)C)C(C)(C)C)cc1,2,2,1.0,1.0,1.0,1.0,1.0,1.0,2,0,23,0
CC(C)N([C]N(c1ccc(C(F)(F)F)cc1)P(C(C)(C)C)C(C)(C)C)C(C)C,2,2,1.0,1.0,1.0,1.0,1.0,1.0,2,0,26,0
COc1ccc(N([C]N(C(C)C)C(C)C)P(C(C)(C)C)C(C)(C)C)cc1,2,2,1.0,1.0,1.0,1.0,1.0,1.0,2,0,24,0
N/C([S-])=N/N=C\c1cn(-c2ccccc2)nc1-c1ccccc1,2,3,0.0,0.0,0.9761904761904762,1.0,0.9523809523809523,0.9565217391304348,2,1,20,0
[CH2]~[C]1[C@H]2C=C[C@@H]([CH]~1)C2,5,3,0.0,0.0,0.8,0.6,1.0,0.75,3,0,3,2
[N-]=Nc1ccccc1[N+](=O)[O-],1,1,1.0,1.0,1.0,1.0,1.0,1.0,1,0,10,0
C/C([S-])=N\c1ccccc1,1,2,0.0,0.0,0.9444444444444444,1.0,0.8888888888888888,0.9,1,1,8,0
CC[C](~[N-2]c1ccccc1)~[C](CC)~[C](~[NH-2])c1ccc(C)cc1,2,2,1.0,1.0,1.0,1.0,1.0,1.0,2,0,20,0
CSc1ccccc1/N=C(\C)c1cccc([O-])n1,2,4,0.0,0.0,0.9375,1.0,0.875,0.8888888888888888,2,2,14,0
CSc1ccccc1/N=C(\C)c1cccc(O)n1,2,3,0.0,0.0,0.96875,1.0,0.9375,0.9444444444444444,2,1,15,0
[CH2]c1ccc(CC(=O)Nc2ccc(C(C)(C)C)cc2)cc1,1,1,1.0,1.0,1.0,1.0,1.0,1.0,1,0,20,0
COC(C)(CO[P@@](=O)([O-])Oc1ccc([N+](=O)[O-])cc1)OC,1,2,0.0,0.0,0.975,1.0,0.95,0.9523809523809523,1,1,19,0
CC(=N\c1c(C)cc(C(c2ccccc2)c2ccccc2)cc1C)/C(C)=N/c1c(C)cc(C(c2ccccc2)c2ccccc2)cc1C,2,2,1.0,1.0,1.0,1.0,1.0,1.0,2,0,46,0
CCCCCCc1ccc(N(CC)C(=O)c2cccc(-c3cccc(C(=O)N(CC)c4ccc(CCCCCC)cc4)n3)n2)cc1,2,4,0.0,0.0,0.9772727272727273,1.0,0.9545454545454546,0.9565217391304348,2,2,42,0
COC(=O)c1cnc(-c2nc3ccccc3s2)cc1C(=O)OC,2,2,1.0,1.0,1.0,1.0,1.0,1.0,2,0,21,0
c1cc2nc(c1)-c1cccc(n1)CNCCC[NH2+]CCCNCCCNC2,4,5,0.0,0.0,0.9782608695652174,1.0,0.9565217391304348,0.9629629629629629,4,1,22,0
CCCCC(=O)O,1,1,1.0,1.0,1.0,1.0,1.0,1.0,1,0,6,0
C(=N/CCC(CC/N=C/c1ncc[nH]1)CC/N=C/c1ncc[nH]1)\c1ncc[nH]1,6,6,1.0,1.0,1.0,1.0,1.0,1.0,6,0,22,0
C(=N/CCC(CC/N=C/c1ncc[n-]1)CC/N=C/c1ncc[n-]1)\c1ncc[n-]1,6,6,1.0,1.0,1.0,1.0,1.0,1.0,6,0,22,0
CC1(C)[C@@H]2CCc3ccc(-c4[c]ccs4)nc3[C@@H]21,2,2,1.0,1.0,1.0,1.0,1.0,1.0,2,0,16,0
c1ccc(/N=C2C(=N/c3ccccc3)/[C@H]3c4ccccc4[C@@H]/2c2ccccc23)cc1,2,2,1.0,1.0,1.0,1.0,1.0,1.0,2,0,28,0
CC(=O)N/N=C/c1cc([N+](=O)[O-])ccc1[O-],3,3,1.0,1.0,1.0,1.0,1.0,1.0,3,0,13,0
CCOC(=O)c1ccc(/C([O-])=N/N=C/c2ccccc2[O-])cc1,3,3,1.0,1.0,1.0,1.0,1.0,1.0,3,0,20,0
[c]1ccccc1-c1cccc(-c2cc3ccccc3[n-]2)n1,3,3,1.0,1.0,1.0,1.0,1.0,1.0,3,0,18,0
N#CC1=C(C2=N/C(=C(\C3=N/C(=C4/C=C5Nc6c(C7=N/C(=C(\c8ccc[nH]8)c8c(F)c(F)c(F)c(F)c8F)C=C7)c(C#N)c7ccc(n67)=C(c6c(F)c(F)c(F)c(F)c6F)C5=N4)C=C3)c3c(F)c(F)c(F)c(F)c3F)C=C2)C(=N)n2c1ccc2/C(=C1/C=CC=N1)c1c(F)c(F)c(F)c(F)c1F,4,4,1.0,1.0,1.0,1.0,1.0,1.0,4,0,96,0
CO/N=C(\C(=O)OC)c1csc(N)n1,2,2,1.0,1.0,1.0,1.0,1.0,1.0,2,0,12,0
COc1ccc(C(=[N-])C2c3ccccc3[CH]c3ccccc32)cc1,2,2,1.0,1.0,1.0,1.0,1.0,1.0,2,0,22,0
Oc1ccnc2c1ccc1c(O)ccnc12,2,2,1.0,1.0,1.0,1.0,1.0,1.0,2,0,14,0
[O-]P([C@]12C[C@H]3C[C@H](C[C@H](C3)C1)C2)[C@]12C[C@H]3C[C@H](C[C@H](C3)C1)C2,1,1,1.0,1.0,1.0,1.0,1.0,1.0,1,0,21,0
N=C1C(=N)c2c(ccc3ccccc23)-c2ccccc21,2,2,1.0,1.0,1.0,1.0,1.0,1.0,2,0,18,0
[N-]=C1C(=N)c2ccccc2-c2ccc3ccccc3c21,2,2,1.0,1.0,1.0,1.0,1.0,1.0,2,0,18,0
CCO[C](~[N-3])~[N-3]~[C](~[N-3])OCC,2,2,1.0,1.0,1.0,1.0,1.0,1.0,2,0,9,0
CCO[C](~[NH-2])~[N-3]~[C](~[NH-2])OCC,2,2,1.0,1.0,1.0,1.0,1.0,1.0,2,0,9,0
c1ccc(Cn2cc(-c3ccc4ccccc4n3)nn2)cc1,2,2,1.0,1.0,1.0,1.0,1.0,1.0,2,0,20,0
CC(C)(C)C(=O)[C@@H]([C]=C=C(c1ccccc1)c1ccccc1)P(c1ccccc1)c1ccccc1,2,2,1.0,1.0,1.0,1.0,1.0,1.0,2,0,33,0
CC(C)P(C(C)C)n1cccc1P(c1ccccc1)c1ccccc1,2,2,1.0,1.0,1.0,1.0,1.0,1.0,2,0,23,0
CCO[C]B1N(c2c(C(C)C)cccc2C(C)C)C=CN1c1c(C(C)C)cccc1C(C)C,1,1,1.0,1.0,1.0,1.0,1.0,1.0,1,0,32,0
Cc1ccc2nc(-c3nc4ccc(C)cc4[nH]3)[nH]c2c1,2,2,1.0,1.0,1.0,1.0,1.0,1.0,2,0,18,0
CCOC(=O)c1ccc(-c2ccc(C(=O)OCC)cc2/N=C/c2cccc(C)c2[O-])cc1,2,2,1.0,1.0,1.0,1.0,1.0,1.0,2,0,30,0
CCOC(=O)c1ccc(-c2ccc(C(=O)OCC)cc2/N=C/c2cc([N+](=O)[O-])ccc2[O-])cc1,2,2,1.0,1.0,1.0,1.0,1.0,1.0,2,0,32,0
COc1cccc(/C=N/C(C)(C)C(C)(C)/N=C/c2cccc(OC)c2[O-])c1[O-],4,4,1.0,1.0,1.0,1.0,1.0,1.0,4,0,24,0
CN[C@H]1CC=C[C@@H](C(F)(F)F)C1,2,3,0.0,0.0,0.95,1.0,0.9,0.9166666666666666,2,1,9,0
COC(=O)C(C)(C)[C@@H]1C[C@H](C(F)(F)F)C=C[C@@H]1n1ccnc1,2,3,0.0,0.0,0.975,1.0,0.95,0.9545454545454546,2,1,19,0
O=P(Nc1cccc[nH+]1)(c1ccccc1)c1ccccc1,1,1,1.0,1.0,1.0,1.0,1.0,1.0,1,0,20,0
Cc1nnc(NS(=O)(=O)c2ccc(N)cc2)s1,1,3,0.0,0.0,0.9375,1.0,0.875,0.8823529411764706,1,2,14,0
Cc1cccnc1N=C(N(C)C)N(C)C,1,2,0.0,0.0,0.9642857142857143,1.0,0.9285714285714286,0.9333333333333333,1,1,13,0
CN(C)c1cccc2cccc(N(C)C)c12,2,2,1.0,1.0,1.0,1.0,1.0,1.0,2,0,14,0
CC(C)(C)C1=C/C(=C(/[O-])c2ccc(C#N)cc2)C(C(=O)c2ccc(C#N)cc2)=C1,2,2,1.0,1.0,1.0,1.0,1.0,1.0,2,0,27,0
COc1cccc(/C=N/c2ccccc2[N-]S(=O)(=O)c2nnc(NC(C)=O)s2)c1[O-],4,6,0.0,0.0,0.9615384615384616,1.0,0.9230769230769231,0.9333333333333333,4,2,24,0
CC1=NCCc2ccccc21,1,1,1.0,1.0,1.0,1.0,1.0,1.0,1,0,10,0
C/C(=N\N(c1ccccc1)c1ccccc1)c1cccc(/C(C)=N/N(c2ccccc2)c2ccccc2)n1,3,3,1.0,1.0,1.0,1.0,1.0,1.0,3,0,35,0
CCN([Si-](c1ccccc1)c1ccccc1)[Si-](c1ccccc1)c1ccccc1,2,2,1.0,1.0,1.0,1.0,1.0,1.0,2,0,27,0
Cc1n[nH]c(C)c1[N+](=O)[O-],1,1,1.0,1.0,1.0,1.0,1.0,1.0,1,0,9,0
CCCCN(CCCC)c1ccc2c#cc3c(c#cc4ccc(N(CCCC)CCCC)cc4c#cc#cc2c1)=C([Si](C)(C)C)C=3[Si](C)(C)C,4,4,1.0,1.0,1.0,1.0,1.0,1.0,4,0,46,0
COc1ccc([N-]c2ccccc2/N=N/c2ccccc2[N-]C(=O)c2ccccn2)cc1,4,5,0.0,0.0,0.9821428571428572,1.0,0.9642857142857143,0.96875,4,1,27,0
O=C([N-]c1ccccc1/N=N/c1ccccc1[N-]c1ccc(Cl)cc1)c1ccccn1,4,5,0.0,0.0,0.9814814814814814,1.0,0.9629629629629629,0.967741935483871,4,1,26,0
CC1=N[C@@H](COP(Oc2c(C)cccc2C)Oc2c(C)cccc2C)[C@H](c2ccccc2)O1,2,2,1.0,1.0,1.0,1.0,1.0,1.0,2,0,31,0
CCC1=C(CC)c2nc1ccc1[nH]c(c3nc(ccc4[n-]c2c(CC)c4CC)C(CC)=C3CC)c(CC)c1CC,3,2,0.0,0.0,0.8333333333333333,0.6666666666666666,1.0,0.975,2,0,37,1
Cc1ccc(N=C([S-])[S-])cc1,2,2,1.0,1.0,1.0,1.0,1.0,1.0,2,0,9,0
[N-]=C=C(c1ccccc1)c1ccccc1,1,1,1.0,1.0,1.0,1.0,1.0,1.0,1,0,14,0
O=C([O-])CN(CCCNc1ccccc1[N+](=O)[O-])CC(=O)[O-],3,6,0.0,0.0,0.9210526315789473,1.0,0.8421052631578947,0.8636363636363636,3,3,16,0
O=P(O)(O)O,1,1,1.0,1.0,1.0,1.0,1.0,1.0,1,0,4,0
CC(C)(C)P(Cc1cccc([C@@H](C(=[N-])c2cccc(F)c2)P(C(C)(C)C)C(C)(C)C)n1)C(C)(C)C,4,4,1.0,1.0,1.0,1.0,1.0,1.0,4,0,31,0
F[B-](F)(F)c1ccccc1,6,6,1.0,1.0,1.0,1.0,1.0,1.0,6,0,4,0
C=CCCCOc1cc(OCCCCCCCCCC)ccc1C(=O)Oc1ccc(/N=C/c2ccccc2[O-])cc1,2,2,1.0,1.0,1.0,1.0,1.0,1.0,2,0,39,0
Cc1ccc2ccc3ccc([C@@H](O)N(C)C)nc3c2n1,3,4,0.0,0.0,0.9705882352941176,1.0,0.9411764705882353,0.95,3,1,16,0
Fc1c(F)c(F)c(/C2=C3/[N-][C@]45C=C/C6=C(\c7c(F)c(F)c(F)c(F)c7F)C7=N/C(=C(/c8c(F)c(F)c(F)c(F)c8F)c8ccc([nH]8)/C(c8c(F)c(F)c(F)c(F)c8F)=c8/ccc9c(-c%10c(F)c(F)c(F)c(F)c%10F)c(c(n89)[C@@H]3N64)[C@]5(c3c(F)c(F)c(F)c(F)c3F)C3=N/C(=C(/c4c(F)c(F)c(F)c(F)c4F)c4ccc([n-]4)/C(c4c(F)c(F)c(F)c(F)c4F)=C4/C=CC2=N4)C=C3)C=C7)c(F)c1F,4,4,1.0,1.0,1.0,1.0,1.0,1.0,4,0,132,0
O=C1NCCNC(=O)c2cccc(c2[O-])/C=N/CC/N=C/c2cccc1c2[O-],4,4,1.0,1.0,1.0,1.0,1.0,1.0,4,0,24,0
C[C@@H](/N=C/c1cc(Cl)cc(Cl)c1[O-])c1cccc2ccccc12,2,2,1.0,1.0,1.0,1.0,1.0,1.0,2,0,21,0
[C]#CC(C#Cc1ccccc1)=C(C)C,1,1,1.0,1.0,1.0,1.0,1.0,1.0,1,0,13,0
NC(=S)NNCC(=O)[O-],3,4,0.0,0.0,0.9166666666666667,1.0,0.8333333333333334,0.8888888888888888,3,1,5,0
C[N+](C)(C)CC(=O)N/N=C/c1cc2ccccc2[nH]c1=O,3,3,1.0,1.0,1.0,1.0,1.0,1.0,3,0,18,0
O[C@@H]1CCCC[C@H]1NCCCN[C@H]1CCCC[C@@H]1O,4,4,1.0,1.0,1.0,1.0,1.0,1.0,4,0,15,0
O=P(c1ccccc1)(c1ccccc1)c1ccccc1CNCCNCc1ccccc1P(c1ccccc1)c1ccccc1,3,4,0.0,0.0,0.9880952380952381,1.0,0.9761904761904762,0.9777777777777777,3,1,41,0
CC(C)P(c1cc(N(C)C)ccc1[C]([O-])c1ccc(N(C)C)cc1P(C(C)C)C(C)C)C(C)C,4,4,1.0,1.0,1.0,1.0,1.0,1.0,4,0,30,0
COc1cc(/N=C2C(=N/c3cc(F)cc(F)c3)/c3cccc4cccc/2c34)cc(OC)c1OC,2,2,1.0,1.0,1.0,1.0,1.0,1.0,2,0,32,0
Cc1cc(C)c(Sc2ccccc2P([C@]23C[C@H]4C[C@H](C[C@H](C4)C2)C3)[C@]23C[C@H]4C[C@H](C[C@H](C4)C2)C3)c(C)c1,2,2,1.0,1.0,1.0,1.0,1.0,1.0,2,0,35,0
CC(C)P(Oc1c(F)cc(F)cc1Br)C(C)C,1,1,1.0,1.0,1.0,1.0,1.0,1.0,1,0,16,0
CO[C@@H]1SC([S-])=C([S-])S[C@@H]1OC,2,2,1.0,1.0,1.0,1.0,1.0,1.0,2,0,10,0
C1=C(c2ccccc2)C=C(c2ccccc2P(c2ccccc2)c2ccccc2)P(N2CCOCC2)(N2CCOCC2)=C1c1ccccc1P(c1ccccc1)c1ccccc1,2,4,0.0,0.0,0.9833333333333334,1.0,0.9666666666666667,0.967741935483871,2,2,58,0
Clc1ccc(C/N=C\c2c(Cl)cccc2Cl)cc1,1,1,1.0,1.0,1.0,1.0,1.0,1.0,1,0,17,0
C=CC[N-]/N=C/[Si](C)(C)C,2,4,0.0,0.0,0.875,1.0,0.75,0.8,2,2,6,0
[CH2][C@](C)(NC(C)=O)C(=O)OC,2,3,0.0,0.0,0.9444444444444444,1.0,0.8888888888888888,0.9090909090909091,2,1,8,0
Cc1cc(C(c2ccccc2)c2ccccc2)c([N-]C2=CC(=O)c3ccccc3C2=O)c(C(c2ccccc2)c2ccccc2)c1,2,2,1.0,1.0,1.0,1.0,1.0,1.0,2,0,44,0
C/C(=N\CCCNCC/N=C(\C)c1ccccn1)c1ccccn1,5,5,1.0,1.0,1.0,1.0,1.0,1.0,5,0,19,0
Cc1ccc(/C([O-])=C2\C=CC(/C(=C(\C3=N/C(=C(\[O-])c4ccc(C)cc4)C=C3)c3ccc(C)cc3)c3ccc(C)cc3)=N2)cc1,4,4,1.0,1.0,1.0,1.0,1.0,1.0,4,0,40,0
Clc1ccc(-n2ccnc2)cc1,1,1,1.0,1.0,1.0,1.0,1.0,1.0,1,0,11,0
c1ccc2c(c1)CCN=C2c1nccc2ccccc12,2,2,1.0,1.0,1.0,1.0,1.0,1.0,2,0,18,0
CC(C)(C)N=C=C(P(=O)(c1ccccc1)c1ccccc1)P(=O)(c1ccccc1)c1ccccc1,2,3,0.0,0.0,0.9848484848484849,1.0,0.9696969696969697,0.9714285714285714,2,1,32,0
CC(C)c1ccc(-n2cc(-c3ccccn3)nn2)cc1,2,2,1.0,1.0,1.0,1.0,1.0,1.0,2,0,18,0
Cc1cccc(-c2cn(-c3ccc(C(F)(F)F)cc3)nn2)n1,2,2,1.0,1.0,1.0,1.0,1.0,1.0,2,0,20,0
FC(F)(F)c1ccc(-n2cc(-c3cccc(-c4ccccc4)n3)nn2)cc1,2,2,1.0,1.0,1.0,1.0,1.0,1.0,2,0,25,0
O=C1CCCC(=O)P1c1ccccc1,1,1,1.0,1.0,1.0,1.0,1.0,1.0,1,0,13,0
[S-]c1nc2cc(Cl)ccc2s1,1,2,0.0,0.0,0.95,1.0,0.9,0.9090909090909091,1,1,9,0
c1ccc2c(c1)c1ccccc1n2-c1ccc(-c2ccc(-n3c4ccccc4c4ccccc43)cn2)nc1,2,2,1.0,1.0,1.0,1.0,1.0,1.0,2,0,36,0
COC(=O)Cc1cn(C)c2ccccc12,6,2,0.0,0.0,0.6666666666666666,0.3333333333333333,1.0,0.7333333333333333,2,0,9,4
[O-]c1c(O)cccc1/C=N/Nc1ccccn1,3,3,1.0,1.0,1.0,1.0,1.0,1.0,3,0,14,0
c1cnc2c(c1)c1nc(-c3ccc(-n4c5ccccc5c5ccccc54)cc3)[nH]c1c1cccnc12,2,2,1.0,1.0,1.0,1.0,1.0,1.0,2,0,34,0
O=C([N-]c1ccc2c(c1)OCO2)c1ccccn1,2,2,1.0,1.0,1.0,1.0,1.0,1.0,2,0,16,0
Cn1ccnc1CN(CCN(Cc1ccccc1[O-])Cc1nccn1C)Cc1ccccc1[O-],6,6,1.0,1.0,1.0,1.0,1.0,1.0,6,0,28,0
O=C(Nc1ccc(Cc2ccc(/N=C/c3ccccc3O)cc2)cc1)c1cccc([S-])c1[S-],2,4,0.0,0.0,0.967741935483871,1.0,0.9354838709677419,0.9393939393939394,2,2,29,0
Cc1ccccc1N/C([S-])=N/N=C(\c1ccccc1)c1ccccn1,3,3,1.0,1.0,1.0,1.0,1.0,1.0,3,0,22,0
Cc1cccc(N/C([S-])=N/N=C(\c2ccccc2)c2ccccn2)c1,3,3,1.0,1.0,1.0,1.0,1.0,1.0,3,0,22,0
CCC1=C(C)c2ccc3[n-]c(c4nc(cc5[n-]c(cc1n2)c(CC)c5C)C(C)=C4CC)c(CC)c3C,4,4,1.0,1.0,1.0,1.0,1.0,1.0,4,0,32,0
CC(C)P(C1=C(C(C)(C)C)C1(F)F)C(C)C,1,1,1.0,1.0,1.0,1.0,1.0,1.0,1,0,15,0
FC(F)(F)c1c[c]c(-n2cccn2)cc1,2,2,1.0,1.0,1.0,1.0,1.0,1.0,2,0,13,0
c1ccc2cc3c4ccccc4c4ccccc4c3cc2c1,4,6,0.0,0.0,0.3333333333333333,0.0,0.6666666666666666,0.5454545454545454,0,6,12,4
[c]1c2ccccc2cc2cc3ccccc3cc12,1,1,1.0,1.0,1.0,1.0,1.0,1.0,1,0,17,0
Cc1cc(C)c([O-])c(-c2cc(C)cc(C)c2[O-])c1,2,2,1.0,1.0,1.0,1.0,1.0,1.0,2,0,16,0
Cc1csc(-c2nccc3c2[nH]c2ccccc23)n1,2,2,1.0,1.0,1.0,1.0,1.0,1.0,2,0,17,0
[O-]c1ccccc1/C=N/c1cc(C(F)(F)F)cc(C(F)(F)F)c1,2,2,1.0,1.0,1.0,1.0,1.0,1.0,2,0,21,0
CC[N+](CC)(CC)Cc1ccc([O-])c(/C=N/CC/N=C/c2cc(C[N+](CC)(CC)CC)ccc2[O-])c1,4,4,1.0,1.0,1.0,1.0,1.0,1.0,4,0,32,0
C[Si](C)(C)[C](~[O-2])~[CH]~[C](~[O-2])C(F)(F)F,2,2,1.0,1.0,1.0,1.0,1.0,1.0,2,0,11,0
CC(C)[Si]([C](~[O-2])~[CH]~[C](~[O-2])C(F)(C(F)(F)F)C(F)(F)F)(C(C)C)C(C)C,2,2,1.0,1.0,1.0,1.0,1.0,1.0,2,0,23,0
[O-]c1ccc(-c2ccccc2)cc1/C=N/c1ccccc1[O-],3,3,1.0,1.0,1.0,1.0,1.0,1.0,3,0,19,0
CN1CCCN2CCN(C)CCCN(/C=C\2C#N)CC1,4,5,0.0,0.0,0.96875,1.0,0.9375,0.95,4,1,15,0
O=C1[N-]NC2(CCCCC2)N[N-]C(=O)C(=O)[N-]NC2(CCCCC2)N[N-]C1=O,4,4,1.0,1.0,1.0,1.0,1.0,1.0,4,0,24,0
O=C([O-])c1[c]c(C(=O)[O-])cc(Br)c1,3,5,0.0,0.0,0.9,1.0,0.8,0.8461538461538461,3,2,8,0
c1cc2ccc1-c1ccc(cc1)-c1ccc(cc1)-c1ccc(cc1)-c1ccc(nc1)-c1ccc(cn1)-c1ccc(cc1)-c1ccc(cc1)-c1ccc-2cc1,2,2,1.0,1.0,1.0,1.0,1.0,1.0,2,0,52,0
CC1(C)C([S-])=C([S-])c2cnc3ccccc3[n+]21,2,2,1.0,1.0,1.0,1.0,1.0,1.0,2,0,15,0
C[CH]c1ccccc1/C=N/C,2,2,1.0,1.0,1.0,1.0,1.0,1.0,2,0,9,0
O=[N+]([O-])c1cc(/C(=C2\C=CC=N2)c2ccc[n-]2)ccc1F,2,2,1.0,1.0,1.0,1.0,1.0,1.0,2,0,19,0
O=C(/C=C/c1ccccc1)N1CCc2cccnc21,2,2,1.0,1.0,1.0,1.0,1.0,1.0,2,0,17,0
CC[C@@H]1C[N-](CC)~[C]~[N-]1C(C)(C)C,1,1,1.0,1.0,1.0,1.0,1.0,1.0,1,0,12,0
CN(C)c1ccc(/C=N/CCN(CC/N=C/c2ccc(N(C)C)cc2)CC/N=C/c2ccc(N(C)C)cc2)cc1,4,4,1.0,1.0,1.0,1.0,1.0,1.0,4,0,36,0
Cn1ccnc1[B-](C)(C)c1nccn1C,2,2,1.0,1.0,1.0,1.0,1.0,1.0,2,0,13,0
C[BH-](c1nccn1C)c1nccn1C,2,2,1.0,1.0,1.0,1.0,1.0,1.0,2,0,12,0
CCO[C@@H]1Oc2ccccc2[C](~[O-2])~[C]1~[CH]~[O-2],2,2,1.0,1.0,1.0,1.0,1.0,1.0,2,0,14,0
[c]1c(/C=N/C2CCCCC2)cccc1/C=N/C1CCCCC1,3,3,1.0,1.0,1.0,1.0,1.0,1.0,3,0,19,0
COc1cccc(N2CCNC2=O)n1,3,2,0.0,0.0,0.8333333333333333,0.6666666666666666,1.0,0.9285714285714286,2,0,11,1
Cc1ccc(-n2c(-c3ccc(Cl)cc3)nnc2-c2ccccn2)cc1,2,2,1.0,1.0,1.0,1.0,1.0,1.0,2,0,23,0
CN(c1ccccn1)[Si]1([S-])[N-](C(C)(C)C)~[C](c2ccccc2)~[N-]1C(C)(C)C,2,2,1.0,1.0,1.0,1.0,1.0,1.0,2,0,25,0
Cc1nc2ccccc2c(C(=O)[O-])c1C(=O)[O-],1,4,0.0,0.0,0.90625,1.0,0.8125,0.8235294117647058,1,3,13,0
c1ccc(C(c2ccccc2)c2cccc(C3=N[C@H](c4ccccc4)CO3)n2)cc1,2,2,1.0,1.0,1.0,1.0,1.0,1.0,2,0,28,0
CC/C=C/C=C/C(=O)OC,4,4,1.0,1.0,1.0,1.0,1.0,1.0,4,0,6,0
COC(=O)/[C]=C(\C(=O)OC)C(=O)c1ccc(OC)cc1,2,2,1.0,1.0,1.0,1.0,1.0,1.0,2,0,18,0
COC(=O)[CH]/C(C(=O)OC)=C(\[O-])c1ccc(F)cc1,2,2,1.0,1.0,1.0,1.0,1.0,1.0,2,0,17,0
COC(=O)[CH][C@H](C(=O)[O-])C(=O)c1ccc(C)cc1,3,3,1.0,0.0,0.8,0.6666666666666666,0.9333333333333333,0.8888888888888888,2,1,14,1
Brc1ccc(-c2ccc(-n3c4ccccc4c4ccccc43)cn2)nc1,2,2,1.0,1.0,1.0,1.0,1.0,1.0,2,0,24,0
O=[N+]([O-])c1ccccc1OCCN(CCOc1ccccc1[N+](=O)[O-])CCOc1ccccc1[N+](=O)[O-],3,4,0.0,0.0,0.803921568627451,0.6666666666666666,0.9411764705882353,0.918918918918919,2,2,32,1
c1ccc2c(c1)C1c3ccccc3P2c2ccccc21,1,1,1.0,1.0,1.0,1.0,1.0,1.0,1,0,19,0
C=C1CN=C(/N=C(\[O-])c2ccccc2)S1,2,2,1.0,1.0,1.0,1.0,1.0,1.0,2,0,13,0
Fc1ccc(/N=C/c2ccc[n-]2)cc1,2,2,1.0,1.0,1.0,1.0,1.0,1.0,2,0,12,0
COc1cccc(/C=N/NC(=O)c2cnccn2)c1[O-],3,4,0.0,0.0,0.9705882352941176,1.0,0.9411764705882353,0.95,3,1,16,0
COc1cccc(/C=N/[N-]C(=O)c2cnccn2)c1[O-],3,3,1.0,0.0,0.6078431372549019,0.3333333333333333,0.8823529411764706,0.8,1,2,15,2
O=C([N-]c1ccccc1O)c1cccc(C(=O)[N-]c2ccccc2O)n1,3,5,0.0,0.0,0.9565217391304348,1.0,0.9130434782608695,0.9230769230769231,3,2,21,0
O=C([N-]c1ccccc1[O-])c1cccc(C(=O)[N-]c2ccccc2O)n1,4,5,0.0,0.0,0.9772727272727273,1.0,0.9545454545454546,0.9615384615384616,4,1,21,0
C[C@@H]1c2nc(-c3ccccc3-c3ccccc3-c3ccc4c(n3)[C@@H](C)[C@H]3C[C@@H]4C3(C)C)ccc2[C@@H]2C[C@H]1C2(C)C,2,2,1.0,1.0,1.0,1.0,1.0,1.0,2,0,38,0
CCOc1cccc(/C=N/c2ccc3ccccc3c2-c2c(/N=C/c3cccc(OCC)c3[O-])ccc3ccccc23)c1[O-],4,4,1.0,1.0,1.0,1.0,1.0,1.0,4,0,40,0
CCCCCC[C@H]1c2cc3c4cc2Oc2nc5ccccc5nc2Oc2cc5c(cc21)[C@H](CCCCCC)c1cc2c(cc1Oc1nc6ccccc6nc1O5)OP(N([C@@H](C)c1ccccc1)[C@@H](C)c1ccccc1)Oc1cc(c(cc1[C@H]2CCCCCC)[C@@H]3CCCCCC)Oc1nc2ccccc2nc1O4,1,7,0.0,0.0,0.9719626168224299,1.0,0.9439252336448598,0.9444444444444444,1,6,101,0
F[B@-]12O/N=C(Cl)/C([C@@H]3COCCO3)=N/O[B@-](F)(O/N=C(c3ccccc3)/C(c3ccccc3)=N/O1)O/N=C(c1ccccc1)/C(c1ccccc1)=N/O2,6,6,1.0,1.0,1.0,1.0,1.0,1.0,6,0,47,0
F[B@-]12O/N=C([C@@H]3COCCO3)/C([C@@H]3COCCO3)=N/O[B@-](F)(O/N=C(c3ccccc3)/C(c3ccccc3)=N/O1)O/N=C(c1ccccc1)/C(c1ccccc1)=N/O2,6,6,1.0,1.0,1.0,1.0,1.0,1.0,6,0,52,0
CCCCCC[C@H]1c2cc3c4cc2Oc2nc5ccccc5nc2Oc2cc5c(cc21)[C@H](CCCCCC)c1cc2c(cc1Oc1nc6ccccc6nc1O5)OP(c1ccccc1)Oc1cc(c(cc1[C@H]2CCCCCC)[C@@H]3CCCCCC)Oc1nc2ccccc2nc1O4,1,7,0.0,0.0,0.96875,1.0,0.9375,0.9381443298969072,1,6,90,0
C[C@@H](c1ccccc1)N([C@@H](C)c1ccccc1)P1Oc2ccccc2Cc2ccccc2O1,1,1,1.0,1.0,1.0,1.0,1.0,1.0,1,0,32,0
[O-][C]1~[CH]~[CH]~[C]2[Cl+][Cl+][C]3~[CH]~[CH]~[C]([O-])~[C]~1~[C]~2~3,2,2,1.0,1.0,1.0,1.0,1.0,1.0,2,0,12,0
NOCCO/N=C/c1cc([N+](=O)[O-])ccc1[O-],3,3,1.0,1.0,1.0,1.0,1.0,1.0,3,0,14,0
COc1cccc(/C=N/CCN(CC/N=C/c2cccc(OC)c2[O-])CC/N=C/c2cccc(OC)c2O)c1[O-],4,7,0.0,0.0,0.9583333333333333,1.0,0.9166666666666666,0.925,4,3,33,0
Cc1cc(C)n(C(=O)/C=C/c2ccccc2)n1,2,2,1.0,1.0,1.0,1.0,1.0,1.0,2,0,15,0
NCCNCC[N-]C(=O)c1ccc[n-]1,4,4,1.0,1.0,1.0,1.0,1.0,1.0,4,0,10,0
CCSCCCNc1ccccc1SCCCSCC,4,4,1.0,1.0,1.0,1.0,1.0,1.0,4,0,16,0
O=C([O-])c1cccc(-c2ccc(-c3cccc(C(=O)O)n3)[n-]2)n1,3,6,0.0,0.0,0.925,1.0,0.85,0.8695652173913043,3,3,17,0
O=C([O-])c1cccc(-c2ccc(-c3cccc(C(=O)[O-])n3)[n-]2)n1,5,7,0.0,0.0,0.9444444444444444,1.0,0.8888888888888888,0.9130434782608695,5,2,16,0
CC(C)c1cccc(C(C)C)c1/N=C/C1=CC=C/C1=C/[N-]c1c(C(C)C)cccc1C(C)C,2,2,1.0,1.0,1.0,1.0,1.0,1.0,2,0,31,0
O=[N+]([O-])c1ccc(S(=O)(=O)[N-]S(=O)(=O)c2ccc([N+](=O)[O-])cc2)cc1,1,1,1.0,1.0,1.0,1.0,1.0,1.0,1,0,24,0
Cc1cc(C)c(/N=C/C=N/c2c(C)cc(C)cc2C(c2ccccc2)c2ccccc2)c(C(c2ccccc2)c2ccccc2)c1,2,2,1.0,1.0,1.0,1.0,1.0,1.0,2,0,44,0
Cc1cccc(-c2nnn(Cc3ccccc3)c2CCO)n1,2,2,1.0,1.0,1.0,1.0,1.0,1.0,2,0,20,0
[S-2]~[C](~[S-2])c1c(-c2ccccc2)cccc1-c1ccccc1,2,2,1.0,1.0,1.0,1.0,1.0,1.0,2,0,19,0
CNCCc1ccccn1,2,2,1.0,1.0,1.0,1.0,1.0,1.0,2,0,8,0
CSC([C](C#N)C#N)=C(C#N)C#N,1,1,1.0,0.0,0.4583333333333333,0.0,0.9166666666666666,0.8461538461538461,0,1,11,1
c1ccc(-c2sc(-c3ccccc3)c3c2C2=N/C3=N\C3=N/C(=N\C4=N/C(=N\C5=N/C(=N\2)c2c(-c6ccccc6)sc(-c6ccccc6)c25)c2c(-c5ccccc5)sc(-c5ccccc5)c24)c2c(-c4ccccc4)sc(-c4ccccc4)c23)cc1,4,8,0.0,0.0,0.975,1.0,0.95,0.9523809523809523,4,4,76,0
CCCSC([C](C#N)C#N)=C(C#N)C#N,1,1,1.0,0.0,0.4642857142857143,0.0,0.9285714285714286,0.8666666666666667,0,1,13,1
[c]1ccccc1-c1ncc[nH]1,2,2,1.0,1.0,1.0,1.0,1.0,1.0,2,0,9,0
[CH]/C=C(\c1[c]cccc1)c1ccccc1,2,2,1.0,1.0,1.0,1.0,1.0,1.0,2,0,13,0
CCn1cnc(C)c1C,1,1,1.0,1.0,1.0,1.0,1.0,1.0,1,0,8,0
C[C@@H]([O-])C(F)(F)F,1,1,1.0,1.0,1.0,1.0,1.0,1.0,1,0,6,0
C[C@H](N)CCc1[c]cccc1,2,2,1.0,1.0,1.0,1.0,1.0,1.0,2,0,9,0
CC(C)(N)CCc1[c]cccc1,2,2,1.0,1.0,1.0,1.0,1.0,1.0,2,0,10,0
COc1cccc(/C=N/CCN(CCN)CCN)c1[O-],5,5,1.0,1.0,1.0,1.0,1.0,1.0,5,0,15,0
CC(=O)C(CC(P(c1ccccc1)c1ccccc1)P(c1ccccc1)c1ccccc1)C(C)=O,2,2,1.0,1.0,1.0,1.0,1.0,1.0,2,0,33,0
O=C(/N=N/c1ccc(C(F)(F)F)cc1)Nc1cccc(OCc2cn(Cc3ccccn3)nn2)c1,2,6,0.0,0.0,0.9393939393939394,1.0,0.8787878787878788,0.8857142857142857,2,4,29,0
CC(C)c1cccc(C(C)C)c1[N-]c1cccc2cccnc12,2,2,1.0,1.0,1.0,1.0,1.0,1.0,2,0,21,0
CC(C)c1cccc(C(C)C)c1-n1c(=O)c2ccc3c4c5nc(c(-c6ccccc6)c6[n-]c(c(-c7ccccc7)c7nc(c(-c8ccccc8)c8[n-]c(c5-c5ccccc5)c5c9ccc%10c(=O)n(-c%11c(C(C)C)cccc%11C(C)C)c(=O)c%11ccc(c85)c9c%10%11)c5c8ccc9c(=O)n(-c%10c(C(C)C)cccc%10C(C)C)c(=O)c%10ccc(c75)c8c9%10)c5c7ccc8c(=O)n(-c9c(C(C)C)cccc9C(C)C)c(=O)c9ccc(c65)c7c98)c4c4ccc(c1=O)c2c34,4,4,1.0,1.0,1.0,1.0,1.0,1.0,4,0,152,0
[O-]/C(=N\N=C\c1ccc2ccccc2n1)c1ccccc1,3,3,1.0,1.0,1.0,1.0,1.0,1.0,3,0,18,0
CCOc1cccc(/C=N/N=C(\[O-])c2cccnc2)c1[O-],3,3,1.0,1.0,1.0,1.0,1.0,1.0,3,0,18,0
[C]1N(c2ccccc2)N=C(Nc2ccccc2)N1c1ccccc1,1,1,1.0,1.0,1.0,1.0,1.0,1.0,1,0,23,0
CC(=O)NC1=NN(C(C)(C)C)[C]N1Cc1ccccc1,1,1,1.0,1.0,1.0,1.0,1.0,1.0,1,0,19,0
C[C]1~[CH]~[CH]~[CH]~[C](C)~[C]~1N1[C]N([C]2~[C](C)~[CH]~[CH]~[CH]~[C]~2C)[C](~[C]2~[CH]~[CH]~[CH]~[CH]~[CH]~2)~[C]1~[C]1~[CH]~[CH]~[CH]~[CH]~[CH]~1,1,1,1.0,1.0,1.0,1.0,1.0,1.0,1,0,32,0
c1ccc2c(c1)nc(-c1ccncc1)n2CCCCn1c(-c2cc[nH+]cc2)nc2ccccc21,1,3,0.0,0.0,0.9696969696969697,1.0,0.9393939393939394,0.9411764705882353,1,2,31,0
O=[N+]([O-])c1ccc(-c2ccccc2)nc1,1,1,1.0,1.0,1.0,1.0,1.0,1.0,1,0,14,0
c1ccc(C(c2ccccc2)N2CP(C3CCCCC3)CCCP(C3CCCCC3)C2)cc1,2,2,1.0,1.0,1.0,1.0,1.0,1.0,2,0,31,0
C1CCC(P2CCCP(C3CCCCC3)CNC2)CC1,2,2,1.0,1.0,1.0,1.0,1.0,1.0,2,0,18,0
C1CCC(P2CCCP(C3CCCCC3)C[NH2+]C2)CC1,2,2,1.0,1.0,1.0,1.0,1.0,1.0,2,0,18,0
O=S(=O)([S-])c1ccccc1,1,1,1.0,1.0,1.0,1.0,1.0,1.0,1,0,9,0
O=C1/C(=C2/Nc3ccccc3C2=O)Nc2ccccc21,2,0,0.0,0.0,0.5,0.0,1.0,0.9,0,0,18,2
c1ccc(-c2ccc3c(c2-c2ccccc2P(C2CCCCC2)C2CCCCC2)[C@H]2c4ccccc4[C@@H]3[C@H]3c4ccccc4[C@@H]2c2ccccc23)cc1,1,1,1.0,1.0,1.0,1.0,1.0,1.0,1,0,52,0
O=C(N/N=C/c1cccc(/C=N/NC(=O)c2ccccc2)c1)c1ccccc1,2,4,0.0,0.0,0.9615384615384616,1.0,0.9230769230769231,0.9285714285714286,2,2,24,0
Cc1cc(C)c([N-2]~[CH]~[N-2]c2c(C)cc(C)cc2C)c(C)c1,2,2,1.0,1.0,1.0,1.0,1.0,1.0,2,0,19,0
Cc1ccc([N-]c2ccc(C)cc2P(C2CCCCC2)C2CCCCC2)c(P(c2ccccc2)c2ccccc2)c1,3,3,1.0,1.0,1.0,1.0,1.0,1.0,3,0,38,0
Cc1cc(C)c(P=c2n(-c3c(C(C)C)cccc3C(C)C)ccn2-c2c(C(C)C)cccc2C(C)C)c(C)c1,1,1,1.0,1.0,1.0,1.0,1.0,1.0,1,0,38,0
O=C([O-])c1ccc([N+](=O)[O-])c(O)c1,1,2,0.0,0.0,0.9583333333333333,1.0,0.9166666666666666,0.9230769230769231,1,1,11,0
C/C(=N\N=C(\N)[S-])c1[c]ccs1,3,3,1.0,1.0,1.0,1.0,1.0,1.0,3,0,9,0
CC(C)(C)P([C@H](O[Si](C)(C)C)c1cccc([C@@H](O[Si](C)(C)C)P(C(C)(C)C)C(C)(C)C)n1)C(C)(C)C,3,3,1.0,1.0,1.0,1.0,1.0,1.0,3,0,33,0
CC(=N\c1cccc(Cl)c1C)/C(C)=N/c1cccc(Cl)c1C,2,2,1.0,1.0,1.0,1.0,1.0,1.0,2,0,20,0
O=C(c1nnn[n-]1)c1nnn[n-]1,2,2,1.0,1.0,1.0,1.0,1.0,1.0,2,0,10,0
[CH]=C1Cc2ccccc2CC1=[CH],2,2,1.0,1.0,1.0,1.0,1.0,1.0,2,0,10,0
CCC1=N[C@]2(CC)O[C@@H]3[C@@H]([C@H]4CC[C@]3(C)C4(C)C)N2O1,1,1,1.0,1.0,1.0,1.0,1.0,1.0,1,0,19,0
CC[C@]12N=C(c3ccccc3)ON1[C@@H]1[C@H]3CC[C@@](C)([C@@H]1O2)C3(C)C,1,1,1.0,1.0,1.0,1.0,1.0,1.0,1,0,23,0
CC[C@]12N=C(N(C)C)ON1[C@@H]1[C@H]3CC[C@@](C)([C@@H]1O2)C3(C)C,1,1,1.0,1.0,1.0,1.0,1.0,1.0,1,0,20,0
c1cc2cnncc2s1,1,2,0.0,0.0,0.9375,1.0,0.875,0.8888888888888888,1,1,7,0
Cc1cccc(C)c1NC(=O)CN1CCCC1=O,1,1,1.0,0.0,0.47058823529411764,0.0,0.9411764705882353,0.8888888888888888,0,1,16,1
[CH]=Cc1ccc(N(C)C)cc1,1,1,1.0,1.0,1.0,1.0,1.0,1.0,1,0,10,0
c1ccc(P(c2ccccc2)c2ncnn2Cn2ncnc2P(c2ccccc2)c2ccccc2)cc1,2,4,0.0,0.0,0.9714285714285714,1.0,0.9428571428571428,0.9459459459459459,2,2,33,0
c1cnc2c(c1)c1nc(-c3ccc4c(c3)OCO4)[nH]c1c1cccnc12,2,2,1.0,1.0,1.0,1.0,1.0,1.0,2,0,24,0
O=C(O)CCc1ccc(N2CP(c3ccccc3)CN(c3ccc(CCC(=O)O)cc3)CP(c3ccccc3)C2)cc1,2,2,1.0,1.0,1.0,1.0,1.0,1.0,2,0,40,0
C[Si](C)(C)[C]([S-])P(c1ccccc1)c1ccccc1,2,3,0.0,0.0,0.9705882352941176,1.0,0.9411764705882353,0.9473684210526315,2,1,16,0
[O-]/C(=N\N=C\c1ccc2ccccc2n1)c1ccc(O)cc1,3,3,1.0,1.0,1.0,1.0,1.0,1.0,3,0,19,0
Cc1ccc([C](~[S-2])~[N-3]~[C](~[S-2])c2ccc(C)cc2)cc1,2,2,1.0,1.0,1.0,1.0,1.0,1.0,2,0,17,0
C[C@@H](CN(C)C)N(Cc1cc(C(C)(C)C)cc(C(C)(C)C)c1[O-])Cc1cc(C(C)(C)C)cc(C(C)(C)C)c1[O-],4,4,1.0,1.0,1.0,1.0,1.0,1.0,4,0,35,0
Cc1ncc(CO)c(/C=N/CCCN(C)CCC/N=C/c2c(CO)cnc(C)c2[O-])c1[O-],5,5,1.0,1.0,1.0,1.0,1.0,1.0,5,0,27,0
CC(C)(C)c1ccc2c(c1)C(c1[c]cccc1)(c1cccc(-c3[c]c(-c4[c]cccc4)cc(-c4ccccc4)c3)n1)c1cc(C(C)(C)C)ccc1-2,4,4,1.0,1.0,1.0,1.0,1.0,1.0,4,0,47,0
Nc1c(C(c2ccccc2)c2ccccc2)cc(Cl)cc1C(c1ccccc1)c1ccccc1,1,1,1.0,1.0,1.0,1.0,1.0,1.0,1,0,33,0
[O-]/N=C(/CN1CCN(C/C(=N/O)c2ccccc2)CCN(C/C(=N/O)c2ccccc2)CC1)c1ccccc1,5,6,0.0,0.0,0.9852941176470589,1.0,0.9705882352941176,0.9743589743589743,5,1,33,0
CC(C)(C)N[C][C](~[C](~[CH]NC(C)(C)C)c1ccccc1)c1ccccc1,5,5,1.0,1.0,1.0,1.0,1.0,1.0,5,0,21,0
CO[C]1~[CH]~[CH]~[C](Sc2ccc(C)cc2)C[CH]~1,5,5,1.0,1.0,1.0,1.0,1.0,1.0,5,0,11,0
c1ccc(CN2[C@H](c3cccc([C@@H]4N[C@@H](c5ccccc5)[C@H](c5ccccc5)N4Cc4ccccc4)n3)N[C@@H](c3ccccc3)[C@@H]2c2ccccc2)cc1,3,5,0.0,0.0,0.9803921568627452,1.0,0.9607843137254902,0.9629629629629629,3,2,49,0
Fc1c[c]c(-c2cccc(-n3cccn3)n2)c(F)c1,3,3,1.0,1.0,1.0,1.0,1.0,1.0,3,0,16,0
Cc1[c]c(-c2cccc(-n3cccn3)n2)cc(C)c1,3,3,1.0,1.0,1.0,1.0,1.0,1.0,3,0,16,0
[NH-2]~[C](N)~[N-3]~[C](~[NH-2])N,2,2,1.0,1.0,1.0,1.0,1.0,1.0,2,0,5,0
COc1ccc([S-])c([S-])c1,2,2,1.0,1.0,1.0,1.0,1.0,1.0,2,0,8,0
CC(C)c1cc([C@]23C[C@H]4C[C@H](C[C@H](C4)C2)C3)c([O-])c([C@]23C[C@H]4C[C@H](C[C@H](C4)C2)C3)c1,1,1,1.0,1.0,1.0,1.0,1.0,1.0,1,0,29,0
c1ccc(P(/N=c2/[nH]ccs2)c2ccccc2)cc1,1,1,1.0,1.0,1.0,1.0,1.0,1.0,1,0,18,0
Cc1cc(C)c(-c2cccc(-c3c(C)cc(C)cc3C)c2P(SP(=S)(c2ccccc2)c2ccccc2)C(C)C)c(C)c1,1,2,0.0,0.0,0.9880952380952381,1.0,0.9761904761904762,0.9767441860465116,1,1,41,0
COC(=O)c1c[c]c(NP(c2ccccc2)c2ccccc2)cc1,2,2,1.0,1.0,1.0,1.0,1.0,1.0,2,0,22,0
C/C(=N\c1ccc2cc3ccccc3cc2c1)c1ccccn1,2,2,1.0,1.0,1.0,1.0,1.0,1.0,2,0,21,0
CC(C)(C)CC(C)(C)c1ccc([O-])c(Sc2cc(C(C)(C)CC(C)(C)C)ccc2[O-])c1,3,3,1.0,1.0,1.0,1.0,1.0,1.0,3,0,28,0
COc1cc(Cn2cc(-c3ccccn3)nn2)cc(OC)c1OC,2,2,1.0,1.0,1.0,1.0,1.0,1.0,2,0,22,0
O=C([O-])CN1CCCNCCCN(CC(=O)[O-])CCOCC1,6,8,0.0,0.0,0.9375,1.0,0.875,0.9090909090909091,6,2,14,0
O=S(=O)([O-])c1ccncc1,1,1,1.0,1.0,1.0,1.0,1.0,1.0,1,0,9,0
C(#Cc1ccccc1)[C](~[N-2]C1CCCCC1)~[N-2]C1CCCCC1,2,2,1.0,1.0,1.0,1.0,1.0,1.0,2,0,21,0
C=[C]/C=C\[S-],2,2,1.0,1.0,1.0,1.0,1.0,1.0,2,0,3,0
CC(C)(C)c1ccc(C(C)(C)C)c2c1O[C@H]1[CH]~[CH]~[CH][C@H]1O2,3,3,1.0,1.0,1.0,1.0,1.0,1.0,3,0,18,0
[O-]c1ccccc1CN[C@@H]1[C@H]([O-])[C@H](NCc2ccccc2[O-])[C@H](O)[C@H](NCc2ccccc2O)[C@@H]1O,5,7,0.0,0.0,0.967741935483871,1.0,0.9354838709677419,0.9444444444444444,5,2,29,0
CC(=O)c1c(C)cc2cc(C)c(C(C)=O)c([O-])c2c1[O-],2,4,0.0,0.0,0.9444444444444444,1.0,0.8888888888888888,0.9,2,2,16,0
CCCCOC(=O)c1cc(C(=O)OCCCC)cc(-c2c3nc(c(-c4cc(C(=O)OCCCC)cc(C(=O)OCCCC)c4)c4[n-]c(c(-c5cc(C(=O)OCCCC)cc(C(=O)OCCCC)c5)c5nc(c(-c6cc(C(=O)OCCCC)cc(C(=O)OCCCC)c6)c6[n-]c2c2cc7c(OC)ccc(OC)c7cc62)-c2cc6c(OC)ccc(OC)c6cc2-5)c2cc5c(OC)ccc(OC)c5cc42)-c2cc4c(OC)ccc(OC)c4cc2-3)c1,4,4,1.0,1.0,1.0,1.0,1.0,1.0,4,0,148,0
c1ccc(CSCCOCCSCc2ccccn2)nc1,5,5,1.0,1.0,1.0,1.0,1.0,1.0,5,0,16,0
C[CH]c1ccccc1[S-],2,2,1.0,1.0,1.0,1.0,1.0,1.0,2,0,7,0
CN(CCN(C)Cc1cnc2ccccc2n1)Cc1cnc2ccccc2n1,4,4,1.0,1.0,1.0,1.0,1.0,1.0,4,0,24,0
C[S@](=O)CC[S@@](C)=O,2,2,1.0,1.0,1.0,1.0,1.0,1.0,2,0,6,0
[O-]c1ccccc1/C=N/CC[S-],3,3,1.0,1.0,1.0,1.0,1.0,1.0,3,0,9,0
COC1=C[C@@H]2[C@H](CC1)P2c1ccccc1,1,1,1.0,1.0,1.0,1.0,1.0,1.0,1,0,14,0
CC(C)(C)c1cc([O-])cc(C(C)(C)C)c1,1,1,1.0,1.0,1.0,1.0,1.0,1.0,1,0,14,0
Cc1[nH]cnc1/C=N/CC[N+](C)(CC/N=C/c1nc[nH]c1C)CC/N=C/c1nc[nH]c1C,6,6,1.0,1.0,1.0,1.0,1.0,1.0,6,0,26,0
CC(C)(C)p1pppp1,4,5,0.0,0.0,0.9,1.0,0.8,0.8888888888888888,4,1,4,0
Cc1cc(C)c(-c2ccccn2)[nH]1,1,1,1.0,1.0,1.0,1.0,1.0,1.0,1,0,12,0
C1=C[C@@H]2CCC[C@@H]2C=C1,4,4,1.0,1.0,1.0,1.0,1.0,1.0,4,0,5,0
O=P(C[O-])(c1ccccc1)c1ccccc1,1,2,0.0,0.0,0.9666666666666667,1.0,0.9333333333333333,0.9375,1,1,14,0
c1ccc2sc(-c3nc4ccccc4s3)nc2c1,2,2,1.0,1.0,1.0,1.0,1.0,1.0,2,0,16,0
N/C(=N\O)c1ccc(C(F)(F)F)cc1,1,1,1.0,1.0,1.0,1.0,1.0,1.0,1,0,13,0
O=c1n(Cc2ccccc2Br)ccn1-c1ncccn1,2,3,0.0,0.0,0.9722222222222222,1.0,0.9444444444444444,0.95,2,1,17,0
[CH](~[CH]Cc1ccccc1)~[CH]Sc1ccccc1,3,4,0.0,0.0,0.9642857142857143,1.0,0.9285714285714286,0.9411764705882353,3,1,13,0
O=S(=O)(CP(c1ccccc1)c1ccccc1)c1ccccc1,1,1,1.0,1.0,1.0,1.0,1.0,1.0,1,0,22,0
C/C(=C/[CH]c1ccccc1P(c1ccccc1)c1ccccc1)c1ccccc1P(c1ccccc1)c1ccccc1,3,4,0.0,0.0,0.9871794871794872,1.0,0.9743589743589743,0.9761904761904762,3,1,38,0
CCN(CC)C[C@H](C)N,2,2,1.0,1.0,1.0,1.0,1.0,1.0,2,0,7,0
C[C@@H](/N=C/c1ccccn1)c1cccc2ccccc12,2,2,1.0,1.0,1.0,1.0,1.0,1.0,2,0,18,0
CO[C][C@H]1[C@H](c2ccccc2)c2ccccc2[C@H](O)[C@H]1c1ccccc1,1,1,1.0,1.0,1.0,1.0,1.0,1.0,1,0,25,0
N/C(=N/N=C/c1[c]cc(Cl)cc1)[S+](=O)=O,3,3,1.0,1.0,1.0,1.0,1.0,1.0,3,0,12,0
N/C([S-])=N/N=C/c1[c]cc(Cl)cc1,3,3,1.0,1.0,1.0,1.0,1.0,1.0,3,0,10,0
N/C([S-])=N/N=C/c1[c]cc([N+](=O)[O-])cc1,3,3,1.0,1.0,1.0,1.0,1.0,1.0,3,0,12,0
CC(C)(C)c1cc(CP(C(C)(C)C)C(C)(C)C)[c]c(CP(C(C)(C)C)C(C)(C)C)c1,3,3,1.0,1.0,1.0,1.0,1.0,1.0,3,0,27,0
[O-]c1ccccc1/C=N/c1ccccc1Oc1cc2ccccc2cc1Oc1ccccc1/N=C/c1ccccc1[O-],4,4,1.0,1.0,1.0,1.0,1.0,1.0,4,0,38,0
OC[C@@H]1CCCO1,2,2,1.0,1.0,1.0,1.0,1.0,1.0,2,0,5,0
C[C](~[O-2])~[CH]~[C](~[O-2])c1ccncc1,2,2,1.0,1.0,1.0,1.0,1.0,1.0,2,0,10,0
CC(C)=C=C=C(P(C)C)C(C)(C)C,1,3,0.0,0.0,0.9166666666666667,1.0,0.8333333333333334,0.8461538461538461,1,2,10,0
CCOC(=O)/C(=C(/[O-])C(F)(F)F)P(c1ccccc1)c1ccccc1,2,2,1.0,1.0,1.0,1.0,1.0,1.0,2,0,23,0
c1cc2c3c(cccc3c1)C(=N\[C@@H]1C[C@H]3CC[C@@H]1C3)/C2=N/[C@H]1C[C@@H]2CC[C@H]1C2,2,2,1.0,1.0,1.0,1.0,1.0,1.0,2,0,26,0
c1cc2c3c(cccc3c1)C(=N\[C@H]1[C@H]3C[C@@H]4C[C@H](C3)C[C@H]1C4)/C2=N/[C@H]1[C@H]2C[C@@H]3C[C@H](C2)C[C@H]1C3,2,2,1.0,1.0,1.0,1.0,1.0,1.0,2,0,32,0
CC[C@@H](O)CO[C]=O,1,2,0.0,0.0,0.9285714285714286,1.0,0.8571428571428571,0.875,1,1,6,0
Cc1ccc([N-]c2ccc(C)cc2[P+](/C=C/CC[O-])(C(C)C)C(C)C)c(P(C(C)C)C(C)C)c1,5,5,1.0,1.0,1.0,1.0,1.0,1.0,5,0,29,0
OCCCN1CCN(CCCO)CCN(CCCO)CC1,6,6,1.0,1.0,1.0,1.0,1.0,1.0,6,0,15,0
[O-]CCCN1CCN(CCC[O-])CCN(CCC[O-])CC1,6,6,1.0,1.0,1.0,1.0,1.0,1.0,6,0,15,0
Cc1ncc(CO)c(/C=N/c2ccccc2F)c1[O-],2,2,1.0,1.0,1.0,1.0,1.0,1.0,2,0,17,0
CC(C)(C)P(Cc1ccccc1P1[C@@]2(C)C[C@]3(C)O[C@@](C)(C[C@@]1(C)O3)O2)C(C)(C)C,2,2,1.0,1.0,1.0,1.0,1.0,1.0,2,0,28,0
C[C@@]12C[C@]3(C)O[C@@](C)(C[C@](C)(O1)P3Cc1ccccc1P1[C@@]3(C)C[C@]4(C)O[C@@](C)(C[C@@]1(C)O4)O3)O2,2,2,1.0,1.0,1.0,1.0,1.0,1.0,2,0,33,0
c1ccc(C(n2ncc3ccccc32)n2ncc3ccccc32)nc1,3,3,1.0,1.0,1.0,1.0,1.0,1.0,3,0,22,0
CC(C)(C)c1cc(-c2cc(C(C)(C)C)cc(-c3cc(C(C)(C)C)cc(C(C)(C)C)c3[O-])n2)nc(-c2cc(C(C)(C)C)cc(C(C)(C)C)c2[O-])c1,4,4,1.0,1.0,1.0,1.0,1.0,1.0,4,0,46,0
CC(C)(C)c1cc(OP(n2cccc2)n2cccc2)c2c(c1)C(C)(C)c1cc(C(C)(C)C)cc(OP(n3cccc3)n3cccc3)c1O2,2,2,1.0,1.0,1.0,1.0,1.0,1.0,2,0,46,0
CC(=C1C=CC=C1)c1ccccc1,6,6,1.0,1.0,1.0,1.0,1.0,1.0,6,0,7,0
Cn1c(-c2cc(CN(Cc3ccccn3)Cc3ccccn3)c(O)c(C(C)(C)C)c2)[nH+]c2ccccc21,4,4,1.0,1.0,1.0,1.0,1.0,1.0,4,0,33,0
Cn1c(-c2cc(CN(Cc3ccccn3)Cc3ccccn3)c([O-])c(C(C)(C)C)c2)[nH+]c2ccccc21,4,4,1.0,1.0,1.0,1.0,1.0,1.0,4,0,33,0
CC(C)(C)c1cc(-c2[nH]c3ccccc3[nH+]2)cc(CN(Cc2ccccn2)Cc2ccccn2)c1[O-],4,4,1.0,1.0,1.0,1.0,1.0,1.0,4,0,32,0
CC(C)(C)c1cc(-c2[nH]c3ccccc3[nH+]2)cc(CN(Cc2ccccn2)Cc2ccccn2)c1O,3,4,0.0,0.0,0.9848484848484849,1.0,0.9696969696969697,0.9722222222222222,3,1,32,0
CC[Si](CC)(CC)O/C(=N\c1ccc(N(C)C)cc1)c1ccccn1,2,2,1.0,1.0,1.0,1.0,1.0,1.0,2,0,23,0
CC(C)(C)c1cc(CP2[C@@H](c3ccccc3)CC[C@@H]2c2ccccc2)c2[n-]c3c(CP4[C@@H](c5ccccc5)CC[C@@H]4c4ccccc4)cc(C(C)(C)C)cc3c2c1,3,3,1.0,1.0,1.0,1.0,1.0,1.0,3,0,54,0
Clc1ccc(/N=C2\SCCCN2C2=NCCCS2)cc1Cl,2,2,1.0,1.0,1.0,1.0,1.0,1.0,2,0,19,0
C[CH]~[CH]~[CH]~[CH][C@@H]1CCCN1C/C(C)=C\Br,4,7,0.0,0.0,0.8636363636363636,1.0,0.7272727272727273,0.8,4,3,8,0
[NH2+]=c1[nH]c(=O)c2[n-]c[n+]([B-](F)(F)F)c2[nH]1,1,2,0.0,0.0,0.9642857142857143,1.0,0.9285714285714286,0.9333333333333333,1,1,13,0
Brc1ccccc1-c1csnn1,1,2,0.0,0.0,0.9545454545454546,1.0,0.9090909090909091,0.9166666666666666,1,1,10,0
CC(=O)[C@@H]1[C@H]2CC[C@H](C2)[C@@H]1C(=O)[C@@H]1[C@H]2CC[C@H](C2)[C@@H]1[C]=O,1,2,0.0,0.0,0.975,1.0,0.95,0.9523809523809523,1,1,19,0
NC1=N/C(=N\c2n[nH]c3ccccc23)c2ccccc21,2,2,1.0,1.0,1.0,1.0,1.0,1.0,2,0,18,0
O=C1[N-2]~[C](~[N-2]c2cc[nH]n2)c2ccccc21,2,3,0.0,0.0,0.9642857142857143,1.0,0.9285714285714286,0.9375,2,1,13,0
C[C@H](CN)NCc1ccccn1,3,3,1.0,1.0,1.0,1.0,1.0,1.0,3,0,9,0
CC(=[N-])P(c1ccccc1)P([P-]c1ccccc1)c1ccccc1,2,3,0.0,0.0,0.9772727272727273,1.0,0.9545454545454546,0.9583333333333334,2,1,21,0
Cc1cc(C)cc(C2=Cc3nc2c(C=O)c2[n-]c(cc2-c2cc(C)cc(C)c2)c(-c2cc(C(C)(C)C)cc(C(C)(C)C)c2)c2nc(c(-c4cc(C(C)(C)C)cc(C(C)(C)C)c4)c4ccc([n-]4)c3-c3cc(C(C)(C)C)cc(C(C)(C)C)c3)C=C2)c1,4,4,1.0,1.0,1.0,1.0,1.0,1.0,4,0,80,0
Cc1cc(C)c(-n2ccnc2[C@]2(N(C)C)C=Cc3ccc4cccnc4c32)c(C)c1,3,3,1.0,1.0,1.0,1.0,1.0,1.0,3,0,27,0
Cc1cc(C)cc(-c2cc3[n-]c2c(C=O)c2nc(c(-c4cc(C(C)(C)C)cc(C(C)(C)C)c4)c4ccc([n-]4)c(-c4cc(C(C)(C)C)cc(C(C)(C)C)c4)c4nc(c3-c3cc(C(C)(C)C)cc(C(C)(C)C)c3)C=C4)C=C2)c1,4,4,1.0,1.0,1.0,1.0,1.0,1.0,4,0,72,0
Cc1ccc(/N=C(\[O-])N(/C([O-])=N/N=C(c2ccccc2)c2ccccc2)c2ccc(C)cc2)cc1,2,3,0.0,0.0,0.9848484848484849,1.0,0.9696969696969697,0.9714285714285714,2,1,32,0
[O-]/C(=C\C(O)(C(F)(F)F)C(F)(F)F)CC([O-])(C(F)(F)F)C(F)(F)F,2,2,1.0,1.0,1.0,1.0,1.0,1.0,2,0,22,0
CC(=O)c1ccc(-c2ccccn2)s1,2,1,0.0,0.0,0.75,0.5,1.0,0.9285714285714286,1,0,12,1
c1n[nH]c(-n2cnnc2)n1,1,3,0.0,0.0,0.3333333333333333,0.0,0.6666666666666666,0.6,0,3,6,1
CC(C)(C)c1cc2c(O)c(c1)Cc1cc(C(C)(C)C)cc3c1OCC(=O)NCCNCCNC(=O)COc1c(cc(C(C)(C)C)cc1Cc1cc(C(C)(C)C)cc(c1O)C3)C2,2,1,0.0,0.0,0.75,0.5,1.0,0.9836065573770492,1,0,59,1
[O-]c1ccccc1/C=N/c1cc(C(F)(F)F)ccc1F,2,2,1.0,1.0,1.0,1.0,1.0,1.0,2,0,18,0
CCN/C([S-])=N/N=C\c1cc2ccccc2[nH]c1=O,2,3,0.0,0.0,0.9705882352941176,1.0,0.9411764705882353,0.9473684210526315,2,1,16,0
CN/C([S-])=N/N=C\c1cc2ccccc2[nH]c1=O,2,3,0.0,0.0,0.96875,1.0,0.9375,0.9444444444444444,2,1,15,0
Cc1cccc(C)c1SC[C@H]1O[C@@H]2OC(C)(C)O[C@@H]2[C@H]1OP(c1ccccc1)c1ccccc1,2,2,1.0,1.0,1.0,1.0,1.0,1.0,2,0,32,0
[CH2]CC[C@H](C/N=C/c1ccccc1[O-])/N=C/c1ccccc1[O-],5,5,1.0,1.0,1.0,1.0,1.0,1.0,5,0,18,0
Cc1ccccc1OP(Oc1[c]c(Cl)c(Cl)c(Cl)c1C)Oc1ccccc1C,2,2,1.0,1.0,1.0,1.0,1.0,1.0,2,0,26,0
CCCOc1c2[c]ccc1Cc1cccc(c1OCCC)Cc1cccc(c1OCCC)Cc1cccc(c1OCCC)C2,1,1,1.0,1.0,1.0,1.0,1.0,1.0,1,0,43,0
Cc1cc2c([O-])c(c1)/C=[NH+]/CCSc1ccc(nn1)SCC/N=C/2,2,4,0.0,0.0,0.9545454545454546,1.0,0.9090909090909091,0.9166666666666666,2,2,20,0
Cc1nc2cc(Cl)ccc2o1,1,1,1.0,1.0,1.0,1.0,1.0,1.0,1,0,10,0
CCCN(CCC)/C([S-])=N/C(=O)c1ccccc1,2,2,1.0,1.0,1.0,1.0,1.0,1.0,2,0,16,0
Cc1cccc2sc([N-]C(=O)c3cccc(C(=O)[N-]c4nc5c(C)cccc5s4)n3)nc12,3,3,1.0,1.0,1.0,1.0,1.0,1.0,3,0,29,0
Cc1cc(CO)nn1Cn1nc(CO)cc1C,2,4,0.0,0.0,0.9333333333333333,1.0,0.8666666666666667,0.8823529411764706,2,2,13,0
CCN1P(Oc2c(C)cccc2C)N(CC)P(Oc2c(C)cccc2C)N(CC)P1Oc1c(C)cccc1C,2,3,0.0,0.0,0.9864864864864865,1.0,0.972972972972973,0.9743589743589743,2,1,36,0
Cc1ccc(/N=N/c2[c]cccc2S(C)(=O)=O)cc1,2,2,1.0,1.0,1.0,1.0,1.0,1.0,2,0,17,0
Cc1ccc(/N=c2\cccccc2[N-]c2ccc(C)cc2)cc1,2,2,1.0,1.0,1.0,1.0,1.0,1.0,2,0,21,0
CCCCCCn1c(-c2[c]c(-c3nc4ccccc4n3CCCCCC)ccc2)nc2ccccc21,3,3,1.0,1.0,1.0,1.0,1.0,1.0,3,0,33,0
O=C(/C=C/c1ccc([N+](=O)[O-])cc1)Oc1ccc([N+](=O)[O-])cc1,2,2,1.0,1.0,1.0,1.0,1.0,1.0,2,0,21,0
O=C(/C=C/c1ccc([N+](=O)[O-])cc1)Oc1ccccc1,2,2,1.0,1.0,1.0,1.0,1.0,1.0,2,0,18,0
COc1ccc(OC(=O)/C=C/c2ccc([N+](=O)[O-])cc2)cc1,2,3,0.0,0.0,0.975,1.0,0.95,0.9545454545454546,2,1,19,0
Cc1ccc(OC(=O)/C=C/c2ccc([N+](=O)[O-])cc2)cc1,2,3,0.0,0.0,0.9736842105263157,1.0,0.9473684210526315,0.9523809523809523,2,1,18,0
CC(C)OC(=O)/C=C/c1ccc([N+](=O)[O-])cc1,2,2,1.0,1.0,1.0,1.0,1.0,1.0,2,0,15,0
CC1(C)OB([S-])OC1(C)C,1,1,1.0,1.0,1.0,1.0,1.0,1.0,1,0,9,0
Cn1c(P(c2ccccc2)c2ccccc2)c(Cc2c(P(c3ccccc3)c3ccccc3)n(C)c3ccccc23)c2ccccc21,2,2,1.0,1.0,1.0,1.0,1.0,1.0,2,0,45,0
CCn1c(P(c2ccccc2)c2ccccc2)c(Cc2c(P(c3ccccc3)c3ccccc3)n(CC)c3ccccc23)c2ccccc21,2,2,1.0,1.0,1.0,1.0,1.0,1.0,2,0,47,0
CC(C)n1c(P(c2ccccc2)c2ccccc2)c(Cc2c(P(c3ccccc3)c3ccccc3)n(C(C)C)c3ccccc23)c2ccccc21,2,2,1.0,1.0,1.0,1.0,1.0,1.0,2,0,49,0
c1ccc(-c2n[nH][n+]3ccccc23)nc1,2,2,1.0,1.0,1.0,1.0,1.0,1.0,2,0,13,0
C[SiH](C)NC(C)(C)C,1,1,1.0,1.0,1.0,1.0,1.0,1.0,1,0,7,0
CC(C)(C)C1=C(C(C)(C)C)C([Si](C)(C)C)=C1C(C)(C)C,4,4,1.0,1.0,1.0,1.0,1.0,1.0,4,0,16,0
C/C(=N\CCCN)c1ccccn1,3,3,1.0,1.0,1.0,1.0,1.0,1.0,3,0,10,0
C/C(=N\C[C@@H](C)N)c1ccccn1,3,3,1.0,1.0,1.0,1.0,1.0,1.0,3,0,10,0
C/C(=N\N=C(/[S-])Nc1ccccc1)c1ccccc1[O-],3,3,1.0,1.0,1.0,1.0,1.0,1.0,3,0,17,0
Cc1cc(/C=N/[C@H](c2ccccc2)[C@H](/N=C/c2cc(C)cc(C(C)(C)C)c2[O-])c2ccccc2)c([O-])c(C(C)(C)C)c1,4,4,1.0,1.0,1.0,1.0,1.0,1.0,4,0,38,0
N/C(=N\NC(=O)c1ccccc1N)c1ccccn1,3,3,1.0,1.0,1.0,1.0,1.0,1.0,3,0,16,0
N/C(=N\NC(=O)c1ccc(N)cc1)c1ccccn1,3,4,0.0,0.0,0.96875,1.0,0.9375,0.9473684210526315,3,1,15,0
C[CH]~[CH]~[CH]~[CH]C(=O)N1CCC[C@H]1C(O)(c1ccccc1)c1ccccc1,4,14,0.0,0.0,0.7727272727272727,1.0,0.5454545454545454,0.6153846153846154,4,10,12,0
CC(C)(C)c1cc(-c2cc(-c3[c]c(-c4ccccn4)ccc3)nc(-c3ccccc3[O-])c2)cc(C(C)(C)C)c1,4,4,1.0,1.0,1.0,1.0,1.0,1.0,4,0,35,0
[O-][C@@H]1[C@H]2CC[C@H](C2)[C@@H]1[O-],2,2,1.0,1.0,1.0,1.0,1.0,1.0,2,0,7,0
CC1=NN(c2ccccc2)C(=S)/C1=N\[N-]c1ccccc1,2,2,1.0,1.0,1.0,1.0,1.0,1.0,2,0,19,0
Cn1ccnc1CN(CCN(Cc1ccccc1O)Cc1nccn1C)Cc1ccccc1[O-],5,6,0.0,0.0,0.9827586206896552,1.0,0.9655172413793104,0.9705882352941176,5,1,28,0
O=C1c2ccccc2[C@]2(O)[C@H]3CCC[C@H]3[C@H]3CCC[C@]132,6,6,1.0,1.0,1.0,1.0,1.0,1.0,6,0,14,0
[C]([N-]c1ccccc1)=C(c1ccccc1)c1ccccc1,2,2,1.0,1.0,1.0,1.0,1.0,1.0,2,0,19,0
CN1c2ccccc2N(P(Cl)c2ccccc2)[P@@+]1([S-])c1ccccc1,2,2,1.0,1.0,1.0,1.0,1.0,1.0,2,0,23,0
CCN1C=NC2C(=O)NC(N)=N[C@H]21,1,3,0.0,0.0,0.9166666666666667,1.0,0.8333333333333334,0.8461538461538461,1,2,10,0
CC(C)(C/N=C/c1ccc[n-]1)C/N=C/c1ccc[n-]1,4,4,1.0,1.0,1.0,1.0,1.0,1.0,4,0,15,0
C[Si](C)(C)c1ccc(/C=C/c2ccc([N+](=O)[O-])cc2)cc1,6,7,0.0,0.0,0.9666666666666667,1.0,0.9333333333333333,0.9523809523809523,6,1,14,0
CCOC(=O)C[C@]12[C]3~[C]4[C@@]5(CC(=O)OCC)c6c7c8c9c%10c%11c%12c%13c%14c%11c%11c%15c%10c8c(c8c%15c%10c%11c%11c%14c%14c%15c%13c%13c%16c%12c9c9c%16c%12c%16c%13c%15c%13c%15c%14c%11c%11c%10c(c81)[C@@]1(CC(=O)OCC)[C]~3~[C]3[C@@](CC(=O)OCC)(c%13c%16[C@@](CC(=O)OCC)([C]~4~3)c%12c5c97)c%15c%111)c62,5,5,1.0,0.0,0.47058823529411764,0.0,0.9411764705882353,0.8888888888888888,0,5,80,5
FC(F)(F)c1ccccc1[P-](~[S-2])(~[S-2])c1ccccc1,2,2,1.0,1.0,1.0,1.0,1.0,1.0,2,0,17,0
[c]1c(/C=N/C2CCCCC2)ccc2c1CCO2,2,2,1.0,1.0,1.0,1.0,1.0,1.0,2,0,15,0
Cc1ccc([S+](=O)(~[O-2])~[N-3]~[P-](~[S-2])(c2ccccc2)c2ccccc2)cc1,2,2,1.0,1.0,1.0,1.0,1.0,1.0,2,0,23,0
CC1(C)OC[C@@H]([C@@H](c2[c]c([C@H]([C@@H]3COC(C)(C)O3)P(c3ccccc3)c3ccccc3)ccc2)P(c2ccccc2)c2ccccc2)O1,3,3,1.0,1.0,1.0,1.0,1.0,1.0,3,0,45,0
Cc1ccc(S(=O)(=O)[N-]c2ccccc2/C=N/CCP(=O)(c2ccccc2)c2ccccc2)cc1,2,3,0.0,0.0,0.9848484848484849,1.0,0.9696969696969697,0.9714285714285714,2,1,32,0
C[C@]12CC[C@@H]3c4ccc(O)cc4CC[C@H]3[C@@H]1CC[C@@]2(O)C#Cc1cc(-c2ccccn2)nc(-c2ccccn2)c1,3,9,0.0,0.0,0.9189189189189189,1.0,0.8378378378378378,0.85,3,6,31,0
CC(C)(C)c1cc(CSCCSCc2cc(C(C)(C)C)cc(C(C)(C)C)c2[O-])c([O-])c(C(C)(C)C)c1,4,4,1.0,1.0,1.0,1.0,1.0,1.0,4,0,32,0
CC(C)/N=C(\[N-]c1ccccc1)[N-]C(C)C,2,2,1.0,1.0,1.0,1.0,1.0,1.0,2,0,14,0
OCc1cc2cc(c1)OCc1ccc(cc1)COCc1cccc(n1)COCc1ccc(cc1)CO2,1,3,0.0,0.0,0.9714285714285714,1.0,0.9428571428571428,0.9444444444444444,1,2,33,0
c1ccc(-c2cc(-c3ccccc3)pc(-c3ccc(-c4ccccc4-c4ccc(-c5cc(-c6ccccc6)cc(-c6ccccc6)p5)cc4)cc3)c2)cc1,2,2,1.0,1.0,1.0,1.0,1.0,1.0,2,0,52,0
CC(C)([C]=O)[C@H]1C=C[C@H]2[C@@H]1C(=O)C2(C)C,3,3,1.0,1.0,1.0,1.0,1.0,1.0,3,0,12,0
[O-]C(c1ccc(-c2cccs2)s1)(c1ccc(-c2cccs2)s1)c1ccc(-c2cccs2)s1,1,1,1.0,1.0,1.0,1.0,1.0,1.0,1,0,31,0
Cc1c(C)n2c(C)c(C)c(=S)n2c1=O,1,2,0.0,0.0,0.9615384615384616,1.0,0.9230769230769231,0.9285714285714286,1,1,12,0
C[Si](C)(C)C#Cc1ccccc1C#C[Si](C)(C)C,4,10,0.0,0.0,0.7857142857142857,1.0,0.5714285714285714,0.6666666666666666,4,6,8,0
CC(C)(C)c1cc(C(C)(C)C)c(/P=P\OC([C]=O)(C(F)(F)F)C(F)(F)F)c(C(C)(C)C)c1,2,2,1.0,1.0,1.0,1.0,1.0,1.0,2,0,30,0
CCCC/N=[C]\Cc1ccccc1,2,2,1.0,1.0,1.0,1.0,1.0,1.0,2,0,11,0
C(=N\CCNCC/N=C\c1cccs1)\c1cccs1,3,3,1.0,1.0,1.0,1.0,1.0,1.0,3,0,16,0
CCCNCC/N=C/c1ccccn1,3,3,1.0,1.0,1.0,1.0,1.0,1.0,3,0,11,0
COc1cccc(/C=N/N=C(\[O-])c2ccc(Br)cc2)c1[O-],3,3,1.0,1.0,1.0,1.0,1.0,1.0,3,0,18,0
C/C(=N\CC/N=C(\C)c1cc(C)c(C)cc1[O-])c1cc(C)c(C)cc1[O-],4,4,1.0,1.0,1.0,1.0,1.0,1.0,4,0,22,0
c1ccc(CN(Cc2ccccn2)[C@@H]2CCCC[C@H]2N(Cc2ccccn2)Cc2ccccn2)nc1,6,6,1.0,1.0,1.0,1.0,1.0,1.0,6,0,30,0
CCc1cccc(CC)c1/N=C1C(=N/c2c(CC)cccc2CC)/c2cccc3cccc/1c23,2,2,1.0,1.0,1.0,1.0,1.0,1.0,2,0,32,0
Cc1ccc(-c2ccccn2)s1,2,2,1.0,1.0,1.0,1.0,1.0,1.0,2,0,10,0
CC1(C)c2cccc(-c3ccc(P(c4ccccc4)c4ccccc4)cc3)c2Oc2c(-c3ccc(P(c4ccccc4)c4ccccc4)cc3)cccc21,2,2,1.0,1.0,1.0,1.0,1.0,1.0,2,0,52,0
[S-]C1NCCS1,1,1,1.0,1.0,1.0,1.0,1.0,1.0,1,0,5,0
C[C]NC(C)(C)C,1,1,1.0,1.0,1.0,1.0,1.0,1.0,1,0,6,0
CC(C)[C@H]1COC(c2cccc(-c3cccc(C4=N[C@@H](C(C)C)CO4)n3)n2)=N1,4,4,1.0,1.0,1.0,1.0,1.0,1.0,4,0,24,0
O=C(O)c1ccc(Cn2cncn2)cc1,1,1,1.0,1.0,1.0,1.0,1.0,1.0,1,0,14,0
CC(C)Sc1ccc(SC(C)C)c2c1C1=N/C2=N\C2=N/C(=N\C3=N/C(=N\C4=N/C(=N\1)c1c(SC(C)C)ccc(SC(C)C)c14)c1c(SC(C)C)ccc(SC(C)C)c13)c1c(SC(C)C)ccc(SC(C)C)c12,4,8,0.0,0.0,0.9705882352941176,1.0,0.9411764705882353,0.9444444444444444,4,4,64,0
Cc1nn(C(C)C)c([S-])c1/C=N/c1ccccn1,2,2,1.0,1.0,1.0,1.0,1.0,1.0,2,0,16,0
Cc1cc(C)c(C(=N\C(C)(C)C)/C(=N/C2CCCCC2)[N-]C2CCCCC2)c(C)c1,2,2,1.0,1.0,1.0,1.0,1.0,1.0,2,0,28,0
CC1=C(c2ccccc2)[C@@]2(C)[C](c3ccccc3)[C@H]3C=C[C@@H]1[C@@H]2C3,5,10,0.0,0.0,0.7421052631578948,0.8,0.6842105263157895,0.7083333333333334,4,6,13,1
C#Cc1cc2[n-]c1c(-c1ccc(C(C)(C)C)cc1)c1nc(c(-c3ccc(C(C)(C)C)cc3)c3ccc([n-]3)c(-c3ccc(C(C)(C)C)cc3)c3[n-]c2cc3C#C)C=C1,4,4,1.0,1.0,1.0,1.0,1.0,1.0,4,0,53,0
COc1cccc(OC)c1-c1ccccc1P(/C=C(\[O-])c1ccccc1)c1ccccc1,2,2,1.0,1.0,1.0,1.0,1.0,1.0,2,0,30,0
c1ccc(-c2ccc(CN3CCN(Cc4ccc(-c5ccccn5)nc4)CC[NH+](Cc4ccc(-c5ccccn5)nc4)CC3)cn2)nc1,6,6,1.0,1.0,1.0,1.0,1.0,1.0,6,0,42,0
O=Cc1c[c]co1,1,1,1.0,1.0,1.0,1.0,1.0,1.0,1,0,6,0
[C]=CC(O)(C(Cl)(Cl)Cl)C(Cl)(Cl)Cl,1,1,1.0,1.0,1.0,1.0,1.0,1.0,1,0,11,0
CN(C)c1ccccc1[N-]c1ccccc1[N-]c1ccccc1N(C)C,4,4,1.0,1.0,1.0,1.0,1.0,1.0,4,0,22,0
O=C([N-]c1ccccc1[S-])C(F)(F)F,2,2,1.0,1.0,1.0,1.0,1.0,1.0,2,0,12,0
C1=Cc2nc1c(-c1ccccc1)c1[n-]c(c(-c3ccccc3)c3nc(c(-c4ccccc4)c4[n-]c(c2-c2ccccc2)c(-c2cccs2)c4-c2cccs2)C=C3)c(-c2cccs2)c1-c1cccs1,4,4,1.0,1.0,1.0,1.0,1.0,1.0,4,0,64,0
c1ccc(P(CCCc2ccccn2)c2ccccc2)cc1,2,2,1.0,1.0,1.0,1.0,1.0,1.0,2,0,20,0
c1ccc(CN(Cc2ccc(-c3nc4c5cccnc5c5ncccc5c4[nH]3)cc2)Cc2ccccn2)nc1,2,5,0.0,0.0,0.9594594594594594,1.0,0.918918918918919,0.9230769230769231,2,3,34,0
C/C=C\c1ccccc1[S-],3,3,1.0,1.0,1.0,1.0,1.0,1.0,3,0,7,0
C=C1N(C)C=CN1c1ccccn1,2,2,1.0,1.0,1.0,1.0,1.0,1.0,2,0,11,0
C(=C/c1ccccc1P(c1ccccc1)c1ccccc1)\Cc1ccccc1P(c1ccccc1)c1ccccc1,4,4,1.0,1.0,1.0,1.0,1.0,1.0,4,0,37,0
O=C(O)[C@H]1CCCN1,1,2,0.0,0.0,0.9285714285714286,1.0,0.8571428571428571,0.875,1,1,6,0
[CH2]CCCP(c1ccccc1)c1ccccc1,2,2,1.0,1.0,1.0,1.0,1.0,1.0,2,0,15,0
C[CH]CCP(c1ccccc1)c1ccccc1,2,2,1.0,1.0,1.0,1.0,1.0,1.0,2,0,15,0
c1ccc(-c2cccc(-c3nccs3)n2)nc1,3,3,1.0,1.0,1.0,1.0,1.0,1.0,3,0,14,0
[C]1=CC(c2ccccc2)(c2ccccc2)C(c2ccccc2)=C1,1,1,1.0,1.0,1.0,1.0,1.0,1.0,1,0,22,0
NC(=S)c1ccc(Br)cc1,1,1,1.0,1.0,1.0,1.0,1.0,1.0,1,0,9,0
CC(C)C(=N/[N-]c1ccccc1C(=O)[O-])/N=N/c1nc2ccccc2[nH]1,4,5,0.0,0.0,0.9772727272727273,1.0,0.9545454545454546,0.9615384615384616,4,1,21,0
C[P+](C)(C)[C@H]1[CH]~[CH]~[CH]CC1,3,3,1.0,1.0,1.0,1.0,1.0,1.0,3,0,7,0
O=C1c2ccccc2C(=O)c2[n-]c(-c3ccccn3)nc21,2,2,1.0,1.0,1.0,1.0,1.0,1.0,2,0,19,0
O=C([O-])CNS(=O)(=O)c1cccc(C(=O)[O-])c1,1,4,0.0,0.0,0.90625,1.0,0.8125,0.8235294117647058,1,3,13,0
Cn1c2ccccc2c2c3c(ccc4oc5ccc6ccc7c(c8cc(Br)ccc8n7C)c6c5c43)ccc21,6,0,0.0,0.0,0.5,0.0,1.0,0.8421052631578947,0,0,32,6
[c]1cccc2cc3c4cccc5cc6c7cccc8c[c]c9c(c12)c3c(c54)c6c9c87,2,2,1.0,1.0,1.0,1.0,1.0,1.0,2,0,28,0
CC(C)(C)C([C]=O)=[P+]=O,2,3,0.0,0.0,0.9285714285714286,1.0,0.8571428571428571,0.8888888888888888,2,1,6,0
O=C([O-])C[S@](=O)C(c1ccc(Cl)cc1)c1ccc(Cl)cc1,2,3,0.0,0.0,0.9736842105263157,1.0,0.9473684210526315,0.9523809523809523,2,1,18,0
CC(C)(C)c1ccnc(-c2ccccc2[O-])c1,2,2,1.0,1.0,1.0,1.0,1.0,1.0,2,0,15,0
O=C([O-])CN1CCCNCCCN(CC(=O)[O-])Cc2cccc(n2)C1,6,8,0.0,0.0,0.9473684210526316,1.0,0.8947368421052632,0.92,6,2,17,0
Nc1cc(C(F)(F)F)cc2c1ncc1ccccc12,2,2,1.0,1.0,1.0,1.0,1.0,1.0,2,0,17,0
C[C@@H]1CC[C@@H](c2ccccc2)c2nn([BH-](n3cc4c(n3)[C@H](c3ccccc3)CC[C@H]4C)n3cc4c(n3)[C@H](c3ccccc3)CC[C@H]4C)cc21,3,3,1.0,1.0,1.0,1.0,1.0,1.0,3,0,46,0
c1ccc(/N=C2C(=N/c3ccccc3)/c3ccccc3-c3ccccc3/2)cc1,2,2,1.0,1.0,1.0,1.0,1.0,1.0,2,0,26,0
CC/N=C(\C(=O)c1ccccc1)c1ccccc1,1,2,0.0,0.0,0.9705882352941176,1.0,0.9411764705882353,0.9444444444444444,1,1,16,0
CC(C)P(c1ccccc1[Si-](Cl)c1ccccc1P(C(C)C)C(C)C)C(C)C,3,3,1.0,1.0,1.0,1.0,1.0,1.0,3,0,25,0
CCCCCCCCCCOc1ccc(/N=C/c2[c]cc(OCCCCCCOc3ccc(-c4ccc(C#N)cc4)cc3)cc2)cc1,2,2,1.0,1.0,1.0,1.0,1.0,1.0,2,0,45,0
Nc1cccc(-c2[c]c(-c3ccccc3[S-])ccc2)n1,3,3,1.0,1.0,1.0,1.0,1.0,1.0,3,0,17,0
Nc1ccnc(-c2[c]c(-c3ccccc3[S-])ccc2)c1,3,3,1.0,1.0,1.0,1.0,1.0,1.0,3,0,17,0
FC(F)(F)c1cc(C(F)(F)F)cc([B@-]23O/N=C(Cl)/C(Cl)=N/O[B@-](c4cc(C(F)(F)F)cc(C(F)(F)F)c4)(O/N=C(Cl)/C(Cl)=N/O2)O/N=C(Cl)/C(Cl)=N/O3)c1,6,6,1.0,1.0,1.0,1.0,1.0,1.0,6,0,48,0
Cc1cc(C)c2c(c1)-c1cc(C)cc(C)c1O[P+](=O)O2,1,1,1.0,1.0,1.0,1.0,1.0,1.0,1,0,19,0
[C]1c2ccccc2-c2ccccc21,1,1,1.0,1.0,1.0,1.0,1.0,1.0,1,0,12,0
CC(/C=C(\[O-])C(F)(F)F)=N\c1c(F)cccc1F,2,2,1.0,1.0,1.0,1.0,1.0,1.0,2,0,16,0
C1CCC(P2P(C3CCCCC3)P(C3CCCCC3)P2C2CCCCC2)CC1,1,4,0.0,0.0,0.9444444444444444,1.0,0.8888888888888888,0.8928571428571429,1,3,24,0
O=C1[N-]C(=O)/C(=N\Nc2cc(C(=O)[O-])cc(C(=O)O)c2)C(=O)N1,1,4,0.0,0.0,0.9318181818181819,1.0,0.8636363636363636,0.8695652173913043,1,3,19,0
CC(C)[C]c1ccccc1[N-][C@H](CP(C)C)c1[c]cccc1,4,4,1.0,1.0,1.0,1.0,1.0,1.0,4,0,18,0
CC(C)c1cc(C(c2ccccc2)(c2ccccc2)c2ccccc2)cc(C(C)C)c1[O-],1,1,1.0,1.0,1.0,1.0,1.0,1.0,1,0,31,0
CC(C[N-]c1cc(Cl)cc(Cl)c1)(C[N-]c1cc(Cl)cc(Cl)c1)c1ccccn1,3,3,1.0,1.0,1.0,1.0,1.0,1.0,3,0,25,0
CCO[C@@H]1Oc2ccc(C)cc2[C](~[O-2])~[C]1~[CH]~[O-2],2,2,1.0,1.0,1.0,1.0,1.0,1.0,2,0,15,0
Cc1cc(C)c(-n2c(P(c3ccccc3)c3ccccc3)nc3ccccc3c2=O)c(P(c2ccccc2)c2ccccc2)c1,2,2,1.0,1.0,1.0,1.0,1.0,1.0,2,0,43,0
CCN(CC)Cc1ccccc1[O-],2,2,1.0,1.0,1.0,1.0,1.0,1.0,2,0,11,0
CC(C)(C)n1c(-c2ccccc2)[n+](C(C)(C)C)[si-]1P([Si](C)(C)C)[Si](C)(C)C,1,2,0.0,0.0,0.9807692307692308,1.0,0.9615384615384616,0.9629629629629629,1,1,25,0
COc1cccc(/C=N/c2ccc3ccccc3c2-c2c(/N=C/c3cccc(OC)c3[O-])ccc3ccccc23)c1[O-],4,4,1.0,1.0,1.0,1.0,1.0,1.0,4,0,38,0
Cc1ccccc1NC1c2ccccc2-c2ccccc21,6,1,0.0,0.0,0.4666666666666667,0.0,0.9333333333333333,0.6666666666666666,0,1,14,6
CC1(C)COC(c2ccccc2/C=[C]/c2ccccc2)=N1,2,2,1.0,1.0,1.0,1.0,1.0,1.0,2,0,19,0
Cc1ccc(CN)nc1C,2,2,1.0,1.0,1.0,1.0,1.0,1.0,2,0,8,0
O=[C]OCCO,1,1,1.0,1.0,1.0,1.0,1.0,1.0,1,0,5,0
CCN(C(=O)c1cccs1)c1ccnc(-c2cc(N(CC)C(=O)c3cccs3)ccn2)c1,2,2,1.0,1.0,1.0,1.0,1.0,1.0,2,0,30,0
Cc1ccc([N-2])c(C)c1,1,1,1.0,1.0,1.0,1.0,1.0,1.0,1,0,8,0
COc1ccc([C@](O)(c2ccccc2)c2cccs2)cc1,6,0,0.0,0.0,0.5,0.0,1.0,0.7142857142857143,0,0,15,6
[S-]/C(=N\N=C\C(=N\N=C(/[S-])N1CCCCC1)c1ccccc1)N1CCCCC1,4,4,1.0,1.0,1.0,1.0,1.0,1.0,4,0,24,0
COCCOCC1(C)COCCOCCOCCOCCOC1,6,6,1.0,1.0,1.0,1.0,1.0,1.0,6,0,17,0
COc1ccccc1[N-]C(=O)c1cccc(C(=O)[N-]c2ccccc2OC)n1,3,5,0.0,0.0,0.96,1.0,0.92,0.9285714285714286,3,2,23,0
C[Si](C)(C)CN(c1ccccn1)c1ccccn1,2,2,1.0,1.0,1.0,1.0,1.0,1.0,2,0,16,0
O=[N+]([O-])c1cc(/C=N/c2ccccc2[O-])c([O-])c([N+](=O)[O-])c1,3,3,1.0,1.0,1.0,1.0,1.0,1.0,3,0,19,0
CC(C)c1cccc(C(C)C)c1-c1[c]n(-c2c(C(C)C)cccc2C(C)C)c(-c2ccc(N(C)C)cc2)[n+]1C,1,1,1.0,1.0,1.0,1.0,1.0,1.0,1,0,38,0
C[C@@H]1O[C@@H](C)[C@@H](OP(c2ccccc2)c2ccccc2)[C@@H]1OP(c1ccccc1)c1ccccc1,2,2,1.0,1.0,1.0,1.0,1.0,1.0,2,0,33,0
CC(C)c1cccc(C(C)C)c1/N=C/c1ccccc1[N-]c1ccccc1[N-]c1ccccc1/C=N/c1c(C(C)C)cccc1C(C)C,4,4,1.0,1.0,1.0,1.0,1.0,1.0,4,0,44,0
N#C/C(C(=O)C(F)(F)C(F)(F)C(F)(F)F)=C1\CCC[N-]1,2,2,1.0,1.0,1.0,1.0,1.0,1.0,2,0,18,0
COc1ccc([N-]c2ccccc2P(c2ccccc2)c2ccccc2)c(-n2cccn2)c1,3,3,1.0,1.0,1.0,1.0,1.0,1.0,3,0,30,0
[C](=N\C1CCCCC1)\PC1CCCCC1,2,2,1.0,1.0,1.0,1.0,1.0,1.0,2,0,13,0
C=CCN(CC=C)P(c1ccccc1)c1ccccc1,3,5,0.0,0.0,0.9411764705882353,1.0,0.8823529411764706,0.9,3,2,15,0
CCN(CC)CCn1nc(-c2ccccc2)cc1-c1ccccc1,2,2,1.0,1.0,1.0,1.0,1.0,1.0,2,0,22,0
[O-]/C(=N\N=C1/CCCc2c1[n-]c1ccccc21)c1ccccc1,3,3,1.0,1.0,1.0,1.0,1.0,1.0,3,0,20,0
CCCCCC(=O)Nc1ccnc(-c2[c]c(-c3cc(NC(=O)CCCCC)ccn3)ccc2)c1,3,3,1.0,1.0,1.0,1.0,1.0,1.0,3,0,31,0
COC(=N)NC(=[NH+])N,2,2,1.0,1.0,1.0,1.0,1.0,1.0,2,0,6,0
O=Cc1ccco1,2,1,0.0,0.0,0.75,0.5,1.0,0.8571428571428571,1,0,5,1
Cc1ncc(CO)c(/C=N/CCc2ccccn2)c1[O-],3,3,1.0,1.0,1.0,1.0,1.0,1.0,3,0,17,0
CSCCC1([S-])CCCCC1,2,2,1.0,1.0,1.0,1.0,1.0,1.0,2,0,9,0
CC(C)(C)c1cc(CN(CCCN2CCOCC2)Cc2cc(C(C)(C)C)cc(C(C)(C)C)c2[O-])c([O-])c(C(C)(C)C)c1,3,5,0.0,0.0,0.9743589743589743,1.0,0.9487179487179487,0.9523809523809523,3,2,37,0
CN1C2=[N+]C=NN2c2ccccc21,1,1,1.0,1.0,1.0,1.0,1.0,1.0,1,0,12,0
C=C[C@H]1C[N@+]2(Cc3cccc(C#N)c3)CC[C@H]1C[C@H]2[C@H](O)c1ccnc2ccccc12,1,1,1.0,1.0,1.0,1.0,1.0,1.0,1,0,30,0
N#C[C](P(=S)(c1ccccc1)c1ccccc1)P(=S)(c1ccccc1)c1ccccc1,1,3,0.0,0.0,0.9666666666666667,1.0,0.9333333333333333,0.9354838709677419,1,2,28,0
C/C=C/[C]OC,1,1,1.0,1.0,1.0,1.0,1.0,1.0,1,0,5,0
[O-][N+]1=CCCCC1,1,1,1.0,1.0,1.0,1.0,1.0,1.0,1,0,6,0
[O-][N+]1=CCCC1,1,1,1.0,1.0,1.0,1.0,1.0,1.0,1,0,5,0
Cc1[c]c(C)cc([N+](C)(C)C)c1,1,1,1.0,1.0,1.0,1.0,1.0,1.0,1,0,11,0
C(#CCSc1cccc2cccnc12)/C=C\C#CCSc1cccc2cccnc12,4,4,1.0,1.0,1.0,1.0,1.0,1.0,4,0,26,0
CCO[C]/C=C(/C1=C(N(CC)CC)c2ccccc2C1)c1ccccc1,1,1,1.0,1.0,1.0,1.0,1.0,1.0,1,0,25,0
CCO[C]/C=C(/c1ccccc1)N1CCCCC1=O,1,2,0.0,0.0,0.9722222222222222,1.0,0.9444444444444444,0.9473684210526315,1,1,17,0
CCO[C]C1=C(c2ccccc2)[C@H]2Cc3ccccc3[C@@]12O[Si](C)(C)C,1,1,1.0,1.0,1.0,1.0,1.0,1.0,1,0,25,0
O=CC(c1ccccc1)c1ccccc1,2,2,1.0,1.0,1.0,1.0,1.0,1.0,2,0,13,0
[S-]c1ccccc1/C=N/CCSCCc1ccccn1,4,4,1.0,1.0,1.0,1.0,1.0,1.0,4,0,16,0
O/N=C/c1ncc[nH]1,2,2,1.0,1.0,1.0,1.0,1.0,1.0,2,0,6,0
COc1cc(Br)cc(/C=N/N=C(\[O-])c2ccccc2O)c1[O-],3,3,1.0,1.0,1.0,1.0,1.0,1.0,3,0,19,0
CN(C)c1np(C([Si](C)(C)C)[Si](C)(C)C)cc1-c1ccccc1,1,1,1.0,1.0,1.0,1.0,1.0,1.0,1,0,22,0
FC(F)(F)c1ccc(-c2n[n-]c(-c3ccccc3P(c3ccccc3)c3ccccc3)n2)cc1,2,2,1.0,1.0,1.0,1.0,1.0,1.0,2,0,32,0
c1ccc(-c2n[n-]c(-c3ccccc3P(c3ccccc3)c3ccccc3)n2)cc1,2,2,1.0,1.0,1.0,1.0,1.0,1.0,2,0,28,0
COc1ccc(-c2n[n-]c(-c3ccccc3P(c3ccccc3)c3ccccc3)n2)cc1,2,2,1.0,1.0,1.0,1.0,1.0,1.0,2,0,30,0
CCOC(=O)c1c(C)[nH+]c(C)c(C(=O)OCC)c1-c1ccc(OC)cc1,6,3,0.0,0.0,0.425,0.0,0.85,0.6538461538461539,0,3,17,6
COc1ccc([O-])c(/C=N/CCN(C)C)c1,3,3,1.0,1.0,1.0,1.0,1.0,1.0,3,0,13,0
CC(C)N[C]C1=C(c2ccccc2)[C@@H]2Cc3ccccc3[C@]12O[Si](C)(C)C,1,1,1.0,1.0,1.0,1.0,1.0,1.0,1,0,26,0
[CH]=COC(=O)C(F)(F)F,1,1,1.0,1.0,1.0,1.0,1.0,1.0,1,0,8,0
CC1(C)N=c2ccccc2=N1,1,2,0.0,0.0,0.95,1.0,0.9,0.9090909090909091,1,1,9,0
C/C([O-])=C1\CCC\C1=N/c1cccc2cccnc12,3,3,1.0,1.0,1.0,1.0,1.0,1.0,3,0,16,0
COC(=O)c1cc(/C(C)=N/N(c2ccccc2)c2ccccn2)nc(/C(C)=N/N(c2ccccc2)c2ccccn2)c1,5,5,1.0,1.0,1.0,1.0,1.0,1.0,5,0,37,0
CC(C)(C)c1cc(-c2cc(C(C)(C)C)cc(C(C)(C)C)c2[O-])nc(-c2cc(C(C)(C)C)cc(C(C)(C)C)c2[O-])c1,3,3,1.0,1.0,1.0,1.0,1.0,1.0,3,0,37,0
CC(C)c1cc(C(C)C)c([P-]c2ccccc2)c(C(C)C)c1,1,1,1.0,1.0,1.0,1.0,1.0,1.0,1,0,21,0
Cc1cccc(C)c1/N=C/c1ccccc1[N-]c1c(C(C)C)cccc1C(C)C,2,2,1.0,1.0,1.0,1.0,1.0,1.0,2,0,27,0
CN(C)c1ccc(/C=C/C=S)cc1,1,4,0.0,0.0,0.875,1.0,0.75,0.7692307692307693,1,3,9,0
CCN1C([S-])=C([S-])SC1=C(C#N)C#N,2,2,1.0,1.0,1.0,1.0,1.0,1.0,2,0,12,0
[C]1OCc2cc3ccccc3c(-c3ccccc3)c21,1,1,1.0,1.0,1.0,1.0,1.0,1.0,1,0,18,0
[CH]1OCc2cc3ccccc3c(-c3ccccc3)c21,1,1,1.0,1.0,1.0,1.0,1.0,1.0,1,0,18,0
CC[NH+](CC)CCNC(=O)c1c(C)[nH]c(/C=C2\C(=O)Nc3ccc(F)cc32)c1C,1,0,0.0,0.0,0.5,0.0,1.0,0.9655172413793104,0,0,28,1
C[C@H](NC(=O)c1cc(C(=O)N[C@@H](C)C(N)=O)cc(P(c2ccccc2)c2ccccc2)c1)C(N)=O,1,1,1.0,1.0,1.0,1.0,1.0,1.0,1,0,34,0
CCCCCCn1c2ccccc2c2cc(C#Cc3ccc(-c4ccccn4)nc3)ccc21,2,2,1.0,1.0,1.0,1.0,1.0,1.0,2,0,31,0
CC(C)(C)P(Oc1[c]c(OP(C(C)(C)C)C(C)(C)C)cc(C(=O)O)c1)C(C)(C)C,3,3,1.0,1.0,1.0,1.0,1.0,1.0,3,0,26,0
CC(C)(C)P(Oc1[c]c(OP(C(C)(C)C)C(C)(C)C)cc(C(=O)OCc2ccccc2)c1)C(C)(C)C,3,3,1.0,1.0,1.0,1.0,1.0,1.0,3,0,33,0
CCOC1=CC([C](~[C](C)~[O-2])~[C](C)~[N-2]c2ccc(C)cc2)=C2CCCC[C@H]12,2,2,1.0,1.0,1.0,1.0,1.0,1.0,2,0,24,0
C[C]1~[CH]~[CH]~[C]([C]2[CH]C3([C]4~[CH]~[CH]~[CH]~[CH]~[CH]~4)[CH][C]([C]4~[CH]~[CH]~[C](C)~[CH]~[C]~4C)P2[C]2[CH]~[CH]~[CH]~[CH]~[C]23)~[C](C)~[CH]~1,1,3,0.0,0.0,0.9696969696969697,1.0,0.9393939393939394,0.9411764705882353,1,2,31,0
C=CC/C(=[C]/C(=O)OC)c1ccccc1,3,3,1.0,1.0,1.0,1.0,1.0,1.0,3,0,12,0
c1cnc2c(c1)c(-c1cncnc1)c(-c1cncnc1)c1cccnc12,2,6,0.0,0.0,0.9166666666666667,1.0,0.8333333333333334,0.8461538461538461,2,4,20,0
O=C(O)c1cc(Oc2ccccc2C(=O)[O-])cc(Oc2ccccc2C(=O)[O-])c1,3,4,0.0,0.0,0.9807692307692308,1.0,0.9615384615384616,0.9655172413793104,3,1,25,0
Cc1ccc([O-])c(/N=N/c2ccc([N+](=O)[O-])cc2-c2cc([N+](=O)[O-])ccc2/N=N/c2cc(C)ccc2[O-])c1,4,6,0.0,0.0,0.9705882352941176,1.0,0.9411764705882353,0.9473684210526315,4,2,32,0
Nc1cncc[nH+]1,1,1,1.0,1.0,1.0,1.0,1.0,1.0,1,0,6,0
Nc1ccc(F)c(F)c1,1,1,1.0,1.0,1.0,1.0,1.0,1.0,1,0,8,0
FC(F)(F)c1c2nc(c(C(F)(F)F)c3[n-]c(cc4nc(cc5[n-]c1c1ccccc51)-c1ccccc1-4)c1ccccc31)-c1ccccc1-2,4,4,1.0,1.0,1.0,1.0,1.0,1.0,4,0,44,0
FC(F)(F)c1c2nc(cc3[n-]c(c(C(F)(F)F)c4nc(cc5[n-]c1c1ccccc51)-c1ccccc1-4)c1ccccc31)-c1ccccc1-2,4,4,1.0,1.0,1.0,1.0,1.0,1.0,4,0,44,0
C=CCN/C([S-])=N/N=C(\C)C(=O)N1CCOCC1,3,3,1.0,1.0,1.0,1.0,1.0,1.0,3,0,15,0
C[C@H]1CCCC[C@@H]1/N=C/c1cc(-c2ccccc2)cc([C@]23C[C@H]4C[C@H](C[C@H](C4)C2)C3)c1[O-],2,2,1.0,1.0,1.0,1.0,1.0,1.0,2,0,30,0
CO[C@H]1[CH][C@H]2C[C@@H]1[C@H]1CC=C[C@H]12,3,3,1.0,1.0,1.0,1.0,1.0,1.0,3,0,9,0
Nc1ccccc1/N=N/c1ccccc1/N=C/c1ccccc1[O-],4,5,0.0,0.0,0.975,1.0,0.95,0.9583333333333334,4,1,19,0
CC1(C)c2ccccc2C(c2ccccc2)=N[C@@H]1Cl,1,1,1.0,1.0,1.0,1.0,1.0,1.0,1,0,18,0
Cc1ccc(-c2ccc(CNC(=O)NCCn3c(=O)n(CCNC(=O)NCc4ccc(-c5ccc(C)cn5)nc4)c(=O)n(CCNC(=O)NCc4ccc(-c5ccc(C)cn5)nc4)c3=O)cn2)nc1,6,6,1.0,1.0,1.0,1.0,1.0,1.0,6,0,63,0
COc1cc(-c2nc3c4cccnc4c4ncccc4c3[n-]2)cc(OC)c1OC,2,3,0.0,0.0,0.9814814814814814,1.0,0.9629629629629629,0.9655172413793104,2,1,26,0
O=P(O)(O)CN1CCCNCCN(C[P@@](=O)([O-])O)CCCNCC1,6,7,0.0,0.0,0.9722222222222222,1.0,0.9444444444444444,0.9583333333333334,6,1,17,0
O=P(O)(O)CN1CCCNCCN(CP(=O)(O)O)CCCNCC1,6,6,1.0,1.0,1.0,1.0,1.0,1.0,6,0,18,0
FC(F)C(F)(F)COCc1ccnc(-c2cc(COCC(F)(F)C(F)F)ccn2)c1,2,2,1.0,1.0,1.0,1.0,1.0,1.0,2,0,28,0
N(=N/c1nnn[n-]1)\Nc1nnn[n-]1,3,3,1.0,1.0,1.0,1.0,1.0,1.0,3,0,10,0
Cc1cc(C)c(-c2c3nc(c4cccc(n4)c4cc5[n-]c4cc4nc(cc-4c4cccc(n4)c4ccc2[nH]4)c(-c2cc(C(C)(C)C)cc(C(C)(C)C)c2)c2ccc([n-]2)c(-c2cc(C(C)(C)C)cc(C(C)(C)C)c2)c2nc(c5-c4cc(C(C)(C)C)cc(C(C)(C)C)c4)C=C2)C=C3)c(C)c1,4,6,0.0,0.0,0.9893617021276595,1.0,0.9787234042553191,0.9795918367346939,4,2,92,0
Cc1cc(C)c(-c2c3nc(c4cccc(n4)c4cc5[n-]c4cc4nc(cc-4c4cccc(n4)c4ccc2[nH]4)c(-c2cc(C(C)(C)C)cc(C(C)(C)C)c2)c2cc4c6cccc(n6)c6ccc([nH]6)c(-c6c(C)cc(C)cc6C)c6nc(c7cccc(n7)c7cc(nc-7cc4[n-]2)c5-c2cc(C(C)(C)C)cc(C(C)(C)C)c2)C=C6)C=C3)c(C)c1,4,8,0.0,0.0,0.9821428571428572,1.0,0.9642857142857143,0.9655172413793104,4,4,108,0
C#CCNC(=O)c1ccc([B-](O/N=C2\CCCC\C2=N/[O-])(O/N=C2\CCCC\C2=N/O)O/N=C2\CCCC\C2=N/O)cc1,6,6,1.0,1.0,1.0,1.0,1.0,1.0,6,0,37,0
CC(C)(C)C(=N)/C=C(\[N-2])C(C)(C)C,2,2,1.0,1.0,1.0,1.0,1.0,1.0,2,0,11,0
CC(C)(C)C(=[N-])/C=C(\[N-2])C(C)(C)C,2,2,1.0,1.0,1.0,1.0,1.0,1.0,2,0,11,0
CC(C)(C)[C](~[N-2]C1CCCCC1)~[N-2]C1CCCCC1,2,2,1.0,1.0,1.0,1.0,1.0,1.0,2,0,17,0
C[Si](C)(CP(c1ccccc1)c1ccccc1)[Si](C)(C)CP(c1ccccc1)c1ccccc1,2,2,1.0,1.0,1.0,1.0,1.0,1.0,2,0,32,0
COCCOCc1ccc(=S)n([O-])c1,2,2,1.0,1.0,1.0,1.0,1.0,1.0,2,0,12,0
C1=C(c2c3ccccc3cc3ccccc23)Cc2ccccc21,6,6,1.0,1.0,1.0,1.0,1.0,1.0,6,0,17,0
Cc1cccc(C)c1[N-]c1cccc2cccnc12,2,2,1.0,1.0,1.0,1.0,1.0,1.0,2,0,17,0
CC(C)c1ccccc1[N-]c1cccc2cccnc12,2,2,1.0,1.0,1.0,1.0,1.0,1.0,2,0,18,0
[CH2]~[CH]~[CH]c1ccccc1N,4,4,1.0,1.0,1.0,1.0,1.0,1.0,4,0,6,0
[O-][C@@H](c1ccccc1P(c1ccccc1)c1ccccc1)[C@@H]([N-]c1ccc(Cl)cc1)c1ccccc1P(c1ccccc1)c1ccccc1,4,4,1.0,1.0,1.0,1.0,1.0,1.0,4,0,45,0
[O-]Cc1cccc(C[O-])n1,3,3,1.0,1.0,1.0,1.0,1.0,1.0,3,0,7,0
[O-]c1ccccc1/C=N/C(c1ccccc1[O-])c1ccccc1[O-],4,4,1.0,1.0,1.0,1.0,1.0,1.0,4,0,20,0
[O-]c1ccc(Cl)cc1/C=N/C(c1ccccc1[O-])c1ccccc1[O-],4,4,1.0,1.0,1.0,1.0,1.0,1.0,4,0,21,0
COc1ccc([O-])c(/C=N/C(c2ccccc2[O-])c2ccccc2[O-])c1,4,4,1.0,1.0,1.0,1.0,1.0,1.0,4,0,22,0
CCn1nnc(-c2ccc3ccc4cccnc4c3n2)n1,3,3,1.0,1.0,1.0,1.0,1.0,1.0,3,0,18,0
CCCCn1nnc(-c2ccc3ccc4cccnc4c3n2)n1,3,3,1.0,1.0,1.0,1.0,1.0,1.0,3,0,20,0
CCCCCn1nnc(-c2ccc3ccc4cccnc4c3n2)n1,3,3,1.0,1.0,1.0,1.0,1.0,1.0,3,0,21,0
CCCCCCn1nnc(-c2ccc3ccc4cccnc4c3n2)n1,3,3,1.0,1.0,1.0,1.0,1.0,1.0,3,0,22,0
CCCCCCCn1nnc(-c2ccc3ccc4cccnc4c3n2)n1,3,3,1.0,1.0,1.0,1.0,1.0,1.0,3,0,23,0
CCCCCCCCCCCCCCCCn1nnc(-c2ccc3ccc4cccnc4c3n2)n1,3,3,1.0,1.0,1.0,1.0,1.0,1.0,3,0,32,0
COCCO[Si](C)(C)[Si]([B-](c1c(F)c(F)c(F)c(F)c1F)(c1c(F)c(F)c(F)c(F)c1F)c1c(F)c(F)c(F)c(F)c1F)([Si](C)(C)OCCOC)[Si](C)(C)OCCOC,6,6,1.0,1.0,1.0,1.0,1.0,1.0,6,0,53,0
[CH2]~[CH]~[CH]~[CH]~[N-2]C1CCCCC1,5,5,1.0,1.0,1.0,1.0,1.0,1.0,5,0,6,0
CCc1cccc(CC)c1N1[C][C@](C)(C2CCCCC2)CC1(C)C,1,1,1.0,1.0,1.0,1.0,1.0,1.0,1,0,23,0
C[C](CN1[C]N([C](C)~[N-3]~[C]2~[C](C(C)C)~[CH]~[CH]~[CH]~[C]~2C(C)C)[CH]~[CH]1)~[N-3]~[C]1~[C](C(C)C)~[CH]~[CH]~[CH]~[C]~1C(C)C,2,3,0.0,0.0,0.9852941176470589,1.0,0.9705882352941176,0.9722222222222222,2,1,33,0
C[C](~[N-2]c1c(C)cc(C)cc1C)~[N-2]c1c(C)cc(C)cc1C,2,2,1.0,1.0,1.0,1.0,1.0,1.0,2,0,20,0
N#C[C](C#N)c1c(F)c(F)c(C(=O)[O-])c(F)c1F,1,3,0.0,0.0,0.9411764705882353,1.0,0.8823529411764706,0.8888888888888888,1,2,15,0
C(=C1C=C(c2ccccc2)C(c2ccccc2)=C1)c1ccccc1,6,6,1.0,1.0,1.0,1.0,1.0,1.0,6,0,18,0
Cc1ccc(C=C2C=C(c3ccc(C)cc3)C(c3ccc(C)cc3)=C2)cc1,6,6,1.0,1.0,1.0,1.0,1.0,1.0,6,0,21,0
[C]#CC1=CC2=CC(C(C)(C)C)=CC3=CC(C(=O)c4ccccc4)=C4C=C(C(C)(C)C)C=C1[C@@]4(C)[C@]23C,1,1,1.0,1.0,1.0,1.0,1.0,1.0,1,0,35,0
CC(C)C[C@H](/N=C/c1c([O-])ccc2ccccc12)C(=O)[O-],3,4,0.0,0.0,0.9722222222222222,1.0,0.9444444444444444,0.9523809523809523,3,1,17,0
CC(C)(C)/P=P/[Si](C)(C)C,2,2,1.0,1.0,1.0,1.0,1.0,1.0,2,0,8,0
CCOc1cc(C(=O)Nc2ccc(/N=N/c3ccncc3)cc2)cc(OCC)c1OCC,1,1,1.0,1.0,1.0,1.0,1.0,1.0,1,0,31,0
[O-]c1ccc(Cl)cc1/C=N/C1CC1,2,2,1.0,1.0,1.0,1.0,1.0,1.0,2,0,11,0
O=C([O-])CNS(=O)(=O)c1cccc([N+](=O)[O-])c1,1,2,0.0,0.0,0.96875,1.0,0.9375,0.9411764705882353,1,1,15,0
CC(C)(C)c1ccc(N(c2ccc(-c3c[c]c(-c4nccc5ccccc45)c4nsnc34)cc2)c2ccc(C(C)(C)C)cc2)cc1,2,3,0.0,0.0,0.9886363636363636,1.0,0.9772727272727273,0.9782608695652174,2,1,43,0
CC(=O)OC[C@H]1O[C@@H](n2[c]nc3c(N)ncnc32)C[C@@H]1OC(C)=O,1,2,0.0,0.0,0.9782608695652174,1.0,0.9565217391304348,0.9583333333333334,1,1,22,0
O=C(O)[C@@H](/N=C/c1cc(Cl)cc(Cl)c1[O-])[C@@H](/N=C/c1cc(Cl)cc(Cl)c1[O-])C(=O)O,4,4,1.0,1.0,1.0,1.0,1.0,1.0,4,0,26,0
CC(C)N[C@@H]1CCCc2cccnc21,2,2,1.0,1.0,1.0,1.0,1.0,1.0,2,0,12,0
CC1(C)CC/C(=N/C(=O)c2ccc(C=O)cc2)N1,1,1,1.0,1.0,1.0,1.0,1.0,1.0,1,0,17,0
Cc1cc(NC(=S)NC(=O)c2ccco2)c([N+](=O)[O-])cc1C,1,1,1.0,1.0,1.0,1.0,1.0,1.0,1,0,21,0
O=C([N-]C(=S)Nc1ccccc1[N+](=O)[O-])c1ccco1,2,3,0.0,0.0,0.9722222222222222,1.0,0.9444444444444444,0.95,2,1,17,0
CN(C)CCN(Cc1ccccc1)[C](~[S-2])~[S-2],2,3,0.0,0.0,0.9642857142857143,1.0,0.9285714285714286,0.9375,2,1,13,0
COc1ccc(C2=C/C3=C(\c4c(C)cc(C)cc4C)c4cc(-c5ccc(OC)cc5)c([n-]4)OC4=N/C(=C(/c5c(C)cc(C)cc5C)c5cc(-c6ccc(OC)cc6)c([n-]5)OC2=N3)C=C4c2ccc(OC)cc2)cc1,4,4,1.0,1.0,1.0,1.0,1.0,1.0,4,0,70,0
c1ccc2c(c1)C[C@@H]1OC(C3(C4=N[C@@H]5c6ccccc6C[C@@H]5O4)CCCC3)=N[C@H]21,2,2,1.0,1.0,1.0,1.0,1.0,1.0,2,0,27,0
CCN(CC)C(=N)ON=C(C)C,2,2,1.0,1.0,1.0,1.0,1.0,1.0,2,0,10,0
[CH]=C([C@H](Sc1ccccn1)c1ccccn1)[P+](c1ccccc1)(c1ccccc1)c1ccccc1,3,4,0.0,0.0,0.984375,1.0,0.96875,0.9714285714285714,3,1,31,0
N#Cc1ccc(/C=C/C(=N/N=C(\[S-])Nc2ccccc2)c2ccccc2)cc1,2,2,1.0,1.0,1.0,1.0,1.0,1.0,2,0,26,0
Cc1ccc(/C=C/C(=N/N=C(\[S-])Nc2ccccc2)c2ccccc2)cc1,2,2,1.0,1.0,1.0,1.0,1.0,1.0,2,0,25,0
c1ccc2nn(CCNCCn3nnc4ccccc43)nc2c1,3,5,0.0,0.0,0.95,1.0,0.9,0.9130434782608695,3,2,18,0
c1ccc2nn(CC[NH2+]CCn3nnc4ccccc43)nc2c1,1,4,0.0,0.0,0.9318181818181819,1.0,0.8636363636363636,0.8695652173913043,1,3,19,0
[S-]/C(=N\N=C(\C=C\c1ccc(Cl)cc1)c1ccccc1)Nc1ccccc1,2,2,1.0,1.0,1.0,1.0,1.0,1.0,2,0,25,0
CC(C)P(C1=C(O[Si-](c2ccccc2)c2ccccc2)Cc2ccccc21)C(C)C,2,2,1.0,1.0,1.0,1.0,1.0,1.0,2,0,28,0
CCCCCOc1ccc(C(=O)Oc2ccc(/C=N/CCOCCOCC/N=C/c3ccc(OC(=O)c4ccc(OCCCCC)cc4)cc3[O-])c([O-])c2)cc1,4,6,0.0,0.0,0.9807692307692308,1.0,0.9615384615384616,0.9642857142857143,4,2,50,0
COC1=C(OC)C(=O)C(C)=[C]C1=O,1,1,1.0,1.0,1.0,1.0,1.0,1.0,1,0,12,0
COC(C)(C)C(=O)[O-],2,3,0.0,0.0,0.9166666666666667,1.0,0.8333333333333334,0.875,2,1,5,0
CC[C@H](CC/N=C/c1cc(Cl)cc(Cl)c1[O-])/N=C/c1cc(Cl)cc(Cl)c1[O-],4,4,1.0,1.0,1.0,1.0,1.0,1.0,4,0,23,0
Cc1cc(C)c([O-])c(CN(CCN(C)C)Cc2cc(C(C)(C)C)cc(C(C)(C)C)c2[O-])c1,4,4,1.0,1.0,1.0,1.0,1.0,1.0,4,0,28,0
Cc1cc[n+]([O-])c2ccccc12,1,1,1.0,1.0,1.0,1.0,1.0,1.0,1,0,11,0
Cc1cc2c(c(C(C)(C)C)c1)OP1Oc3c(cc(C)cc3C(C)(C)C)C2c2cc(C)cc(C(C)(C)C)c2O1,1,1,1.0,1.0,1.0,1.0,1.0,1.0,1,0,37,0
CC(C)(C)c1cc2c(c(C(C)(C)C)c1)OP1Oc3c(cc(C(C)(C)C)cc3C(C)(C)C)C2c2cc(C(C)(C)C)cc(C(C)(C)C)c2O1,1,1,1.0,1.0,1.0,1.0,1.0,1.0,1,0,46,0
c1ccc([N-2]~[N-3]~[C](~[N-3]~[N-2]c2ccccc2)c2ccc[nH+]c2)cc1,2,2,1.0,1.0,1.0,1.0,1.0,1.0,2,0,21,0
CN(C)Cc1[c]cc([Si](C)(C)C)cc1,2,2,1.0,1.0,1.0,1.0,1.0,1.0,2,0,12,0
COC(=O)[C@@H]1CCCN1Cc1cccc(C)n1,3,3,1.0,1.0,1.0,1.0,1.0,1.0,3,0,14,0
CCc1c(O)c2c(c(OC)c1CC)O[C@@H]1COC(C)(C)O[C@H]1[C@@H]2O[Si](C(C)C)(C(C)C)C(C)C,6,6,1.0,1.0,1.0,1.0,1.0,1.0,6,0,28,0
CC(C)(C)[Si]([SiH-][Si](C(C)(C)C)(C(C)(C)C)C(C)(C)C)(C(C)(C)C)C(C)(C)C,1,1,1.0,1.0,1.0,1.0,1.0,1.0,1,0,26,0
O=S(=O)([O-])c1ccccc1/N=C/c1ccccc1[O-],3,3,1.0,1.0,1.0,1.0,1.0,1.0,3,0,16,0
CC(=O)N(c1ccccn1)c1ncccc1C,2,3,0.0,0.0,0.9666666666666667,1.0,0.9333333333333333,0.9411764705882353,2,1,14,0
Cc1nn(-c2ccccc2)c([O-])c1/C=N/c1ccccc1CO,3,3,1.0,1.0,1.0,1.0,1.0,1.0,3,0,20,0
CO[C@]1(C)[C]=C(c2ccccc2)[n+]2ccccc21,1,1,1.0,1.0,1.0,1.0,1.0,1.0,1,0,17,0
C[C@]1(O)[C]=C(c2ccsc2)[n+]2ccccc21,1,1,1.0,1.0,1.0,1.0,1.0,1.0,1,0,15,0
C/C(C[N-]c1ccccc1[N-]c1c(C(C)C)cccc1C(C)C)=N\c1ccccc1[N-]c1c(C(C)C)cccc1C(C)C,4,4,1.0,1.0,1.0,1.0,1.0,1.0,4,0,39,0
CC(C)c1cccc(C(C)C)c1[N-]c1ccccc1/N=C(/C[N-]c1ccccc1[N-]c1c(C(C)C)cccc1C(C)C)Cc1ccccc1,4,4,1.0,1.0,1.0,1.0,1.0,1.0,4,0,45,0
CC(C)c1cccc(C(C)C)c1[N-]c1ccccc1/N=C(/C[N-]c1ccccc1[N-]c1c(C(C)C)cccc1C(C)C)CC1CC1,4,4,1.0,1.0,1.0,1.0,1.0,1.0,4,0,42,0
O=C(Nc1cccnc1)Nc1ncccn1,1,4,0.0,0.0,0.9,1.0,0.8,0.8125,1,3,12,0
Cc1c(C)c2p(c1-c1ccccc1)O[C@H](C(C)C)CC[C@@H](C(C)C)Op1c(-c3ccccc3)c(C)c(C)c1-2,2,2,1.0,1.0,1.0,1.0,1.0,1.0,2,0,36,0
O=C([O-])c1[n-]cnc1-c1nc2ccccc2[nH]1,2,4,0.0,0.0,0.9333333333333333,1.0,0.8666666666666667,0.8823529411764706,2,2,13,0
Fc1ccc(P(c2ccccc2)c2ccccc2)cc1,1,1,1.0,1.0,1.0,1.0,1.0,1.0,1,0,19,0
CC(C)(C)c1cc(CN(CCOCC[O-])Cc2cc(C(C)(C)C)cc(C(C)(C)C)c2[O-])c([O-])c(C(C)(C)C)c1,5,5,1.0,1.0,1.0,1.0,1.0,1.0,5,0,34,0
c1nc(CN2CCCN(Cc3c[nH]cn3)CCC2)c[nH]1,4,4,1.0,1.0,1.0,1.0,1.0,1.0,4,0,16,0
NN([C]Cc1ccccc1)c1ccccc1,2,2,1.0,1.0,1.0,1.0,1.0,1.0,2,0,14,0
CC(C)(C)c1ccc(-c2cc3cccnc3c3ncccc23)cc1,2,2,1.0,1.0,1.0,1.0,1.0,1.0,2,0,22,0
FC(F)(F)c1ccc(-c2cc3cccnc3c3ncccc23)cc1,2,2,1.0,1.0,1.0,1.0,1.0,1.0,2,0,22,0
CC(C)=[C][N+]1=C(C)SCC1,1,1,1.0,1.0,1.0,1.0,1.0,1.0,1,0,9,0
CN(C)/N=C/C(=O)/C=C/c1ccccc1Cl,3,4,0.0,0.0,0.9615384615384616,1.0,0.9230769230769231,0.9375,3,1,12,0
O=C(Nc1cccc(CN(Cc2ccccn2)Cc2cccc(NC(=O)c3ccc4ccccc4c3)n2)n1)c1ccc2ccccc2c1,5,6,0.0,0.0,0.9883720930232558,1.0,0.9767441860465116,0.9791666666666666,5,1,42,0
CC(C)(C)c1cc(/C2=C3\C=CC(=N3)C(=O)c3ccc([n-]3)/C(c3cc(C(C)(C)C)c(O)c(C(C)(C)C)c3)=C3/C=CC(=N3)C(=O)c3ccc2[n-]3)cc(C(C)(C)C)c1O,4,4,1.0,1.0,1.0,1.0,1.0,1.0,4,0,52,0
CCc1cccc(CC)c1[N-2]~[C](C)~[CH]~[C](C)~[N-2][C@@H](c1ccccn1)[C@@H]([N-2]~[C](C)~[CH]~[C](C)~[N-2]c1c(CC)cccc1CC)c1ccccn1,4,6,0.0,0.0,0.9772727272727273,1.0,0.9545454545454546,0.9583333333333334,4,2,42,0
c1ccc(P(B2Nc3cccc4cccc(c34)N2)c2ccccc2)cc1,1,1,1.0,1.0,1.0,1.0,1.0,1.0,1,0,25,0
[C]#[N+]/C(Cl)=C(\F)C#C,1,1,1.0,1.0,1.0,1.0,1.0,1.0,1,0,7,0
Cc1cc(C)n([C](n2nc(C)cc2C)P(=Nc2ccccc2)(C2CCCCC2)C2CCCCC2)n1,3,4,0.0,0.0,0.984375,1.0,0.96875,0.9714285714285714,3,1,31,0
Cc1cc(C)nc(N/N=C/c2c(C)[nH]n(-c3ccccc3)c2=O)n1,3,4,0.0,0.0,0.9761904761904762,1.0,0.9523809523809523,0.9583333333333334,3,1,20,0
[O-]c1c(I)cc(I)cc1CN(Cc1ccccn1)Cc1ccccn1,4,4,1.0,1.0,1.0,1.0,1.0,1.0,4,0,21,0
c1ccc(P(CCCP2CCCC2)CCCP2CCCC2)cc1,3,3,1.0,1.0,1.0,1.0,1.0,1.0,3,0,20,0
CC(=O)/C=C(/C)Nc1ccc(C(F)(F)F)cc1,1,1,1.0,1.0,1.0,1.0,1.0,1.0,1,0,16,0
CC1(C)[C@H]2Cc3ccc(-c4ccc5c(n4)[C@@H]4C[C@H](C5)C4(C)C)nc3[C@@H]1C2,2,2,1.0,1.0,1.0,1.0,1.0,1.0,2,0,24,0
C=C1N(C)c2ccccc2N1C,1,7,0.0,0.0,0.7272727272727273,1.0,0.45454545454545453,0.5,1,6,5,0
CO[PH](=O)OC,1,1,1.0,1.0,1.0,1.0,1.0,1.0,1,0,5,0
C=CC[C@H]1C=CC=C(C(F)(F)F)N1C,2,2,1.0,1.0,1.0,1.0,1.0,1.0,2,0,12,0
[C](=C1\CCCc2ccccc21)\c1ccccc1,1,1,1.0,1.0,1.0,1.0,1.0,1.0,1,0,16,0
Cc1ccc([C](~[N-3]~[N-2]c2c(C)cc(C)cc2C)~[N-3]~[N-2]c2c(C)cc(C)cc2C)cc1,2,2,1.0,1.0,1.0,1.0,1.0,1.0,2,0,28,0
N/C([S-])=N/N=C\c1ccc(Cl)cc1,2,3,0.0,0.0,0.9545454545454546,1.0,0.9090909090909091,0.9230769230769231,2,1,10,0
c1ccc(C2(c3ccccn3)NCCN2)nc1,3,4,0.0,0.0,0.9642857142857143,1.0,0.9285714285714286,0.9411764705882353,3,1,13,0
[CH2][C@H](C)c1cccc(C(C)C)c1[N-2]~[C](N=C(C(C)(C)C)C(C)(C)C)~[N-2]c1c(C(C)C)cccc1C(C)C,3,3,1.0,1.0,1.0,1.0,1.0,1.0,3,0,34,0
C[P+](C)(C)/C=[C]\c1ccccc1,1,1,1.0,1.0,1.0,1.0,1.0,1.0,1,0,11,0
FC(F)(F)c1ccc(/[C]=C/c2ccccn2)cc1,2,2,1.0,1.0,1.0,1.0,1.0,1.0,2,0,16,0
Cn1c(-c2ccnc(-c3nc4ccccc4n3C)c2)nc2ccccc21,2,2,1.0,1.0,1.0,1.0,1.0,1.0,2,0,24,0
C/C(=N\CCC(=O)[O-])c1ccccn1,3,4,0.0,0.0,0.9545454545454546,1.0,0.9090909090909091,0.9285714285714286,3,1,10,0
[O-]/C(=C\c1ccccc1)c1nccn1-c1ccccc1,2,2,1.0,1.0,1.0,1.0,1.0,1.0,2,0,18,0
[N-]=[N+]=C(c1ccccc1)c1ccnc(-c2ccccn2)c1,2,3,0.0,0.0,0.9736842105263157,1.0,0.9473684210526315,0.9523809523809523,2,1,18,0
[CH2]~[C](~[CH2])[Si](CC)(CC)CC,3,3,1.0,1.0,1.0,1.0,1.0,1.0,3,0,7,0
[CH2]~[C](~[CH]C)[Si](CC)(CC)CC,3,3,1.0,1.0,1.0,1.0,1.0,1.0,3,0,8,0
Cc1ccc(N/C([S-])=N\N=C\c2cccs2)cc1,2,3,0.0,0.0,0.96875,1.0,0.9375,0.9444444444444444,2,1,15,0
[S-]/C(=N/N=C/c1cccs1)Nc1ccc(Cl)cc1,2,3,0.0,0.0,0.96875,1.0,0.9375,0.9444444444444444,2,1,15,0
Fc1ccc(N/C([S-])=N\N=C\c2cccs2)cc1,2,3,0.0,0.0,0.96875,1.0,0.9375,0.9444444444444444,2,1,15,0
[S-]/C(=N/N=C/c1cccs1)Nc1ccc(Br)cc1,2,3,0.0,0.0,0.96875,1.0,0.9375,0.9444444444444444,2,1,15,0
CC1=N\O[B@-]2(F)O/N=C(c3ccccc3)/C(c3ccccc3)=N/O[B@-](F)(O/N=C/1C)O/N=C(c1ccccc1)/C(c1ccccc1)=N/O2,6,6,1.0,1.0,1.0,1.0,1.0,1.0,6,0,42,0
CC1=N\O[B@-]2(F)O/N=C(C)/C(C)=N/O[B@-](F)(O/N=C/1C)O/N=C(c1ccccc1)/C(c1ccccc1)=N/O2,6,6,1.0,1.0,1.0,1.0,1.0,1.0,6,0,32,0
C[Si-](C)c1ccccc1P(C1CCCCC1)C1CCCCC1,2,2,1.0,1.0,1.0,1.0,1.0,1.0,2,0,20,0
[O-]c1ccccc1/C=N/c1ccc2ccccc2c1-c1c(/N=C/c2ccccc2[O-])ccc2ccccc12,4,4,1.0,1.0,1.0,1.0,1.0,1.0,4,0,34,0
CC(C)(N)CNCC(C)(C)N,3,3,1.0,1.0,1.0,1.0,1.0,1.0,3,0,8,0
[CH2]~[C](~[CH]~[CH]c1ccccc1)OC(=O)[C@]12CC[C@H](CC1=O)C2(C)C,4,4,1.0,1.0,1.0,1.0,1.0,1.0,4,0,19,0
CC1(C)[C@@H]2CC[C@@]1(C(=O)O[C]1~[CH]~[CH]CC[CH]~1)C(=O)C2,4,4,1.0,1.0,1.0,1.0,1.0,1.0,4,0,15,0
CC1(C)[C@H]2CC[C@]1(C(=O)O[C]1CC[CH]~[CH]~[CH]~1)C(=O)C2,4,4,1.0,1.0,1.0,1.0,1.0,1.0,4,0,15,0
C[C@H]1[CH]~[CH]~[C](OC(=O)[C@]23CC[C@H](CC2=O)C3(C)C)~[CH]C1,4,4,1.0,1.0,1.0,1.0,1.0,1.0,4,0,16,0
C[Si](C)([O-])c1ccc(C(F)(F)F)cc1,1,1,1.0,1.0,1.0,1.0,1.0,1.0,1,0,13,0
CC(C)/C([O-])=C/C(=N/c1ccccc1)C(F)(F)F,2,2,1.0,1.0,1.0,1.0,1.0,1.0,2,0,16,0
c1ccc(P(C[C@@H]2[C@@H]3CC[C@@H](C3)[C@H]2CP(c2ccccc2)c2ccccc2)c2ccccc2)cc1,2,2,1.0,1.0,1.0,1.0,1.0,1.0,2,0,33,0
CC1(C)C[C](~[O-2])~[CH]~[C](~[O-2])C1,1,2,0.0,0.0,0.9444444444444444,1.0,0.8888888888888888,0.9,1,1,8,0
CC(C)(C)C1=Nc2ccccc2[P+]1=O,1,2,0.0,0.0,0.9615384615384616,1.0,0.9230769230769231,0.9285714285714286,1,1,12,0
CC1(C)C/N=C/c2ccccc2N2CCN(CC2)c2ccccc2/C=N/C1,4,4,1.0,1.0,1.0,1.0,1.0,1.0,4,0,23,0
C1=N/CCC/N=C/c2ccccc2N2CCN(CC2)c2ccccc2/1,4,4,1.0,1.0,1.0,1.0,1.0,1.0,4,0,21,0
Cc1c(C)n(-c2c(C(C)C)cccc2C(C)C)/c(=[N+]\CC/[N+]=c2/n(C)c(C)c(C)n2-c2c(C(C)C)cccc2C(C)C)n1C,2,2,1.0,1.0,1.0,1.0,1.0,1.0,2,0,42,0
Fc1[c]c(Cl)cnc1,1,1,1.0,1.0,1.0,1.0,1.0,1.0,1,0,7,0
CN(C)c1cc(/N=C/c2cc(C(C)(C)C)cc(C(C)(C)C)c2[O-])c(/N=C/c2cc(C(C)(C)C)cc(C(C)(C)C)c2[O-])cc1N(C)C,4,4,1.0,1.0,1.0,1.0,1.0,1.0,4,0,42,0
COc1cccc(/C=N/c2ccc(Oc3ccc(/N=C/c4cccc(OC)c4O)cc3)cc2)c1[O-],2,4,0.0,0.0,0.7045454545454546,0.5,0.9090909090909091,0.8857142857142857,1,3,30,1
CC(C)(C)c1cc(C(C)(C)C)c2op(-c3cccc4c3[C@H]3c5ccccc5[C@@H]4c4cccc(-p5oc6c(C(C)(C)C)cc(C(C)(C)C)cc6c6cc(C(C)(C)C)cc(C(C)(C)C)c6o5)c43)oc3c(C(C)(C)C)cc(C(C)(C)C)cc3c2c1,2,2,1.0,1.0,1.0,1.0,1.0,1.0,2,0,80,0
C1=Cc2ccccc2C(OC2c3ccccc3C=Cc3ccccc32)c2ccccc21,5,4,0.0,0.0,0.9,0.8,1.0,0.967741935483871,4,0,26,1
O=C([N-][P+](c1ccccc1)(c1ccccc1)c1cccc2cccc(P(c3ccccc3)c3ccccc3)c12)c1ccc([N+](=O)[O-])cc1,2,3,0.0,0.0,0.9891304347826086,1.0,0.9782608695652174,0.9791666666666666,2,1,45,0
S=P(c1ccccc1)(c1ccccc1)c1cccc2cccc(P(c3ccccc3)c3ccccc3)c12,2,2,1.0,1.0,1.0,1.0,1.0,1.0,2,0,35,0
Cc1c(C(=O)[O-])nnn1-c1cc[nH]n1,2,4,0.0,0.0,0.9166666666666667,1.0,0.8333333333333334,0.8571428571428571,2,2,10,0
O=C([O-])Cn1cc(C(=O)[O-])ccc1=O,1,4,0.0,0.0,0.8846153846153846,1.0,0.7692307692307693,0.7857142857142857,1,3,10,0
C(=N/CCSc1ccccc1)\c1ccccn1,3,3,1.0,1.0,1.0,1.0,1.0,1.0,3,0,14,0
C#Cc1ccc(/N=C/c2ccccn2)cc1,2,2,1.0,1.0,1.0,1.0,1.0,1.0,2,0,14,0
CN1C[C@@H]2c3nc(c(-c4c(F)c(F)c(F)c(F)c4F)c4[n-]c(c(-c5c(F)c(F)c(F)c(F)c5F)c5nc(c(-c6c(F)c(F)c(F)c(F)c6F)c6ccc([n-]6)c3-c3c(F)c(F)c(F)c(F)c3F)C=C5)[C@H]3CN(C)C[C@@H]43)[C@@H]2C1,4,4,1.0,1.0,1.0,1.0,1.0,1.0,4,0,72,0
O=NN1CCCCC1,1,2,0.0,0.0,0.9285714285714286,1.0,0.8571428571428571,0.875,1,1,6,0
[CH2]/C=C(\[C](~[CH]~[CH]C(=O)OC)C(=O)OC)C(=O)OC,4,4,1.0,1.0,1.0,1.0,1.0,1.0,4,0,14,0
CC(C)/N=C1\OCc2ccccc21,1,1,1.0,1.0,1.0,1.0,1.0,1.0,1,0,12,0
O=[C]c1cnc(N2CCCCC2)s1,1,1,1.0,1.0,1.0,1.0,1.0,1.0,1,0,12,0
O[C]c1cnc(N2CCCCC2)s1,1,1,1.0,1.0,1.0,1.0,1.0,1.0,1,0,12,0
[C]c1cnc(N2CCCCC2)s1,1,1,1.0,1.0,1.0,1.0,1.0,1.0,1,0,11,0
CC(=O)Nc1cccc(/C=C/c2cc(C)c3ccc(NC(C)=O)nc3n2)n1,2,5,0.0,0.0,0.94,1.0,0.88,0.8888888888888888,2,3,22,0
C[C@@H]1C[C@H](C)N[C@@H]2CCCC[C@@H]2N[C@H](C)C[C@H](C)N[C@@H]2CCCC[C@@H]2N1,4,4,1.0,1.0,1.0,1.0,1.0,1.0,4,0,22,0
Cc1cc([O-])c(C(=O)c2ccccc2)cc1Cl,2,2,1.0,1.0,1.0,1.0,1.0,1.0,2,0,15,0
CCCCn1c(-c2ccccn2)nc2ccccc21,2,2,1.0,1.0,1.0,1.0,1.0,1.0,2,0,17,0
CC(C)(C)c1cc(SCCN(CCc2ccccn2)Cc2ccccc2)c([O-])c(C(C)(C)C)c1,4,4,1.0,1.0,1.0,1.0,1.0,1.0,4,0,30,0
C1CN[C@H](CN[C@H]2CCCC[C@@H]2NC[C@@H]2CCCN2)C1,4,4,1.0,1.0,1.0,1.0,1.0,1.0,4,0,16,0
O[C@H]1C[C@@H]2N(C1)[C@H](c1ccccc1P(c1ccccc1)c1ccccc1)OC2(c1ccccc1)c1ccccc1,2,9,0.0,0.0,0.9078947368421053,1.0,0.8157894736842105,0.825,2,7,31,0
c1ccc(P(c2ccccc2)c2ccccc2[C@@H]2OC(c3ccccc3)(c3ccccc3)[C@@H]3[C@H]4CC[C@H](C4)N32)cc1,2,7,0.0,0.0,0.9358974358974359,1.0,0.8717948717948718,0.8780487804878049,2,5,34,0
Cc1cc(C)cc(-c2cc(C)cc(C)c2)c1,6,10,0.0,0.0,0.6666666666666667,0.8333333333333334,0.5,0.625,5,5,5,1
COc1cccc(/C=N/N=C(\[O-])COc2ccc(Cl)cc2Cl)c1[O-],3,3,1.0,1.0,1.0,1.0,1.0,1.0,3,0,21,0
C[CH]~[CH]~[CH]~[CH]C(=O)O,4,4,1.0,1.0,1.0,1.0,1.0,1.0,4,0,4,0
CC[C@]12C[C@@]3(CC)O[C@](CC)(C[C@@](CC)(O1)P3c1ccccc1)O2,1,1,1.0,1.0,1.0,1.0,1.0,1.0,1,0,23,0
COc1cc([N+](=O)[O-])cc(/C=N/CCNCCNCC/N=C/c2cc([N+](=O)[O-])cc(OC)c2[O-])c1[O-],6,6,1.0,1.0,1.0,1.0,1.0,1.0,6,0,30,0
CCOc1cc([N+](=O)[O-])cc(/C=N/CCNCCNCC/N=C/c2cc([N+](=O)[O-])cc(OCC)c2[O-])c1[O-],6,6,1.0,1.0,1.0,1.0,1.0,1.0,6,0,32,0
O=C(Nc1ccccc1[S-])C(F)(F)F,1,2,0.0,0.0,0.9615384615384616,1.0,0.9230769230769231,0.9285714285714286,1,1,12,0
CN(C)c1ccccc1-n1ccnc1P(C1CCCCC1)C1CCCCC1,1,3,0.0,0.0,0.9615384615384616,1.0,0.9230769230769231,0.9259259259259259,1,2,24,0
C(=C/c1cccc(-n2c(-c3ccccc3)ccc2-c2ccccc2)c1)\C=N\[C@H]1C[C@@H](/N=C/C=C/c2cccc(-n3c(-c4ccccc4)ccc3-c3ccccc3)c2)C[C@@H](/N=C/C=C/c2cccc(-n3c(-c4ccccc4)ccc3-c3ccccc3)c2)C1,3,3,1.0,1.0,1.0,1.0,1.0,1.0,3,0,84,0
CC1=C([O-])/C(=C\[N-]c2c(C)n(C)n(-c3ccccc3)c2=O)C(CO)=CN1,3,3,1.0,1.0,1.0,1.0,1.0,1.0,3,0,23,0
O=C([O-])COc1ccc(SCC(=O)O)cc1,2,5,0.0,0.0,0.8928571428571428,1.0,0.7857142857142857,0.8125,2,3,11,0
CN(C)Cc1[c]c2ccc1CCc1ccc(cc1)CC2,2,2,1.0,1.0,1.0,1.0,1.0,1.0,2,0,18,0
CCN(CC)c1nc(N)nc2sc(C(=O)OC)cc12,1,2,0.0,0.0,0.9722222222222222,1.0,0.9444444444444444,0.9473684210526315,1,1,17,0
O=C(C#Cc1ccccc1)c1ccccc1,2,2,1.0,1.0,1.0,1.0,1.0,1.0,2,0,14,0
C/N=C/c1c[nH]c(C)n1,2,2,1.0,1.0,1.0,1.0,1.0,1.0,2,0,7,0
CC/N=C/c1c[nH]c(C)n1,2,2,1.0,1.0,1.0,1.0,1.0,1.0,2,0,8,0
CCCC/N=C/c1c[nH]c(C)n1,2,2,1.0,1.0,1.0,1.0,1.0,1.0,2,0,10,0
CCCCC/N=C/c1c[nH]c(C)n1,2,2,1.0,1.0,1.0,1.0,1.0,1.0,2,0,11,0
CCN1[C](/C(C)=N/c2c(C)cccc2C)~[CH]~[CH]~[CH]~[C]1/C(C)=N/c1c(C)cccc1C,3,3,1.0,0.0,0.8148148148148148,0.6666666666666666,0.9629629629629629,0.9333333333333333,2,1,26,1
COc1cccc(-c2cccc(CN(Cc3ccccn3)Cc3ccccn3)n2)n1,5,5,1.0,1.0,1.0,1.0,1.0,1.0,5,0,25,0
CN(Cc1cc(Cl)cc(Cl)c1[O-])[C@@H]1CCCC[C@H]1N(C)Cc1cc(Cl)cc(Cl)c1[O-],4,4,1.0,1.0,1.0,1.0,1.0,1.0,4,0,26,0
[O-]c1c(Cl)cc(Cl)cc1CN[C@@H]1CCCC[C@H]1NCc1cc(Cl)cc(Cl)c1[O-],4,4,1.0,1.0,1.0,1.0,1.0,1.0,4,0,24,0
COc1ccc(C2=C(c3ccc(OC)cc3)C(c3ccc(OC)cc3)=C(c3ccc(OC)cc3)C2=O)cc1,4,5,0.0,0.0,0.9852941176470589,1.0,0.9705882352941176,0.9736842105263158,4,1,33,0
CC(C)Oc1ccccc1[C]/C=C/c1ccccc1,2,4,0.0,0.0,0.9411764705882353,1.0,0.8823529411764706,0.8947368421052632,2,2,15,0
CC(C)N1CCOP1ON1C(C)(C)CCCC1(C)C,1,1,1.0,1.0,1.0,1.0,1.0,1.0,1,0,18,0
CC(=N\C(C)C)/C(C)=N/C(C)C,2,2,1.0,1.0,1.0,1.0,1.0,1.0,2,0,10,0
CCOC(=O)C[N-]C(=O)C[S-],2,2,1.0,1.0,1.0,1.0,1.0,1.0,2,0,9,0
CCOC(=O)CNC(=O)C[S-],2,2,1.0,1.0,1.0,1.0,1.0,1.0,2,0,9,0
CCOC(=O)c1nc(/N=N/c2ccc([N+](=O)[O-])cc2)c2ccccn12,2,2,1.0,1.0,1.0,1.0,1.0,1.0,2,0,23,0
CC(C)([S-])CN1CCCN(CC(C)(C)[S-])CCC1,4,4,1.0,1.0,1.0,1.0,1.0,1.0,4,0,14,0
O/N=C(/CN1CCCN(C/C(=N/O)c2ccccc2)CC1)c1ccccc1,4,4,1.0,1.0,1.0,1.0,1.0,1.0,4,0,23,0
C[Si](C)(C)C1=C([C]=O)[C@H]2C=C[C@@H]1C2,1,1,1.0,1.0,1.0,1.0,1.0,1.0,1,0,12,0
C1=C/C(=C/c2ccc(C/N=C/c3ccc[n-]3)[n-]2)N=C1,4,4,1.0,1.0,1.0,1.0,1.0,1.0,4,0,15,0
O=C([CH][n+]1ccn(Cc2cccc3ccccc23)c1-c1[c]cccc1)Nc1ccccc1,2,2,1.0,1.0,1.0,1.0,1.0,1.0,2,0,30,0
O=C([CH][n+]1ccn(Cc2cccc3ccccc23)c1-c1ccccc1)[N-]c1ccccc1,2,2,1.0,1.0,1.0,1.0,1.0,1.0,2,0,30,0
CN1[C@@H](c2ccsc2)P1C([Si](C)(C)C)[Si](C)(C)C,1,1,1.0,1.0,1.0,1.0,1.0,1.0,1,0,17,0
[O-]/C(=C\c1ccc(Cl)cc1)c1nccn1-c1ccccc1,2,2,1.0,1.0,1.0,1.0,1.0,1.0,2,0,19,0
c1cc2nc(c1)CNc1ccccc1CNCCNCc1ccccc1NC2,5,5,1.0,1.0,1.0,1.0,1.0,1.0,5,0,23,0
CN/C([S-])=N/N=C/c1cc2ccc3ccccc3c2[nH]c1=O,3,3,1.0,1.0,1.0,1.0,1.0,1.0,3,0,19,0
CCN/C([S-])=N/N=C/c1cc2ccc3ccccc3c2[nH]c1=O,3,3,1.0,1.0,1.0,1.0,1.0,1.0,3,0,20,0
O=c1sc2c(s1)SCCSCCS2,3,3,1.0,1.0,1.0,1.0,1.0,1.0,3,0,10,0
Cc1ccsc1/C=N\NC(=O)c1ccc(O)cc1,2,3,0.0,0.0,0.96875,1.0,0.9375,0.9444444444444444,2,1,15,0
CC[C@@H]([O-])[C@@H]1CCOC(=O)[N-]1,2,2,1.0,1.0,1.0,1.0,1.0,1.0,2,0,9,0
CN(C)CCN[C@@H]1CCCc2cccnc21,3,3,1.0,1.0,1.0,1.0,1.0,1.0,3,0,13,0
CC(C)N(CCN[C@@H]1CCCc2cccnc21)C(C)C,2,3,0.0,0.0,0.9722222222222222,1.0,0.9444444444444444,0.95,2,1,17,0
CN(Cc1ccccn1)C1CCCCC1,2,2,1.0,1.0,1.0,1.0,1.0,1.0,2,0,13,0
CC(C)Sc1cc(C(C)(C)C)cc(/C=N/c2ccc3ccccc3c2-c2c(/N=C/c3cc(C(C)(C)C)cc(SC(C)C)c3[O-])ccc3ccccc23)c1[O-],4,6,0.0,0.0,0.98,1.0,0.96,0.9629629629629629,4,2,48,0
COC1=CC=C([C]O[C@H]2C[C@@H](C)CC[C@@H]2C(C)C)[C@H](C(C)(C)C)[C@H]1C,1,1,1.0,1.0,1.0,1.0,1.0,1.0,1,0,24,0
O=C([O-])[C@@H]1CCCN1Cc1ccccn1,3,4,0.0,0.0,0.9583333333333333,1.0,0.9166666666666666,0.9333333333333333,3,1,11,0
COc1ccc(C(=O)NC(C)(C)C)c([N-]C(=O)c2cc(C(F)(F)F)cc(C(F)(F)F)c2)c1,2,2,1.0,1.0,1.0,1.0,1.0,1.0,2,0,30,0
CN1[C][C@H]2OC(C)(C)O[C@H]2[C@@H]1[C@H]1COC(C)(C)O1,1,1,1.0,1.0,1.0,1.0,1.0,1.0,1,0,17,0
CC(C)(C)c1ccc(CSSCc2ccc(C(C)(C)C)cc2)cc1,1,2,0.0,0.0,0.9782608695652174,1.0,0.9565217391304348,0.9583333333333334,1,1,22,0
C1[C@H]2C[C@H]3C[C@@H]1C[C@@](SS[C@]14C[C@H]5C[C@H](C[C@H](C5)C1)C4)(C2)C3,1,2,0.0,0.0,0.9761904761904762,1.0,0.9523809523809523,0.9545454545454546,1,1,20,0
COC(=O)/C=[C]/CC(=O)OC,2,3,0.0,0.0,0.9444444444444444,1.0,0.8888888888888888,0.9090909090909091,2,1,8,0
S=c1cccccc1[S-],2,2,1.0,1.0,1.0,1.0,1.0,1.0,2,0,7,0
C=C([N-]c1c(C(C)C)cccc1C(C)C)c1cccc(OC)n1,2,2,1.0,1.0,1.0,1.0,1.0,1.0,2,0,21,0
CC(CO)(CNCCN)CNCCN,5,5,1.0,1.0,1.0,1.0,1.0,1.0,5,0,9,0
NCCNCC(CO)(CO)CNCCN,4,4,1.0,1.0,1.0,1.0,1.0,1.0,4,0,11,0
C=CCN1CNCCNCC(CO)(CO)CNCCNC1,4,5,0.0,0.0,0.9705882352941176,1.0,0.9411764705882353,0.9523809523809523,4,1,16,0
CCC1(CC)c2cccc(n2)C(CC)(CC)c2ccc([n-]2)C(CC)(CC)c2ccc([n-]2)C(CC)(CC)c2cc(C)cc1n2,4,4,1.0,1.0,1.0,1.0,1.0,1.0,4,0,39,0
O=C(/C=C/c1cccs1)c1ccccc1[O-],2,2,1.0,1.0,1.0,1.0,1.0,1.0,2,0,14,0
FP1(F)=NP(F)(F)=N[P@](F)(/[C]=C(C(=[C]/[P@]2(F)=NP(F)(F)=NP(F)(F)=N2)/c2ccccc2)\c2ccccc2)=N1,2,2,1.0,1.0,1.0,1.0,1.0,1.0,2,0,36,0
C=CCC/C=[C]/CCC,3,3,1.0,1.0,1.0,1.0,1.0,1.0,3,0,6,0
CCc1cccc(CC)c1N1[C]C2(CCCCC2)CC1(C)C,1,1,1.0,1.0,1.0,1.0,1.0,1.0,1,0,21,0
c1ccc(CN(CCN2CCOCC2)Cc2ccccn2)nc1,4,5,0.0,0.0,0.9736842105263157,1.0,0.9473684210526315,0.9565217391304348,4,1,18,0
c1ccc(CN(CCN2CCCCC2)Cc2ccccn2)nc1,4,4,1.0,1.0,1.0,1.0,1.0,1.0,4,0,19,0
COc1cc(OC)c(-c2c3nc(c(-c4c(OC)cc(OC)cc4OC)c4ccc([n-]4)c(-c4c(OC)cc(OC)cc4OC)c4nc(c(-c5c(/N=N/c6ccccc6)cccc5/N=N/c5ccccc5)c5ccc2[n-]5)C=C4)C=C3)c(OC)c1,4,4,1.0,1.0,1.0,1.0,1.0,1.0,4,0,78,0
[O-]c1cc(O)ccc1/N=N/c1nccs1,3,3,1.0,1.0,1.0,1.0,1.0,1.0,3,0,12,0
O=C(N/N=C/c1ccccc1)c1ccncc1,1,3,0.0,0.0,0.9375,1.0,0.875,0.8823529411764706,1,2,14,0
CCN(CC)/C([S-])=N/C(=N/N=C(\[S-])N(C)c1ccccc1)c1ccccc1,3,3,1.0,1.0,1.0,1.0,1.0,1.0,3,0,24,0
CCNC(=O)P(/C([S-])=N/C(C)(C)C)c1ccccc1,2,2,1.0,1.0,1.0,1.0,1.0,1.0,2,0,17,0
CC(C)(C)c1cc(C(C)(C)C)c(P(/C(=[C]/c2ccccc2)c2ccccc2)C2([O-])CCCCC2)c(C(C)(C)C)c1,2,3,0.0,0.0,0.986842105263158,1.0,0.9736842105263158,0.975,2,1,37,0
Cc1cccc(-c2cccc(CP(=O)(Cc3cccc(-c4cccc(C)n4)n3)c3ccccc3)n2)n1,4,5,0.0,0.0,0.984375,1.0,0.96875,0.9722222222222222,4,1,31,0
COc1ccc(/N=C(\[S-])[C@H](/C=N/[C@H](C)C2CCCCC2)[N-](~[C]~[N-](/[C]=N/c2c(C)cccc2C)c2c(C)cccc2C)[C@H](C)C2CCCCC2)cc1,3,4,0.0,0.0,0.9895833333333333,1.0,0.9791666666666666,0.9803921568627451,3,1,47,0
[O-2]~[C](~[CH]~[C](~[O-2])[C@]12C[C@H]3C[C@H](C[C@H](C3)C1)C2)[C@]12C[C@H]3C[C@H](C[C@H](C3)C1)C2,2,2,1.0,1.0,1.0,1.0,1.0,1.0,2,0,23,0
Brc1cnn(-c2cccc(-n3cc(Br)cn3)n2)c1,3,3,1.0,1.0,1.0,1.0,1.0,1.0,3,0,15,0
CC(=O)NCC/N=C/c1ccccn1,2,2,1.0,1.0,1.0,1.0,1.0,1.0,2,0,12,0
CC(=N\O)/C(C)=N/N=C(\[O-])Cc1ccccc1,3,3,1.0,1.0,1.0,1.0,1.0,1.0,3,0,14,0
c1ccc(N(c2ccccc2)c2ccc(-c3cc(-c4ccccn4)[n-]n3)cc2)cc1,2,2,1.0,1.0,1.0,1.0,1.0,1.0,2,0,28,0
c1ccc(N(c2ccccc2)c2ccc(-c3cc(-c4ccccn4)n[nH]3)cc2)cc1,2,2,1.0,1.0,1.0,1.0,1.0,1.0,2,0,28,0
O=C(O)CCc1ccccc1,6,6,1.0,1.0,1.0,1.0,1.0,1.0,6,0,5,0
CCOC(=O)CCc1ccccc1,6,7,0.0,0.0,0.9285714285714286,1.0,0.8571428571428571,0.9230769230769231,6,1,6,0
c1ccc(Cn2c(CN(Cc3nc4ccccc4n3Cc3ccccc3)[C@H]3CCCC[C@@H]3N(Cc3nc4ccccc4n3Cc3ccccc3)Cc3nc4ccccc4n3Cc3ccccc3)nc3ccccc32)cc1,6,6,1.0,1.0,1.0,1.0,1.0,1.0,6,0,70,0
Cc1c(CP(C(C)C)C(C)C)[c]c(CP(C(C)C)C(C)C)c(C)c1O,3,3,1.0,1.0,1.0,1.0,1.0,1.0,3,0,22,0
C=C1C(CP(C(C)C)C(C)C)=C(C)C(=O)C(C)=C1CP(C(C)C)C(C)C,4,4,1.0,1.0,1.0,1.0,1.0,1.0,4,0,22,0
O=C(c1ccccc1)c1ccccc1Cl,6,2,0.0,0.0,0.3888888888888889,0.0,0.7777777777777778,0.4666666666666667,0,2,7,6
CCN(Cc1cc(C(C)(C)C)cc(C(C)(C)C)c1[O-])Cc1cc(C(C)(C)C)cc(C(C)(C)C)c1[O-],3,3,1.0,1.0,1.0,1.0,1.0,1.0,3,0,32,0
CCC1=C(C)c2cc3[n-]c(c(C)c3C)c3[nH]c(cc4c(C)c(CC)c(cc1n2)n4C)c(C)c3C,2,2,1.0,1.0,1.0,1.0,1.0,1.0,2,0,32,0
C(=C/c1cccc2ccccc12)\c1ccc(-c2cc(-c3ccccn3)nc(-c3ccccn3)c2)cc1,3,4,0.0,0.0,0.9848484848484849,1.0,0.9696969696969697,0.9722222222222222,3,1,32,0
Cc1ccnc(/C=N/N=C(\[O-])c2ccc(N)cc2)c1,3,3,1.0,1.0,1.0,1.0,1.0,1.0,3,0,16,0
Cc1ccnc(/C=N/N=C(\[O-])c2ccccc2)c1,3,3,1.0,1.0,1.0,1.0,1.0,1.0,3,0,15,0
CC(C)Cc1cc(-c2ccc(Br)cc2)cc(-c2cc(-c3ccc(Br)cc3)cc(CC(C)C)n2)n1,2,2,1.0,1.0,1.0,1.0,1.0,1.0,2,0,32,0
CCCCc1cc(-c2ccc(Br)cc2)cc(-c2cc(-c3ccc(Br)cc3)cc(CCCC)n2)n1,2,2,1.0,1.0,1.0,1.0,1.0,1.0,2,0,32,0
NC(=O)c1ncn([C@@H]2O[C@H](CO)[C@@H](O)[C@H]2O)n1,2,2,1.0,1.0,1.0,1.0,1.0,1.0,2,0,15,0
C[Si](C)(C)N=P([CH]P(=S)(c1ccccc1)c1ccccc1)(c1ccccc1)c1ccccc1,3,3,1.0,1.0,1.0,1.0,1.0,1.0,3,0,30,0
C[Si](C)(C)N=P(CP(=S)(c1ccccc1)c1ccccc1)(c1ccccc1)c1ccccc1,2,2,1.0,1.0,1.0,1.0,1.0,1.0,2,0,31,0
c1ccc(P(CC(CP(c2ccccc2)c2ccccc2)OP2OCCO2)c2ccccc2)cc1,3,3,1.0,1.0,1.0,1.0,1.0,1.0,3,0,32,0
[BH3-][P+]([S-])(C(C)(C)C)C(C)(C)C,1,1,1.0,1.0,1.0,1.0,1.0,1.0,1,0,10,0
Cc1cc([N-][Si](C)(C)C)c([N-][Si](C)(C)C)cc1C,2,2,1.0,1.0,1.0,1.0,1.0,1.0,2,0,16,0
c1ccc(CN[C@H]2C[C@@H](NCc3ccccc3)C[C@@H](NCc3ccccc3)C2)cc1,3,3,1.0,1.0,1.0,1.0,1.0,1.0,3,0,27,0
O=C(O)c1ccc(Cn2c(CN(CCN(Cc3nc4ccccc4n3Cc3ccc(C(=O)O)cc3)Cc3nc4ccccc4n3Cc3ccc(C(=O)O)cc3)Cc3nc4ccccc4n3Cc3ccc(C(=O)O)cc3)nc3ccccc32)cc1,6,6,1.0,1.0,1.0,1.0,1.0,1.0,6,0,78,0
O=C([CH][C@@H](c1ccccc1)P(=S)(c1ccccc1)c1ccccc1)c1ccc2ccccc2n1,3,3,1.0,1.0,1.0,1.0,1.0,1.0,3,0,31,0
Cc1cccc(C(=O)[CH][C@@H](c2ccccc2)P(=S)(c2ccccc2)c2ccccc2)n1,3,3,1.0,1.0,1.0,1.0,1.0,1.0,3,0,28,0
Cc1cc(C(c2ccccc2)c2ccccc2)c([N-][Si](C)(C)C)c(C(c2ccccc2)c2ccccc2)c1,1,1,1.0,1.0,1.0,1.0,1.0,1.0,1,0,37,0
CO[C@@H]1[C@@H](OC)[C@@H](OC)[C@H](OP(c2ccccc2)c2ccccc2)[C@@H](OP(c2ccccc2)c2ccccc2)[C@@H]1OC,2,2,1.0,1.0,1.0,1.0,1.0,1.0,2,0,40,0
O=C1C(c2ccc(C(F)(F)F)cc2)=C(c2ccc(C(F)(F)F)cc2)C(c2ccc(C(F)(F)F)cc2)=C1c1ccc(C(F)(F)F)cc1,4,5,0.0,0.0,0.9880952380952381,1.0,0.9761904761904762,0.9782608695652174,4,1,41,0
O=C(N/N=C/c1ccccc1[O-])c1ccc2c(c1)OCCO2,3,3,1.0,1.0,1.0,1.0,1.0,1.0,3,0,19,0
Cc1cc(-c2ccccn2)nc(-n2nc(C)cc2C)n1,3,3,1.0,1.0,1.0,1.0,1.0,1.0,3,0,17,0
CC(C)c1cccc(C(C)C)c1[N-]c1ccccc1[N-][C@@H]1[C@H]([N-]c2ccccc2[N-]c2c(C(C)C)cccc2C(C)C)[C@@H]1c1ccccc1,4,4,1.0,1.0,1.0,1.0,1.0,1.0,4,0,45,0
FC1(F)C(Cl)=C(P(c2ccccc2)c2ccccc2)C(F)(F)C1(F)F,1,1,1.0,1.0,1.0,1.0,1.0,1.0,1,0,24,0
CN(C)[C@@H]([C](~[N-2]C1CCCCC1)~[N-2]C1CCCCC1)c1ccccc1,2,3,0.0,0.0,0.9782608695652174,1.0,0.9565217391304348,0.96,2,1,22,0
C/C(CC(C)(C)NCCNC(C)(C)C/C(C)=N/NCNCCO)=N\N,6,6,1.0,1.0,1.0,1.0,1.0,1.0,6,0,19,0
CCC1=C(CC)c2cc3[n-]c(cc4[n-]c(c(C)c4C)c4[n-]c(cc1n2)c(C)c4C)c(CC)c3CC,4,4,1.0,1.0,1.0,1.0,1.0,1.0,4,0,31,0
c1cnnc(CN2CP(C3CCCCC3)CN(Cc3cccnn3)CP(C3CCCCC3)C2)c1,2,2,1.0,1.0,1.0,1.0,1.0,1.0,2,0,32,0
CC(C)/[N+]=C(/[N-]CCCN)NC(C)C,3,3,1.0,1.0,1.0,1.0,1.0,1.0,3,0,11,0
CCCCCC[C@H]1c2cc3c4cc2Oc2nc5ccccc5nc2Oc2cc5c(cc21)[C@H](CCCCCC)c1cc2c(cc1Oc1nc6ccccc6nc1O5)OP(Oc1ccccc1NC(=O)Nc1ccccc1)Oc1cc(c(cc1[C@H]2CCCCCC)[C@@H]3CCCCCC)Oc1nc2ccccc2nc1O4,1,7,0.0,0.0,0.9719626168224299,1.0,0.9439252336448598,0.9444444444444444,1,6,101,0
FC(F)(F)c1ccn([BH2-]n2ccc(C(F)(F)F)n2)n1,2,2,1.0,1.0,1.0,1.0,1.0,1.0,2,0,17,0
CO[C]c1ccc2cc1CCc1cccc(c1)CC2,1,4,0.0,0.0,0.9166666666666667,1.0,0.8333333333333334,0.8421052631578947,1,3,15,0
C=CCN[C]c1ccc2cc1CCc1cccc(c1)CC2,1,6,0.0,0.0,0.875,1.0,0.75,0.7619047619047619,1,5,15,0
Nc1ccnc(Cl)c1,1,2,0.0,0.0,0.9285714285714286,1.0,0.8571428571428571,0.875,1,1,6,0
CC(C)c1cccc(C(C)C)c1/N=[C]\c1ccccc1Nc1c(C(C)C)cccc1C(C)C,2,3,0.0,0.0,0.9838709677419355,1.0,0.967741935483871,0.9696969696969697,2,1,30,0
Cc1cccc(/C=N/CCc2c[nH]cn2)n1,3,3,1.0,1.0,1.0,1.0,1.0,1.0,3,0,13,0
[S-]Cc1ccc2cccccc1-2,1,1,1.0,1.0,1.0,1.0,1.0,1.0,1,0,11,0
[C]#[N+]c1c(C)c2cccccc-2c1C,1,1,1.0,1.0,1.0,1.0,1.0,1.0,1,0,13,0
CCCCC/N=C/c1cc2ccccc2c(-c2c(OCCCCOc3ccc4ccccc4c3-c3c([O-])c(/C=N/CCCCC)cc4ccccc34)ccc3ccccc23)c1[O-],4,4,1.0,1.0,1.0,1.0,1.0,1.0,4,0,58,0
N[C@H]1CNCCN(COCNC2CNCCNC2)C1,6,6,1.0,1.0,1.0,1.0,1.0,1.0,6,0,13,0
[c]1ccccc1N(c1ccccc1)c1cccc(-c2ccccn2)n1,3,3,1.0,1.0,1.0,1.0,1.0,1.0,3,0,22,0
C(=N/N=C/c1ccsc1)\c1ccsc1,1,2,0.0,0.0,0.9615384615384616,1.0,0.9230769230769231,0.9285714285714286,1,1,12,0
COc1ccc(/N=C(\[S-])[N-]c2ccccn2)cc1,2,3,0.0,0.0,0.96875,1.0,0.9375,0.9444444444444444,2,1,15,0
[S-]/C(=N\c1ccccc1)[N-]c1ccccn1,2,3,0.0,0.0,0.9642857142857143,1.0,0.9285714285714286,0.9375,2,1,13,0
CN1C(c2cccc(C3N(C)[C@H](c4ccccc4)[C@@H](c4ccccc4)N3C)n2)N(C)[C@H](c2ccccc2)[C@H]1c1ccccc1,3,5,0.0,0.0,0.975609756097561,1.0,0.9512195121951219,0.9545454545454546,3,2,39,0
CCCCCCOc1c[c]c(-c2cccc(-c3[c]cc(OCCCCCC)cc3)n2)cc1,3,3,1.0,1.0,1.0,1.0,1.0,1.0,3,0,29,0
[O-]c1c(Br)cc(Br)cc1/C=N/N=C(\[N-]N(c1ccnc(Br)c1)c1cccc(Br)n1)c1cc(Br)cc(Br)c1O,3,4,0.0,0.0,0.9857142857142858,1.0,0.9714285714285714,0.9736842105263158,3,1,34,0
[O-]c1ccc(Br)cc1/C=N/N=C(\[N-]N(c1cccc(Br)n1)c1cccc(Br)n1)c1cc(Br)ccc1O,3,3,1.0,1.0,1.0,1.0,1.0,1.0,3,0,33,0
c1ccc(P(c2ccccc2)c2ccccc2CNc2ccccc2P(c2ccccc2)c2ccccc2)cc1,3,3,1.0,1.0,1.0,1.0,1.0,1.0,3,0,37,0
COc1c[c]c(/C([O-])=N/C(C)(C)C)cc1,2,2,1.0,1.0,1.0,1.0,1.0,1.0,2,0,13,0
Cc1nc(/C=N/CCCNCCC/N=C/c2c[nH]c(C)n2)c[nH]1,5,5,1.0,1.0,1.0,1.0,1.0,1.0,5,0,18,0
C/C(=C/P(c1ccccc1)c1ccccc1)[N-]c1ccccc1,2,2,1.0,1.0,1.0,1.0,1.0,1.0,2,0,21,0
N#Cc1ccccc1[S-],1,1,1.0,1.0,1.0,1.0,1.0,1.0,1,0,8,0
C[Si](C)(C)N1C=C[N-]C=C1,1,1,1.0,1.0,1.0,1.0,1.0,1.0,1,0,9,0
c1ccc(CP(CC(Cc2ccccc2)(CP(Cc2ccccc2)c2ccccc2)CP(Cc2ccccc2)c2ccccc2)c2ccccc2)cc1,3,3,1.0,1.0,1.0,1.0,1.0,1.0,3,0,50,0
[C]#CC#Cc1ccc(OC)cc1,1,1,1.0,1.0,1.0,1.0,1.0,1.0,1,0,11,0
CCOC(=O)[C@H]1CP2CC[C@]1(c1ccccc1)N2c1ccccc1,1,1,1.0,1.0,1.0,1.0,1.0,1.0,1,0,23,0
c1ccc(P(c2ccccc2)N(c2cccc(N(P(c3ccccc3)c3ccccc3)P(c3ccccc3)c3ccccc3)n2)P(c2ccccc2)c2ccccc2)cc1,3,5,0.0,0.0,0.9824561403508771,1.0,0.9649122807017544,0.9666666666666667,3,2,55,0
CC(C)c1ccccc1/N=C1C(=N/c2ccccc2C(C)C)/N(C)[C@H](c2ccccc2)[C@@H](c2ccccc2)N/1C,2,2,1.0,1.0,1.0,1.0,1.0,1.0,2,0,38,0
CC(C)/N=C1\[CH]~[CH]~[CH]~[CH]~[CH]=C1NC(C)C,5,6,0.0,0.0,0.95,1.0,0.9,0.9333333333333333,5,1,9,0
[O-]c1ccc2ccccc2c1/C=N/N=C(C(=N/N=C/c1c([O-])ccc2ccccc12)\c1ccccc1)/c1ccccc1,4,4,1.0,1.0,1.0,1.0,1.0,1.0,4,0,38,0
[O-]c1ccccc1/C=N/c1ccccc1/N=N/c1[c]cc(Cl)cc1,4,4,1.0,1.0,1.0,1.0,1.0,1.0,4,0,20,0
COc1cccc(/C=N/N=C(\[O-])c2ccc[nH+]c2)c1[O-],3,3,1.0,1.0,1.0,1.0,1.0,1.0,3,0,17,0
NCCNCCn1[c][nH+]c2c(N)ncnc21,3,3,1.0,1.0,1.0,1.0,1.0,1.0,3,0,13,0
NCCNCCn1cnc2c(N)[nH+]cnc21,2,3,0.0,0.0,0.9642857142857143,1.0,0.9285714285714286,0.9375,2,1,13,0
COC(=O)CCc1cccnc1,1,1,1.0,1.0,1.0,1.0,1.0,1.0,1,0,11,0
C=CC[n+]1ccc2ccccc2c1,2,2,1.0,1.0,1.0,1.0,1.0,1.0,2,0,11,0
CSc1ccccc1/N=C(\C)c1ccccn1,3,3,1.0,1.0,1.0,1.0,1.0,1.0,3,0,14,0
CCCCc1cc(C(C)(C)C)cc(/C=N/[C@H](c2ccccc2)[C@H](/N=C/c2cc(C(C)(C)C)cc(CCCC)c2[O-])c2ccccc2)c1[O-],4,4,1.0,1.0,1.0,1.0,1.0,1.0,4,0,44,0
CC(C)(C)CN1CCC[C@H]1CN1CC[C@H](P(c2ccccc2)c2ccccc2)C1,3,3,1.0,1.0,1.0,1.0,1.0,1.0,3,0,26,0
[C]#CCNC(=O)/C=C/c1ccc(OC)cc1,1,1,1.0,1.0,1.0,1.0,1.0,1.0,1,0,15,0
CCN(CC)CC/N=C1\C[C@H]2CC[C@]1(C)C2(C)C,2,2,1.0,1.0,1.0,1.0,1.0,1.0,2,0,16,0
CC1(C)[C@@H]2CC[C@@]1(C)/C(=N/CCN1CCCC1)C2,2,2,1.0,1.0,1.0,1.0,1.0,1.0,2,0,16,0
[O-]c1c(Cl)cc(Cl)cc1Sc1cc(Cl)cc(Cl)c1[O-],3,3,1.0,1.0,1.0,1.0,1.0,1.0,3,0,16,0
C=C(C)CCc1[c]cccc1,1,3,0.0,0.0,0.9,1.0,0.8,0.8181818181818182,1,2,8,0
[CH]C(C)(C)CCc1cc(C(C)C)cc(C(C)C)c1[N-2],2,2,1.0,1.0,1.0,1.0,1.0,1.0,2,0,17,0
C/N=C/c1ccccc1/C(=[C]/C(=O)OC)C(=O)OC,2,2,1.0,1.0,1.0,1.0,1.0,1.0,2,0,17,0
Nc1n[n-]c2c1C[NH2+]C2,1,1,1.0,1.0,1.0,1.0,1.0,1.0,1,0,8,0
C=C[Si](c1[c]cccc1)(c1ccccc1)c1ccccc1,3,3,1.0,1.0,1.0,1.0,1.0,1.0,3,0,18,0
C[Si](C)(C)/C=C(\[N-2])c1ccccc1,1,1,1.0,1.0,1.0,1.0,1.0,1.0,1,0,12,0
CCOC(=O)c1ccnc(-c2cc(C(=O)Nc3ccc(C(N)=O)cc3)ccn2)c1,2,2,1.0,1.0,1.0,1.0,1.0,1.0,2,0,27,0
CCN(CC)C(=S)SC[C](~[P-](c1ccccc1)c1ccccc1)~[P-](c1ccccc1)c1ccccc1,2,2,1.0,1.0,1.0,1.0,1.0,1.0,2,0,34,0
C[C](~[CH]~[C](C)~[N-2]c1ccc(N(C)C)cc1)~[N-2]c1ccc(N(C)C)cc1,2,2,1.0,1.0,1.0,1.0,1.0,1.0,2,0,23,0
[CH2][C@@H]1[CH][C@H]2CC[C@@H]1C2,2,2,1.0,1.0,1.0,1.0,1.0,1.0,2,0,6,0
CC(C)N[C@H]1CCCC[C@@H]1NC(C)C,2,2,1.0,1.0,1.0,1.0,1.0,1.0,2,0,12,0
CC1(C)C(=C(/C=N/c2ccccc2[O-])/C=N/c2ccccc2[O-])Nc2ccccc21,4,4,1.0,1.0,1.0,1.0,1.0,1.0,4,0,26,0
CN(C)c1cc2nc(/C=N/N=C(\[O-])c3ccccc3)ccc2cc1F,3,3,1.0,1.0,1.0,1.0,1.0,1.0,3,0,22,0
CC(C)=C=C[Si](C)(c1ccccc1P(C(C)C)C(C)C)c1ccccc1P(C(C)C)C(C)C,4,5,0.0,0.0,0.9827586206896552,1.0,0.9655172413793104,0.9696969696969697,4,1,28,0
c1ccc(-c2c(-c3ccccc3)c(-c3ccccc3)p(-c3ccccc3)c2-c2ccccc2)cc1,1,1,1.0,1.0,1.0,1.0,1.0,1.0,1,0,34,0
O=C(O)c1nc(-c2cccc(F)c2)[nH]c1C(=O)[O-],2,4,0.0,0.0,0.9375,1.0,0.875,0.8888888888888888,2,2,14,0
O=C([O-])c1nc(-c2cccc(F)c2)[nH]c1C(=O)O,2,3,0.0,0.0,0.96875,1.0,0.9375,0.9444444444444444,2,1,15,0
Cc1cc(CN2CCOCC2)c([O-])c(-n2nc3ccccc3n2)c1,2,2,1.0,0.0,0.7272727272727273,0.5,0.9545454545454546,0.9166666666666666,1,1,21,1
CN/C([S-])=N/N=C(\C)c1ccncn1,3,3,1.0,1.0,1.0,1.0,1.0,1.0,3,0,11,0
CCCCOC(=O)c1cc(C(=O)OCCCC)cc(-c2c3nc(cc4[n-]c(c(-c5cc(C(=O)OCCCC)cc(C(=O)OCCCC)c5)c5nc(cc6ccc2[n-]6)-c2ccccc2-5)c2ccccc42)C=C3)c1,4,4,1.0,1.0,1.0,1.0,1.0,1.0,4,0,68,0
C(=C/c1nc2cnccc2[nH]1)\c1ccncc1,1,3,0.0,0.0,0.9375,1.0,0.875,0.8823529411764706,1,2,14,0
COc1cccc(/C=N/N=C(\[O-])c2ccccc2Br)c1[O-],3,3,1.0,1.0,1.0,1.0,1.0,1.0,3,0,18,0
Cc1c[c]c(/N=N/c2cc(C)ccc2/N=C/c2ccccc2[O-])cc1,4,4,1.0,1.0,1.0,1.0,1.0,1.0,4,0,21,0
CC(C)(C)[C](~[O-2])~[CH]~[C](~[O-2])C1(C)CC1,2,2,1.0,1.0,1.0,1.0,1.0,1.0,2,0,11,0
Cc1cc(C)c(/N=C/C2=CC=C/C2=C/[N-]c2c(C)cc(C)cc2C)c(C)c1,2,2,1.0,1.0,1.0,1.0,1.0,1.0,2,0,25,0
CO[C]C#C/C=C/N1CCCC1,1,1,1.0,1.0,1.0,1.0,1.0,1.0,1,0,11,0
CO[P+](=O)NN(C)C(C)=N,2,2,1.0,1.0,1.0,1.0,1.0,1.0,2,0,8,0
C(=N/c1c(C(c2ccccc2)c2ccccc2)cc(C(c2ccccc2)c2ccccc2)cc1C(c1ccccc1)c1ccccc1)\c1ccccn1,2,2,1.0,1.0,1.0,1.0,1.0,1.0,2,0,51,0
Cc1cccnc1N1C(=O)[C@@H]2[C@H]3c4ccccc4[C@H](c4ccccc43)[C@@H]2C1=O,4,1,0.0,0.0,0.625,0.25,1.0,0.8928571428571429,1,0,24,3
C1=C~CC/C=C\CC1,4,4,1.0,1.0,1.0,1.0,1.0,1.0,4,0,4,0
Cc1ccc(C2c3ccccc3-c3ccccc32)cc1,6,7,0.0,0.0,0.369047619047619,0.16666666666666666,0.5714285714285714,0.45,1,6,8,5
CN1/N=C/c2cccc(n2)[C@H](O)NCC/N=C/c2cccc1n2,5,5,1.0,1.0,1.0,1.0,1.0,1.0,5,0,18,0
[CH]/C(=C\C(=[N-])C(C)(C)C)C(C)(C)C,2,2,1.0,1.0,1.0,1.0,1.0,1.0,2,0,11,0
CCc1cccc(CC)c1/N=C(\C)c1[c]c2c(cc1)OCO2,2,2,1.0,1.0,1.0,1.0,1.0,1.0,2,0,20,0
C(=C\c1ccccc1P(c1ccccc1)c1ccccc1)\C(=C\c1ccccc1)c1ccccc1,5,5,1.0,1.0,1.0,1.0,1.0,1.0,5,0,30,0
Oc1c(Cl)cc(Cl)c2cccnc12,2,2,1.0,1.0,1.0,1.0,1.0,1.0,2,0,11,0
Cc1cc(C(=O)[O-])n2ncnc2n1,2,4,0.0,0.0,0.9090909090909092,1.0,0.8181818181818182,0.8461538461538461,2,2,9,0
c1cc(-c2cccc(-c3nnn[n-]3)n2)nc(-c2nn[nH]n2)c1,4,5,0.0,0.0,0.9722222222222222,1.0,0.9444444444444444,0.9545454545454546,4,1,17,0
C/C=C/[C@@]1(OCC)N=C(OCC)C=C1c1ccccc1,1,1,1.0,1.0,1.0,1.0,1.0,1.0,1,0,19,0
O=C1N(Cc2ccccc2)CCCN1Cc1ccccc1,1,1,1.0,1.0,1.0,1.0,1.0,1.0,1,0,20,0
C=CCc1cc(CC=C)c(OCCCc2cccnc2)c(-c2c3nc(c4c5ccc(cc6nc(c(c7ccc2[n-]7)-c2ccccc2-c2ccc(cc2)-c2ccc7ccc8ccc(nc8c7n2)-c2ccc(cc2)-c2ccccc2-4)C=C6)[n-]5)C=C3)c1OCCCc1cccnc1,5,10,0.0,0.0,0.9719101123595506,1.0,0.9438202247191011,0.9468085106382979,5,5,84,0
CC(C)(C)[C@H]([O-])O[C@H]([O-])C(C)(C)C,2,2,1.0,1.0,1.0,1.0,1.0,1.0,2,0,11,0
[O-]c1c(F)cc(F)cc1/C=N/CC/N=C/c1cc(F)cc(F)c1[O-],4,4,1.0,1.0,1.0,1.0,1.0,1.0,4,0,20,0
CCc1c(CC)c2[n-]c1c(-c1ccccc1)c1nc(c(-c3ccccc3)c3ccc([n-]3)c(-c3ccccc3)c3nc(c2-c2ccccc2)C=C3)C=C1,4,4,1.0,1.0,1.0,1.0,1.0,1.0,4,0,48,0
CCc1c(CC)c2[n-]c1c(-c1ccccc1)c1nc(c(-c3ccccc3)c3[n-]c(c(CC)c3CC)c(-c3ccccc3)c3nc(c2-c2ccccc2)C=C3)C=C1,4,4,1.0,1.0,1.0,1.0,1.0,1.0,4,0,52,0
CCOC(=O)c1ccc(-c2ccc(C(=O)OCC)cc2/N=C/c2cc(C(C)(C)C)cc(C(C)(C)C)c2[O-])c(/N=C/c2cc(C(C)(C)C)cc(C(C)(C)C)c2[O-])c1,4,4,1.0,1.0,1.0,1.0,1.0,1.0,4,0,52,0
COC(=O)c1ccc(-c2ccc(C(=O)OC)cc2/N=C/c2cccc(C(C)(C)C)c2[O-])c(/N=C/c2cccc(C(C)(C)C)c2[O-])c1,4,4,1.0,1.0,1.0,1.0,1.0,1.0,4,0,42,0
CCOC(=O)c1ccc(-c2ccc(C(=O)OCC)cc2/N=C/c2cc(Br)ccc2[O-])c(/N=C/c2cc(Br)ccc2[O-])c1,4,4,1.0,1.0,1.0,1.0,1.0,1.0,4,0,38,0
COC(=O)c1ccc(-c2ccc(C(=O)OC)cc2/N=C/c2cc(C(C)(C)C)cc(C(C)(C)C)c2[O-])c(/N=C/c2cc(C(C)(C)C)cc(C(C)(C)C)c2[O-])c1,4,4,1.0,1.0,1.0,1.0,1.0,1.0,4,0,50,0
CCOC(=O)c1ccc(-c2ccc(C(=O)OCC)cc2/N=C/c2cc([N+](=O)[O-])ccc2[O-])c(/N=C/c2cc([N+](=O)[O-])ccc2[O-])c1,4,4,1.0,1.0,1.0,1.0,1.0,1.0,4,0,42,0
C/C(=N\c1c(C)cc(C)cc1C)c1ccc2c(n1)/C(=N/c1c(C)cc(C)cc1C)CCCC2,3,3,1.0,1.0,1.0,1.0,1.0,1.0,3,0,30,0
CC(C)(C)c1cc(C(C)(C)C)c(/P=C(\O[Si](C)(C)C)P2[C@@H](O[Si](C)(C)C)P2c2c(C(C)(C)C)cc(C(C)(C)C)cc2C(C)(C)C)c(C(C)(C)C)c1,2,3,0.0,0.0,0.9897959183673469,1.0,0.9795918367346939,0.9803921568627451,2,1,48,0
COC(=O)c1ccc2ccccc2c1-c1c([C@@H](C)O)ccc(OC)c1O,6,7,0.0,0.0,0.325,0.0,0.65,0.5,0,7,13,6
CN1CCN(C)C1=[N+]c1ccccc1SC(C)(C)C,2,2,1.0,1.0,1.0,1.0,1.0,1.0,2,0,17,0
CCCC[B@-]12O/N=C(c3c(F)c(F)c(F)c(F)c3F)/C(c3c(F)c(F)c(F)c(F)c3F)=N/O[B@-](CCCC)(O/N=C(c3c(F)c(F)c(F)c(F)c3F)/C(c3c(F)c(F)c(F)c(F)c3F)=N/O1)O/N=C(c1c(F)c(F)c(F)c(F)c1F)/C(c1c(F)c(F)c(F)c(F)c1F)=N/O2,6,6,1.0,1.0,1.0,1.0,1.0,1.0,6,0,88,0
CCC1(C)[C](C)~[C](C)~[C](C)~[C](C)~[C]1C,5,5,1.0,1.0,1.0,1.0,1.0,1.0,5,0,9,0
CS(=O)(=O)[N-]c1ccccc1/N=N/c1ccccc1,2,3,0.0,0.0,0.9705882352941176,1.0,0.9411764705882353,0.9473684210526315,2,1,16,0
O=S(=O)([N-]c1ccccc1/N=N/c1ccccc1)C(F)(F)F,2,3,0.0,0.0,0.975,1.0,0.95,0.9545454545454546,2,1,19,0
CC(C)c1cccc(C(C)C)c1/N=C(\c1ccccc1)c1nccn1C,2,2,1.0,1.0,1.0,1.0,1.0,1.0,2,0,24,0
CC(C)c1cccc(C(C)C)c1/N=C(\c1ccccc1)c1nc2ccccc2n1C,2,2,1.0,1.0,1.0,1.0,1.0,1.0,2,0,28,0
Cc1cccc(C)c1/N=C(\c1ccccc1)c1nccn1C,2,2,1.0,1.0,1.0,1.0,1.0,1.0,2,0,20,0
O=C([O-])Cn1cc(C(=O)O)ccc1=O,1,3,0.0,0.0,0.9230769230769231,1.0,0.8461538461538461,0.8571428571428571,1,2,11,0
COC(=O)c1cc(OP(c2ccccc2)c2ccccc2)[c]c(OP(c2ccccc2)c2ccccc2)c1,3,3,1.0,1.0,1.0,1.0,1.0,1.0,3,0,35,0
C/C1=N\CCCNCCNCCCNC1,4,4,1.0,1.0,1.0,1.0,1.0,1.0,4,0,11,0
O=C([O-])c1cccc(-c2ccccc2[O-])n1,3,4,0.0,0.0,0.9615384615384616,1.0,0.9230769230769231,0.9375,3,1,12,0
Cc1ccc(/C([C]=O)=[N+](/[O-])C(C)(C)C)cc1,2,2,1.0,1.0,1.0,1.0,1.0,1.0,2,0,14,0
C[C@@H]1CN[C@](C)(CN)CCNC[C@@H](C)N[C@H](C)CCN1,5,5,1.0,1.0,1.0,1.0,1.0,1.0,5,0,15,0
O=C([O-])[C@H](Cc1c[nH]c2ncccc12)/N=C(\c1ccccc1)c1cc(Cl)ccc1[N-]C(=O)[C@@H]1CCCN1Cc1ccc(Cl)c(Cl)c1,4,6,0.0,0.0,0.9761904761904762,1.0,0.9523809523809523,0.9565217391304348,4,2,40,0
C1=CC=CC(SCc2ccccc2)C=C1,1,7,0.0,0.0,0.7857142857142857,1.0,0.5714285714285714,0.6,1,6,8,0
C/C(=N/NC(=S)Nc1ccccc1C)c1n[n-]c(/C(C)=N/N=C(\[S-])Nc2ccccc2C)n1,3,5,0.0,0.0,0.9666666666666667,1.0,0.9333333333333333,0.9393939393939394,3,2,28,0
C/C(=N/NC(=S)Nc1cccc(C)c1)c1n[n-]c(/C(C)=N/N=C(\[S-])Nc2cccc(C)c2)n1,3,5,0.0,0.0,0.9666666666666667,1.0,0.9333333333333333,0.9393939393939394,3,2,28,0
C/C(=N/NC(=S)Nc1ccc(C)cc1)c1n[n-]c(/C(C)=N/N=C(\[S-])Nc2ccc(C)cc2)n1,3,5,0.0,0.0,0.9666666666666667,1.0,0.9333333333333333,0.9393939393939394,3,2,28,0
O=S(=O)([CH]P(c1ccccc1)c1ccccc1)c1ccccc1,2,2,1.0,1.0,1.0,1.0,1.0,1.0,2,0,21,0
[O-]/C(Cc1c[nH]c2ccccc12)=N\N=C\c1ccccc1[O-],3,3,1.0,1.0,1.0,1.0,1.0,1.0,3,0,19,0
Cc1ccc(S(=O)(=O)[N-]CCNCC2=NCCN2S(=O)(=O)c2ccc(C)cc2)cc1,3,3,1.0,1.0,1.0,1.0,1.0,1.0,3,0,27,0
[CH2]~[C](Cl)~[C]C,3,3,1.0,1.0,1.0,1.0,1.0,1.0,3,0,2,0
N=CC[S+](=O)=O,2,2,1.0,1.0,1.0,1.0,1.0,1.0,2,0,4,0
CN(CCO)c1ccc(/C=N\N=C(/[S-])SCc2ccccc2)cc1,2,3,0.0,0.0,0.9772727272727273,1.0,0.9545454545454546,0.9583333333333334,2,1,21,0
COC(=O)[C@@]1([C@]2(C(=O)OC)[C](C(=O)OCC(=O)N3CCCCC3)C2(C)C)[C](C(=O)OCC(=O)N2CCCCC2)C1(C)C,2,4,0.0,0.0,0.975,1.0,0.95,0.9523809523809523,2,2,38,0
[CH]1~[CH]~[CH]c2ccccc2C[CH]~1,4,4,1.0,1.0,1.0,1.0,1.0,1.0,4,0,7,0
O=c1cc([O-])[nH]c(=S)[nH]1,1,2,0.0,0.0,0.9375,1.0,0.875,0.8888888888888888,1,1,7,0
[N-2]C(Cl)(Cl)c1ccccc1,1,1,1.0,1.0,1.0,1.0,1.0,1.0,1,0,9,0
CP1Nc2ccccc2N1,1,1,1.0,1.0,1.0,1.0,1.0,1.0,1,0,9,0
Brc1ccc(/C=N/CCc2cccs2)s1,2,1,0.0,0.0,0.75,0.5,1.0,0.9333333333333333,1,0,13,1
CN(CCN(C)Cc1cccc(NC(=O)C(C)(C)C)n1)Cc1cccc(NC(=O)C(C)(C)C)n1,6,6,1.0,1.0,1.0,1.0,1.0,1.0,6,0,28,0
COc1ccc(-c2c3c[c]ccc(F)c-3c(-c3ccc(OC)cc3)c2-c2ccccc2F)cc1,1,1,1.0,1.0,1.0,1.0,1.0,1.0,1,0,33,0
CCSCCN[C@H]1CCCc2cccnc21,3,3,1.0,1.0,1.0,1.0,1.0,1.0,3,0,13,0
CCO[C@@H]1[CH][C@@H]2C[C@H]1[C@@H]1CC=C[C@@H]12,3,4,0.0,0.0,0.95,1.0,0.9,0.9230769230769231,3,1,9,0
CC1(C)[C@@H]2CC[C@@]1(C)/C(=N/CC/N=C1\C[C@H]3CC[C@]1(C)C3(C)C)C2,2,2,1.0,1.0,1.0,1.0,1.0,1.0,2,0,22,0
CC(C)(C/N=C1\C[C@H]2CC[C@]1(C)C2(C)C)C/N=C1\C[C@H]2CC[C@]1(C)C2(C)C,2,2,1.0,1.0,1.0,1.0,1.0,1.0,2,0,25,0
O=C([N-]/N=C(\[O-])c1cccc[nH+]1)c1ccccn1,3,3,1.0,1.0,1.0,1.0,1.0,1.0,3,0,15,0
c1ccc(-c2cc(-c3ccccc3)c(-c3ccc(CN(Cc4ccc(-c5c(-c6ccccc6)cc(-c6ccccc6)cc5-c5ccccc5)cn4)Cc4ccc(-c5c(-c6ccccc6)cc(-c6ccccc6)cc5-c5ccccc5)cn4)nc3)c(-c3ccccc3)c2)cc1,4,7,0.0,0.0,0.9833333333333334,1.0,0.9666666666666667,0.9680851063829787,4,3,87,0
C1CCN(P([C@H]2CCC[C@@H]2P(N2CCCCC2)N2CCCCC2)N2CCCCC2)CC1,2,2,1.0,1.0,1.0,1.0,1.0,1.0,2,0,29,0
C=C1C=C(C)N(c2c(C(C)C)cccc2C(C)C)[Si-](C)N1c1c(C(C)C)cccc1C(C)C,1,1,1.0,1.0,1.0,1.0,1.0,1.0,1,0,32,0
Cc1cc(C)n(-c2nc(=O)[nH]c(=O)[n-]2)n1,2,2,1.0,1.0,1.0,1.0,1.0,1.0,2,0,13,0
CCSc1ccccc1/N=C/c1ccccn1,2,3,0.0,0.0,0.9666666666666667,1.0,0.9333333333333333,0.9411764705882353,2,1,14,0
O=S(=O)([O-])c1ccccc1P(c1cc(C(F)(F)F)cc(C(F)(F)F)c1)c1cc(C(F)(F)F)cc(C(F)(F)F)c1,2,2,1.0,1.0,1.0,1.0,1.0,1.0,2,0,37,0
CCc1cccc(CC)c1/N=C(\C)[C@@](C)([N-]c1c(CC)cccc1CC)C(=O)OC,2,2,1.0,1.0,1.0,1.0,1.0,1.0,2,0,28,0
CC(C)c1cccc(C(C)C)c1/N=C1\CCCCCc2cccnc21,2,2,1.0,1.0,1.0,1.0,1.0,1.0,2,0,23,0
Cc1cc(/C=N/NC(=N)N)c([O-])c(CN2CCC[C@H]2C(=O)[O-])c1,3,6,0.0,0.0,0.925,1.0,0.85,0.8695652173913043,3,3,17,0
C/C1=N\C[C@@H](C)N[C@@H](C)C/C(C)=N/[C@H](C)CN[C@H](C)C1,4,4,1.0,1.0,1.0,1.0,1.0,1.0,4,0,16,0
CO[C@H]1CCc2ccccc21,6,6,1.0,1.0,1.0,1.0,1.0,1.0,6,0,5,0
[c]1cc2c(cc1-c1ccccn1)C1(c3ccccc3Oc3ccccc31)c1ccccc1-2,2,2,1.0,1.0,1.0,1.0,1.0,1.0,2,0,30,0
CCO[C]c1cccc2cccc(I)c12,1,1,1.0,1.0,1.0,1.0,1.0,1.0,1,0,14,0
[CH2]~[CH]~[C](C(=O)OC)/C(=C\C=C)C(=O)OC,5,7,0.0,0.0,0.9,1.0,0.8,0.8666666666666667,5,2,8,0
[C]=CC=O,1,1,1.0,1.0,1.0,1.0,1.0,1.0,1,0,3,0
Cc1cccc(C)c1/N=[C]\[Si](C)(C)C,2,2,1.0,1.0,1.0,1.0,1.0,1.0,2,0,12,0
c1ccc(P(Cc2cccc(-c3ccccn3)n2)Cc2cccc(-c3ccccn3)n2)cc1,1,5,0.0,0.0,0.9375,1.0,0.875,0.8787878787878788,1,4,28,0
O=C([O-])COc1cccc(C(=O)[O-])c1,1,4,0.0,0.0,0.8846153846153846,1.0,0.7692307692307693,0.7857142857142857,1,3,10,0
CC(C)(C)C1=CC(O[O-])(C(C)(C)C)C=C(C(C)(C)C)C1=O,1,5,0.0,0.0,0.9,1.0,0.8,0.8095238095238095,1,4,16,0
[CH]1[C@H]2[CH][C@H]3[C@H]4[CH][C@H]5[CH][C@@H]([C@@H]1[C@H]3C2)[C@@H]4C5,4,4,1.0,1.0,1.0,1.0,1.0,1.0,4,0,10,0
CCNc1cc2c(cc1C)C(c1ccccc1C(=S)N/N=C/c1ccccc1P(c1ccccc1)c1ccccc1)c1cc(C)c(NCC)cc1O2,3,3,1.0,1.0,1.0,1.0,1.0,1.0,3,0,49,0
CCNc1cc2c(cc1C)C(c1ccccc1C(=S)N/N=C/c1ccccc1P(=O)(c1ccccc1)c1ccccc1)c1cc(C)c(NCC)cc1O2,3,3,1.0,1.0,1.0,1.0,1.0,1.0,3,0,50,0
O=P(Nc1cccc(NP(c2ccccc2)c2ccccc2)n1)(c1ccccc1)c1ccccc1,2,3,0.0,0.0,0.9848484848484849,1.0,0.9696969696969697,0.9714285714285714,2,1,32,0
CC(C)(C)P(CCCP(CCCP(C(C)(C)C)C(C)(C)C)CCCP(C(C)(C)C)C(C)(C)C)C(C)(C)C,3,4,0.0,0.0,0.9852941176470589,1.0,0.9705882352941176,0.972972972972973,3,1,33,0
COC(=O)[C@H](N)c1ccccc1,1,1,1.0,1.0,1.0,1.0,1.0,1.0,1,0,11,0
Cc1ccc(-c2c3nc(cc4[n-]c(cc5nc(c(-c6ccc(C)cc6)c6ccc2[n-]6)C=C5)c(C#Cc2ccccc2)c4C#Cc2ccccc2)C=C3)cc1,4,4,1.0,1.0,1.0,1.0,1.0,1.0,4,0,50,0
Cc1[nH+]cc(CO)c(CNCCNCc2c(CO)c[nH+]c(C)c2[O-])c1[O-],4,4,1.0,1.0,1.0,1.0,1.0,1.0,4,0,22,0
Cc1ccc([CH][C]([C]c2ccccc2)c2ccccc2)cc1,3,3,1.0,1.0,1.0,1.0,1.0,1.0,3,0,19,0
Cc1ccc([C]/C(=C(\[O-])c2ccccc2)c2ccccc2)cc1,2,4,0.0,0.0,0.9523809523809523,1.0,0.9047619047619048,0.9130434782608695,2,2,19,0
Cc1c[c]c(-c2[c]cc(C)c(C)c2)cc1C,2,2,1.0,1.0,1.0,1.0,1.0,1.0,2,0,14,0
C/C(=[C]\[Si](C)(C)C)c1[c]cccc1,2,2,1.0,1.0,1.0,1.0,1.0,1.0,2,0,11,0
CN(C)C(=O)/C(=[C]/Cl)c1ccccc1,2,2,1.0,1.0,1.0,1.0,1.0,1.0,2,0,12,0
CC(C)(C)c1cc(C(C)(C)C)c([O-])c(C([O-])(C(F)(F)F)C(F)(F)F)c1,2,2,1.0,1.0,1.0,1.0,1.0,1.0,2,0,23,0
COC(=O)c1ccc(C(=O)Nc2ncccn2)cc1,2,3,0.0,0.0,0.9705882352941176,1.0,0.9411764705882353,0.9473684210526315,2,1,16,0
CC(C)(C)C(=O)O[C]1~[CH]~[C](OC(=O)C(C)(C)C)CC[CH]~1,4,4,1.0,1.0,1.0,1.0,1.0,1.0,4,0,16,0
NC(=O)CNCCOc1cccc(-c2ccccn2)n1,4,4,1.0,1.0,1.0,1.0,1.0,1.0,4,0,16,0
C/[C]=C(\C)CCC,1,1,1.0,1.0,1.0,1.0,1.0,1.0,1,0,6,0
CC(C)[Si](Oc1ccc2ccccc2c1-c1c(Oc2ccc3ccc4ccc(-c5c6ccccc6cc6ccccc56)nc4c3n2)ccc2ccccc12)(C(C)C)C(C)C,2,3,0.0,0.0,0.9913793103448276,1.0,0.9827586206896551,0.9833333333333333,2,1,57,0
Oc1ccc2ccccc2c1-c1c(Oc2ccc3ccc4ccc(-c5c6ccccc6cc6ccccc56)nc4c3n2)ccc2ccccc12,2,2,1.0,1.0,1.0,1.0,1.0,1.0,2,0,48,0
c1ccc(Cn2cc(-n3cnc4ccccc43)nn2)cc1,1,2,0.0,0.0,0.975,1.0,0.95,0.9523809523809523,1,1,19,0
CCCCO[C]([O-])[S-],1,1,1.0,1.0,1.0,1.0,1.0,1.0,1,0,7,0
CCc1nccnc1/C(C)=N/N=C(\[O-])OC,3,3,1.0,1.0,1.0,1.0,1.0,1.0,3,0,13,0
c1ccc([C@@H]2CO2)cc1,1,7,0.0,0.0,0.625,1.0,0.25,0.3333333333333333,1,6,2,0
c1ccc2cc(CN3CCCNCCNCCCNCC3)ccc2c1,4,4,1.0,1.0,1.0,1.0,1.0,1.0,4,0,21,0
COC(=O)/[C]=C(/[C]=O)C(=O)OC,2,2,1.0,1.0,1.0,1.0,1.0,1.0,2,0,10,0
c1ccc(-n2cncn2)cc1,1,1,1.0,1.0,1.0,1.0,1.0,1.0,1,0,10,0
[CH2]C/C(C)=N/C(C)C,2,2,1.0,1.0,1.0,1.0,1.0,1.0,2,0,6,0
O=C([O-])c1cccc(-c2cccc(-c3cccc(C(=O)O)n3)n2)n1,3,6,0.0,0.0,0.9285714285714286,1.0,0.8571428571428571,0.875,3,3,18,0
[S-2]~[C](~[S-2])N1CCN(Cc2c3ccccc3cc3ccccc23)CC1,2,2,1.0,1.0,1.0,1.0,1.0,1.0,2,0,22,0
CCC/C(C#Cc1ccccc1)=C(/C=[C]/c1ccccc1)CCC,3,1,0.0,0.0,0.6666666666666666,0.3333333333333333,1.0,0.9166666666666666,1,0,21,2
C[CH]~[C]1[C@@H](C(C)(C)C)[CH]~[CH]~[CH]~[CH]~1,6,6,1.0,1.0,1.0,1.0,1.0,1.0,6,0,6,0
COc1ccc(/C(=N/c2ccccn2)c2ccccc2)cc1,1,1,1.0,1.0,1.0,1.0,1.0,1.0,1,0,21,0
C/C(=N\N(C)c1ccccn1)c1cccc(/C(C)=N/N(C)c2ccccn2)n1,5,5,1.0,1.0,1.0,1.0,1.0,1.0,5,0,23,0
C[C@H]1[C@@H](c2ccccc2)O[C@@H](c2ccccn2)N1C,2,2,1.0,1.0,1.0,1.0,1.0,1.0,2,0,17,0
Cc1ccc(-c2nnc(-c3ccccn3)n2-c2ccc(C)cc2)cc1,2,2,1.0,1.0,1.0,1.0,1.0,1.0,2,0,23,0
CCNC(=S)N/N=C(\c1ccccn1)c1cccc[nH+]1,1,3,0.0,0.0,0.9473684210526316,1.0,0.8947368421052632,0.9,1,2,17,0
Fc1c(F)c(F)c(C2=N\O[B@-]3(F)O/N=C(c4ccccc4)/C(c4ccccc4)=N/O[B@@-](F)(O/N=C(c4ccccc4)/C(c4ccccc4)=N/O3)O\N=C\2c2c(F)c(F)c(F)c(F)c2F)c(F)c1F,6,6,1.0,1.0,1.0,1.0,1.0,1.0,6,0,62,0
CO/[C]=C/C(=O)C=C(c1ccccc1)c1ccccc1,2,2,1.0,1.0,1.0,1.0,1.0,1.0,2,0,18,0
CCO[C@H]1Cc2ccccc21,6,6,1.0,1.0,1.0,1.0,1.0,1.0,6,0,5,0
Cc1cc(/C([O-])=N/N=C/c2cc([N+](=O)[O-])ccc2[O-])[nH]n1,3,3,1.0,1.0,1.0,1.0,1.0,1.0,3,0,18,0
Cc1cccc(/N=C/c2ccccn2)c1C,2,2,1.0,1.0,1.0,1.0,1.0,1.0,2,0,14,0
Cc1ccc[c]c1-c1[c]c2c(P(C(C)(C)C)C(C)(C)C)c(C)ccc2cc1,3,3,1.0,1.0,1.0,1.0,1.0,1.0,3,0,24,0
COc1c[c]c(-c2[c]c3c(P(C(C)(C)C)C(C)(C)C)c(C)ccc3cc2)cc1,3,3,1.0,1.0,1.0,1.0,1.0,1.0,3,0,25,0
Cc1ccc2ccc(-c3[c]c(F)cc(F)c3)[c]c2c1P(C(C)(C)C)C(C)(C)C,3,3,1.0,1.0,1.0,1.0,1.0,1.0,3,0,25,0
Cc1ccc2ccc(-c3[c]cc(F)cc3)[c]c2c1P(C(C)(C)C)C(C)(C)C,3,3,1.0,1.0,1.0,1.0,1.0,1.0,3,0,24,0
CCOC(=O)C1=C(C)NC2=[N+]c3ccccc3N2[C@H]1c1cccc[nH+]1,1,1,1.0,1.0,1.0,1.0,1.0,1.0,1,0,24,0
[N-]=[N+]=NC(CN)CN,2,2,1.0,1.0,1.0,1.0,1.0,1.0,2,0,6,0
O=C1CN=C(c2ccccc2)c2cc([N+](=O)[O-])ccc2[N-]1,1,2,0.0,0.0,0.975,1.0,0.95,0.9523809523809523,1,1,19,0
CC(C)(C)c1cc2c([O-])c(c1)COCc1cc(C(C)(C)C)cc(c1[O-])COCc1cc(C(C)(C)C)cc(c1[O-])COC2,3,6,0.0,0.0,0.9615384615384616,1.0,0.9230769230769231,0.9285714285714286,3,3,36,0
CC1=N/C(=C\c2ccc(/C=C3\N=C(C)C(C)=C3C)[n-]2)C(C)=C1C,3,3,1.0,1.0,1.0,1.0,1.0,1.0,3,0,20,0
CCCNC(=O)c1[c]cccc1N,1,3,0.0,0.0,0.9166666666666667,1.0,0.8333333333333334,0.8461538461538461,1,2,10,0
CCN(CC)Cc1ccc2c(n1)C(=O)CCC2,3,3,1.0,1.0,1.0,1.0,1.0,1.0,3,0,14,0
C/C(=N\CCCN(C)C)c1ccccn1,3,3,1.0,1.0,1.0,1.0,1.0,1.0,3,0,12,0
CC1=Nc2ccccc2C1,1,1,1.0,1.0,1.0,1.0,1.0,1.0,1,0,9,0
CC1=Nc2ccc(C)cc2C1,1,1,1.0,1.0,1.0,1.0,1.0,1.0,1,0,10,0
CC(C)(C)C(=C([S-])[S+]=O)C(C)(C)C,2,3,0.0,0.0,0.9545454545454546,1.0,0.9090909090909091,0.9230769230769231,2,1,10,0
[N-]=[O+][B-](Cl)(Cl)Cl,1,1,1.0,1.0,1.0,1.0,1.0,1.0,1,0,5,0
[C](=C(C(=[C]/c1ccccc1P(c1ccccc1)c1ccccc1)/c1ccccc1)\c1ccccc1)\c1ccccc1P(c1ccccc1)c1ccccc1,4,4,1.0,1.0,1.0,1.0,1.0,1.0,4,0,50,0
[CH2]~[CH]~[CH][C@@H]([CH2])C(C)(C)C,4,4,1.0,1.0,1.0,1.0,1.0,1.0,4,0,5,0
COC(=O)/[C]=C(/[C](C(=O)OC)/C(C(=O)OC)=C1/CCCO1)C(=O)OC,3,2,0.0,0.0,0.8333333333333333,0.6666666666666666,1.0,0.96,2,0,22,1
Cc1ccc(C2=NN(c3ccccc3)N(C)[C]2)cc1,1,1,1.0,1.0,1.0,1.0,1.0,1.0,1,0,18,0
C(=C/c1c2c(c(-c3cccs3)p1-c1ccccc1)CCC2)\c1ccccc1,1,1,1.0,1.0,1.0,1.0,1.0,1.0,1,0,26,0
CC(C)P(c1ccccc1[C](C(=O)[N-]C(C)(C)C)c1ccccc1P(C(C)C)C(C)C)C(C)C,4,4,1.0,1.0,1.0,1.0,1.0,1.0,4,0,30,0
Cc1cccc(C)c1N=C=C(c1ccccc1P(C(C)C)C(C)C)c1ccccc1P(C(C)C)C(C)C,4,5,0.0,0.0,0.9848484848484849,1.0,0.9696969696969697,0.972972972972973,4,1,32,0
COc1ccccc1P1c2ccccc2-c2ccccc2N1P(c1ccccc1)c1ccccc1,2,2,1.0,1.0,1.0,1.0,1.0,1.0,2,0,33,0
COc1ccccc1P(c1ccccc1OC)N1c2ccccc2-c2ccccc2P1c1ccccc1OC,2,2,1.0,1.0,1.0,1.0,1.0,1.0,2,0,37,0
c1ccc(P(c2ccccc2)N2c3ccccc3-c3ccccc3P2c2ccccc2)cc1,2,2,1.0,1.0,1.0,1.0,1.0,1.0,2,0,31,0
COc1cc([N+](=O)[O-])cc(/C=N/CCCNCCNCCC/N=C/c2cc([N+](=O)[O-])cc(OC)c2[O-])c1[O-],6,6,1.0,1.0,1.0,1.0,1.0,1.0,6,0,32,0
C#Cc1ccc(-c2nn[n-]n2)cc1,1,1,1.0,1.0,1.0,1.0,1.0,1.0,1,0,12,0
CC(=C=O)C1=C(N(C)C)CCC1,5,4,0.0,0.0,0.9,0.8,1.0,0.9166666666666666,4,0,7,1
C[Si](C)(C)C(P(c1ccccc1)c1ccccc1)[Si](C)(C)C,1,1,1.0,1.0,1.0,1.0,1.0,1.0,1,0,21,0
[CH2][Si](C)(C)C(P(c1ccccc1)c1ccccc1)([Si](C)(C)C)[Si](C)(C)C,2,2,1.0,1.0,1.0,1.0,1.0,1.0,2,0,24,0
Cc1ccccc1P(c1ccccc1C)c1ccccc1/C=N/c1ccccc1P(c1ccccc1)c1ccccc1,4,3,0.0,0.0,0.875,0.75,1.0,0.9761904761904762,3,0,38,1
Cc1ccccc1P(c1ccccc1C)c1ccccc1/C=N/c1ccccc1P(c1ccccc1C)c1ccccc1C,3,3,1.0,0.0,0.8211382113821137,0.6666666666666666,0.975609756097561,0.9545454545454546,2,1,40,1
CC(C)c1cc(C(C)C)n(C(C(=O)[O-])n2nc(C(C)C)cc2C(C)C)n1,3,4,0.0,0.0,0.9782608695652174,1.0,0.9565217391304348,0.9615384615384616,3,1,22,0
[CH2]~[CH]~[C](OC)O[SiH2]C([Si](C)(C)C)([Si](C)(C)C)[Si](C)(C)C,3,3,1.0,1.0,1.0,1.0,1.0,1.0,3,0,17,0
Cc1ccc(O[P+]([O-])([S-])[S-])cc1,2,2,1.0,1.0,1.0,1.0,1.0,1.0,2,0,10,0
CCN(CC)CCNCCP(C(C)(C)C)C(C)(C)C,3,3,1.0,1.0,1.0,1.0,1.0,1.0,3,0,16,0
[CH2]CCC#N,1,1,1.0,1.0,1.0,1.0,1.0,1.0,1,0,4,0
CN(CCN(C)Cc1cc(C(C)(C)C)cc(C(c2ccccc2)(c2ccccc2)c2ccccc2)c1[O-])Cc1cc(C(C)(C)C)cc(C(c2ccccc2)(c2ccccc2)c2ccccc2)c1[O-],4,4,1.0,1.0,1.0,1.0,1.0,1.0,4,0,64,0
C=CCCc1ccccc1,3,8,0.0,0.0,0.6428571428571428,1.0,0.2857142857142857,0.5,3,5,2,0
C[P@@](=O)([O-])F,1,2,0.0,0.0,0.875,1.0,0.75,0.8,1,1,3,0
C[C@H](CN(C)CCc1ccccn1)Sc1cc(C(C)(C)C)cc(C(C)(C)C)c1[O-],4,4,1.0,1.0,1.0,1.0,1.0,1.0,4,0,25,0
C[C@H]1CO[CH][C@H](N2C(=O)c3ccccc3C2=O)O1,1,1,1.0,1.0,1.0,1.0,1.0,1.0,1,0,17,0
C[C@H]1CO[C@H](N2C(=O)c3ccccc3C2=O)[CH]O1,1,1,1.0,1.0,1.0,1.0,1.0,1.0,1,0,17,0
S=P(NNP(=S)(c1ccccc1)c1ccccc1)(c1ccccc1)c1ccccc1,2,2,1.0,1.0,1.0,1.0,1.0,1.0,2,0,28,0
C/C(=N\N(Cc1ccccn1)c1ccccc1)c1ccccn1,3,3,1.0,1.0,1.0,1.0,1.0,1.0,3,0,20,0
c1ccc2c(c1)NB(P1[C@H]3CCC[C@@H]1CCC3)c1ccccc1-2,1,1,1.0,1.0,1.0,1.0,1.0,1.0,1,0,22,0
COc1c(OC)c2ccc3[c]c2c2[c]c(ccc12)c(-c1ccccc1)c1nc(c(-c2ccccc2)c2ccc([n-]2)c3-c2ccccc2)C=C1,4,4,1.0,1.0,1.0,1.0,1.0,1.0,4,0,45,0
Cc1ccc(-n2c(-c3ccccn3)nnc2-c2cnccn2)cc1,2,4,0.0,0.0,0.9545454545454546,1.0,0.9090909090909091,0.9166666666666666,2,2,20,0
C(=N/C[C@H]1CN[C@@H](c2ccccn2)O1)\c1ccccn1,4,4,1.0,1.0,1.0,1.0,1.0,1.0,4,0,16,0
c1ccc(COC[C@H]2OCC[C@@H](OCc3ccccn3)[C@H]2OCc2ccccn2)nc1,6,6,1.0,1.0,1.0,1.0,1.0,1.0,6,0,25,0
CO[C@@H]1C[C@@H](OCc2ccccn2)[C@@H](OCc2ccccn2)[C@@H](COCc2ccccn2)O1,6,6,1.0,1.0,1.0,1.0,1.0,1.0,6,0,27,0
c1csc(Sc2nccs2)n1,2,2,1.0,1.0,1.0,1.0,1.0,1.0,2,0,9,0
O=C1CN=C(c2[c]cccc2)c2cc(Cl)ccc2N1CC1CC1,2,2,1.0,1.0,1.0,1.0,1.0,1.0,2,0,21,0
Nc1ccc(/C([O-])=N/N=C/c2ccccc2[O-])cc1,3,3,1.0,1.0,1.0,1.0,1.0,1.0,3,0,16,0
[O-]c1ccccc1SSc1ccccc1[O-],3,4,0.0,0.0,0.9615384615384616,1.0,0.9230769230769231,0.9375,3,1,12,0
CC(C)(CO)NCc1ccccn1,3,3,1.0,1.0,1.0,1.0,1.0,1.0,3,0,10,0
Cc1ccc(/N=C/c2cc(Cl)ccc2[O-])c(/N=C/c2cc(Cl)ccc2[O-])c1,4,4,1.0,1.0,1.0,1.0,1.0,1.0,4,0,23,0
CN1C(C(=O)NCc2ccncc2)=C(O)c2ccccc2S1(=O)=O,1,2,0.0,0.0,0.9782608695652174,1.0,0.9565217391304348,0.9583333333333334,1,1,22,0
CC(C)[C@@H]1N=C(c2[c]cccc2)c2ccccc2N(C)C1=O,2,2,1.0,1.0,1.0,1.0,1.0,1.0,2,0,20,0
C[P+]1=C(C(C)(C)C)P=C1C(C)(C)C,4,4,1.0,1.0,1.0,1.0,1.0,1.0,4,0,9,0
CC(C)(C)c1cc(-c2c3nc(c(-c4cc(C(C)(C)C)cc(C(C)(C)C)c4)c4ccc([n-]4)c(-c4cc(C(C)(C)C)cc(C(C)(C)C)c4)c4nc(cc5[n-]c2cc5C(C#N)C#N)C(Br)=C4)C=C3)cc(C(C)(C)C)c1,4,4,1.0,1.0,1.0,1.0,1.0,1.0,4,0,68,0
C1CCCCCOP2OCCCCCCCCCCOP(OCCCC1)OCCCCCCCCCCO2,2,2,1.0,1.0,1.0,1.0,1.0,1.0,2,0,36,0
C1CCCCOP2OCCCCCCCCOP(OCCC1)OCCCCCCCCO2,2,2,1.0,1.0,1.0,1.0,1.0,1.0,2,0,30,0
C[C@]12CSCCSC[C@](C)(CSCCSC1)CSCCSC2,6,6,1.0,1.0,1.0,1.0,1.0,1.0,6,0,16,0
c1cc2nc(c1)COc1ccccc1CNCCCNCc1ccccc1OC2,5,5,1.0,1.0,1.0,1.0,1.0,1.0,5,0,24,0
[CH2]~[C](~[CH]c1ccccc1)CN(Cc1ccccc1)Cc1ccccc1,3,4,0.0,0.0,0.9772727272727273,1.0,0.9545454545454546,0.96,3,1,21,0
Cc1cccc(P(c2ccccc2)c2ccccc2)c1-n1c(C)nc2ccccc2c1=O,1,3,0.0,0.0,0.967741935483871,1.0,0.9354838709677419,0.9375,1,2,29,0
CCCCCCCCCCCCOc1cc(/N=C/c2cc(-c3cccs3)ccc2[O-])c(/N=C/c2cc(-c3cccs3)ccc2[O-])cc1OCCCCCCCCCCCC,4,4,1.0,1.0,1.0,1.0,1.0,1.0,4,0,56,0
CC(=O)OCCOCn1cnc2c(=O)[nH]c(N)nc21,1,1,1.0,1.0,1.0,1.0,1.0,1.0,1,0,18,0
c1ccc(P2CCCP(c3ccccc3)CCC2)cc1,2,2,1.0,1.0,1.0,1.0,1.0,1.0,2,0,18,0
COC(=O)C=C(C(=O)OC)C(=O)OC,2,2,1.0,1.0,1.0,1.0,1.0,1.0,2,0,12,0
Cc1ccnc(Nc2cncc(Nc3cc(C)ccn3)n2)c1,3,3,1.0,1.0,1.0,1.0,1.0,1.0,3,0,19,0
Cc1ccc(-c2nc(C(=O)[O-])c(C(=O)O)[nH]2)cc1,2,4,0.0,0.0,0.9375,1.0,0.875,0.8888888888888888,2,2,14,0
[O-]c1c(F)cccc1/C=N/c1ccccc1/N=C/c1cccc(F)c1[O-],4,4,1.0,1.0,1.0,1.0,1.0,1.0,4,0,22,0
Cc1cc(C)c([N-2]~[N-3]~[N-3])c(C)c1,2,2,1.0,0.0,0.7,0.5,0.9,0.8333333333333334,1,1,9,1
CC(C)c1cccc(C(C)C)c1N1C=CN(c2c(C(C)C)cccc2C(C)C)B1C(=[P-])O[Si](C)(C)C,1,1,1.0,1.0,1.0,1.0,1.0,1.0,1,0,35,0
COc1ccc2c(c1)CC[C@H](C#N)[C@@H]2C,6,6,1.0,1.0,1.0,1.0,1.0,1.0,6,0,9,0
CC(C)(C)c1cc(-c2cc(C(C)(C)C)cc(C(C)(C)C)c2OP2OCCN2C(C)(C)C)c(OP2OCCN2C(C)(C)C)c(C(C)(C)C)c1,2,2,1.0,1.0,1.0,1.0,1.0,1.0,2,0,46,0
Cc1ccc(O)c(/C=N/Nc2ccccn2)c1,3,3,1.0,1.0,1.0,1.0,1.0,1.0,3,0,14,0
CCc1cccc(CC)c1N=P(c1ccccc1)(c1ccccc1)c1ccccc1[N-]Cc1sccc1C,2,3,0.0,0.0,0.9861111111111112,1.0,0.9722222222222222,0.9736842105263158,2,1,35,0
CCc1cccc(CC)c1N=P(c1ccccc1)(c1ccccc1)c1ccccc1[N-]Cc1ccccc1,2,2,1.0,1.0,1.0,1.0,1.0,1.0,2,0,36,0
Cc1ccsc1C[N-]c1ccccc1P(=Nc1c(C(C)C)cccc1C(C)C)(c1ccccc1)c1ccccc1,2,3,0.0,0.0,0.986842105263158,1.0,0.9736842105263158,0.975,2,1,37,0
CCOC(=O)/C=C(/N=P(c1ccccc1)(c1ccccc1)c1ccccc1)c1ccccc1,1,2,0.0,0.0,0.984375,1.0,0.96875,0.9696969696969697,1,1,31,0
Cc1c[c]c(/N=N/c2ccccc2[S@@](=O)Cc2ccccc2)cc1,3,3,1.0,1.0,1.0,1.0,1.0,1.0,3,0,21,0
c1ccc2c(c1)CSCCSCc1ccccc1OCCCO2,2,2,1.0,1.0,1.0,1.0,1.0,1.0,2,0,21,0
[O-]c1c(Cl)cc(Cl)cc1/C=N/c1ccccc1SCc1cc(Cl)cc(Cl)c1[O-],4,4,1.0,1.0,1.0,1.0,1.0,1.0,4,0,24,0
[O-]c1c(Cl)cc(Cl)cc1/C=N/c1ccccc1SCc1cc(Br)cc(Br)c1[O-],4,4,1.0,1.0,1.0,1.0,1.0,1.0,4,0,24,0
Fc1c[c]c(-c2cccc(Nc3cccc(-c4[c]cc(F)cc4F)n3)n2)c(F)c1,4,4,1.0,1.0,1.0,1.0,1.0,1.0,4,0,25,0
Cc1cc(C)nc(N(c2cccc(-c3[c]cc(F)cc3F)n2)c2cccc(-c3[c]cc(F)cc3F)n2)n1,4,6,0.0,0.0,0.9696969696969697,1.0,0.9393939393939394,0.9459459459459459,4,2,31,0
COC[C@H]([N-2]~[CH]~[CH]~[CH]c1ccccc1)c1ccccc1,4,5,0.0,0.0,0.96875,1.0,0.9375,0.95,4,1,15,0
CN(C(=O)[N-]c1ccccc1)C(=S)[S-],2,3,0.0,0.0,0.9583333333333333,1.0,0.9166666666666666,0.9285714285714286,2,1,11,0
CS/C([S-])=N/N=C\c1ccc(N(C)C)cc1,2,2,1.0,1.0,1.0,1.0,1.0,1.0,2,0,14,0
Cn1ccnc1CN1CCN(CC(=O)[O-])CCN(Cc2nccn2C)CCN(CC(=O)[O-])CC1,6,10,0.0,0.0,0.9285714285714286,1.0,0.8571428571428571,0.8823529411764706,6,4,24,0
Cc1cccnc1CN[C@H]1C[C@@H](NCc2ncccc2C)C[C@@H](NCc2ncccc2C)C1,6,6,1.0,1.0,1.0,1.0,1.0,1.0,6,0,27,0
Cn1ccnc1CN1CCN(CC(=O)O)CCN(Cc2nccn2C)CCN(CC(=O)O)CC1,6,8,0.0,0.0,0.9642857142857143,1.0,0.9285714285714286,0.9411764705882353,6,2,26,0
O=C([N-]c1ccccc1P(=O)(c1ccccc1)c1ccccc1)c1nc(Cl)ccc1Cl,3,3,1.0,1.0,1.0,1.0,1.0,1.0,3,0,28,0
C/C=C(\c1ccccc1)N(CC)CC,1,6,0.0,0.0,0.8076923076923077,1.0,0.6153846153846154,0.6428571428571429,1,5,8,0
CC(C)c1cc(C(C)C)n(C([C]=O)n2nc(C(C)C)cc2C(C)C)n1,3,3,1.0,1.0,1.0,1.0,1.0,1.0,3,0,22,0
COC(=O)[C@](C)(N=C(c1ccccc1)c1ccccc1)c1ccccc1C,6,8,0.0,0.0,0.9523809523809523,1.0,0.9047619047619048,0.9259259259259259,6,2,19,0
CCN(CC)P1OCCN1CC,1,1,1.0,1.0,1.0,1.0,1.0,1.0,1,0,11,0
Cc1c[c]c(-c2cccc(Cl)c2/C=N/Cc2ccc(Cl)cc2)cc1,2,2,1.0,1.0,1.0,1.0,1.0,1.0,2,0,22,0
C[C]1N(c2c(C(C)C)cccc2C(C)C)C(C)(C)CC1(C)C,1,1,1.0,1.0,1.0,1.0,1.0,1.0,1,0,21,0
C/C(CC([O-])(C(F)(F)F)C(F)(F)F)=N\CC/N=C(\C)CC([O-])(C(F)(F)F)C(F)(F)F,4,4,1.0,1.0,1.0,1.0,1.0,1.0,4,0,26,0
O=[C]C1=C([O-])CC[C@H](c2ccccc2)C1,2,3,0.0,0.0,0.9615384615384616,1.0,0.9230769230769231,0.9333333333333333,2,1,12,0
[O-]c1c(Br)cc(Br)cc1/C=N/[C@]12C[C@H]3C[C@H](C[C@H](C3)C1)C2,2,2,1.0,1.0,1.0,1.0,1.0,1.0,2,0,19,0
CN1C(=O)NC(=O)C(=C([S-])[S-])C1=O,2,2,1.0,1.0,1.0,1.0,1.0,1.0,2,0,11,0
C/[NH+]=C(\SC)P(c1ccccc1)c1ccccc1,1,1,1.0,1.0,1.0,1.0,1.0,1.0,1,0,17,0
CCNC(=S)P(C)c1c(C)cc(C)cc1C,1,2,0.0,0.0,0.9666666666666667,1.0,0.9333333333333333,0.9375,1,1,14,0
Cc1ccc(C(C)C)c([O-])c1,1,1,1.0,1.0,1.0,1.0,1.0,1.0,1,0,10,0
O=[P+](=O)([O-])c1ccccc1,2,3,0.0,0.0,0.9375,1.0,0.875,0.9,2,1,7,0
Cc1ncn(-c2ccccn2)n1,1,3,0.0,0.0,0.9090909090909092,1.0,0.8181818181818182,0.8333333333333334,1,2,9,0
CC(C)NCc1cc(C(C)(C)C)cc(CO)c1[S-],2,2,1.0,1.0,1.0,1.0,1.0,1.0,2,0,16,0
O=S(=O)([O-])CCCn1c(-c2ccccn2)nc2ccccc21,2,3,0.0,0.0,0.975,1.0,0.95,0.9545454545454546,2,1,19,0
Cc1nc(-n2ccc(-c3ccccc3)n2)ccc1N1c2ccccc2C(C)(C)c2ccccc21,2,2,1.0,1.0,1.0,1.0,1.0,1.0,2,0,32,0
NNC(=O)CCCOc1ccc(Cl)cc1Cl,2,2,1.0,1.0,1.0,1.0,1.0,1.0,2,0,14,0
CC(C)/N=C(\NC(C)C)c1ccccc1[O-],2,2,1.0,1.0,1.0,1.0,1.0,1.0,2,0,14,0
C[C](=O)~[C]1~[CH]~[CH]~[C]([C]2[CH][C]([C]3~[CH]~[CH]~[C](~[C](C)=O)~[CH]~[CH]~3)[C]([C]3~[CH]~[CH]~[C](~[C](C)=O)~[CH]~[CH]~3)[C]2[C]2~[CH]~[CH]~[C](~[C](C)=O)~[CH]~[CH]~2)~[CH]~[CH]~1,5,0,0.0,0.0,0.5,0.0,1.0,0.8780487804878049,0,0,36,5
[CH]1[C@H]2C=C[C@H]3[C@@H]4CC[C@@H](C[C@H]14)[C@H]32,3,3,1.0,1.0,1.0,1.0,1.0,1.0,3,0,9,0
O=C([O-])[C@H](Cc1ccccc1Br)/N=C(\c1ccccc1)c1ccccc1[N-]C(=O)[C@@H]1CCCN1Cc1ccccc1,4,5,0.0,0.0,0.9864864864864865,1.0,0.972972972972973,0.975609756097561,4,1,36,0
c1csc(CSCCSCc2cccs2)c1,2,2,1.0,1.0,1.0,1.0,1.0,1.0,2,0,14,0
c1ccc([C](P(c2ccccc2)c2ccccc2)P(c2ccccc2)c2ccccc2)cc1,3,2,0.0,0.0,0.8333333333333333,0.6666666666666666,1.0,0.9696969696969697,2,0,30,1
c1ccc(C(P(c2ccccc2)c2ccccc2)P(c2ccccc2)c2ccccc2)cc1,2,2,1.0,1.0,1.0,1.0,1.0,1.0,2,0,31,0
CC[S+](C)C,1,0,0.0,0.0,0.5,0.0,1.0,0.8,0,0,4,1
O=C([O-])C[N-]S(=O)(=O)c1cccc(C(=O)O)c1,2,3,0.0,0.0,0.9666666666666667,1.0,0.9333333333333333,0.9411764705882353,2,1,14,0
Cc1cc2c(c(C(C)(C)C)c1)O[P-](~[N-2]c1ccccc1)(~[N-2]c1ccccc1)Oc1c(cc(C)cc1C(C)(C)C)C2,2,2,1.0,1.0,1.0,1.0,1.0,1.0,2,0,38,0
CCC1=C(CC)c2cc3[n-]c(c(CC)c3CC)c3[n-]c(cc4[n-]c(cc1n2)c(CC)c4CC)c(CC)c3CC,4,4,1.0,1.0,1.0,1.0,1.0,1.0,4,0,35,0
CO[P@H](=O)[O-],1,1,1.0,1.0,1.0,1.0,1.0,1.0,1,0,4,0
CN1C=C[C]S1,1,1,1.0,1.0,1.0,1.0,1.0,1.0,1,0,5,0
CC1=C(C)[C@@H]2[C@@H]([N-]c3c(C)cccc3C)[C@]2([N-]c2c(C)cccc2C)C1,2,2,1.0,1.0,1.0,1.0,1.0,1.0,2,0,24,0
Cc1cc(C)c([N-2]~[CH]~[CH]~[CH]~[N-2]c2c(C)cc(C)cc2C)c(C)c1,2,2,1.0,1.0,1.0,1.0,1.0,1.0,2,0,21,0
c1ccc2c(-c3nnn[n-]3)n[nH]c2c1,1,2,0.0,0.0,0.9615384615384616,1.0,0.9230769230769231,0.9285714285714286,1,1,12,0
O=c1[n-]c(-c2n[nH]c3ccccc23)no1,1,2,0.0,0.0,0.9642857142857143,1.0,0.9285714285714286,0.9333333333333333,1,1,13,0
c1ccc2c(-c3nnn[n-]3)nsc2c1,1,2,0.0,0.0,0.9615384615384616,1.0,0.9230769230769231,0.9285714285714286,1,1,12,0
O=C([O-])c1nsc2ccccc12,2,3,0.0,0.0,0.95,1.0,0.9,0.9166666666666666,2,1,9,0
O=[C]ON([C]=O)c1ccccc1,2,2,1.0,1.0,1.0,1.0,1.0,1.0,2,0,10,0
CC(C)c1cccc(C(C)C)c1/N=C/C1=CC=C/C(=C/P(C(C)(C)C)C(C)(C)C)[N-]1,3,3,1.0,1.0,1.0,1.0,1.0,1.0,3,0,27,0
CO[C]1~[CH]~[CH]~[C](~[C](C)~[N-3]~[N-3]~[C]([O-])~[C]2~[CH]~[CH]~[CH]~[CH]~[C]~2O)~[CH]~[CH]~1,2,2,1.0,1.0,1.0,1.0,1.0,1.0,2,0,19,0
CC(C)(C)c1cc(-c2cc(-c3cc(C(C)(C)C)cc(C(C)(C)C)c3)c3c(c2)-c2nc-3nc3[n-]c(nc4nc(nc5[n-]c(n2)c2c(-c6cc(C(C)(C)C)cc(C(C)(C)C)c6)cc(-c6cc(C(C)(C)C)cc(C(C)(C)C)c6)cc52)-c2c(-c5cc(C(C)(C)C)cc(C(C)(C)C)c5)cc(-c5cc(C(C)(C)C)cc(C(C)(C)C)c5)cc2-4)c2c(-c4cc(C(C)(C)C)cc(C(C)(C)C)c4)cc(-c4cc(C(C)(C)C)cc(C(C)(C)C)c4)cc32)cc(C(C)(C)C)c1,4,4,1.0,1.0,1.0,1.0,1.0,1.0,4,0,148,0
CC(C)(C)c1ccc(OP2Oc3ccc(C(C)(C)C)cc3C(c3cccc(C4c5cc(C(C)(C)C)ccc5OP(Oc5ccc(C(C)(C)C)cc5)Oc5ccc(C(C)(C)C)cc54)c3)c3cc(C(C)(C)C)ccc3O2)cc1,2,2,1.0,1.0,1.0,1.0,1.0,1.0,2,0,74,0
c1c[nH]c(CN2CCN(Cc3ncc[nH]3)CCN(Cc3[nH]cc[nH+]3)CC2)n1,5,5,1.0,1.0,1.0,1.0,1.0,1.0,5,0,22,0
Cn1ccnc1CN1CCN(Cc2nccn2C)CCN(Cc2[nH]cc[n+]2C)CC1,5,5,1.0,1.0,1.0,1.0,1.0,1.0,5,0,25,0
C[C@]12CNCCNC[C@](NCc3ccc(-c4ccccc4)cc3)(CNCCNC1)CNCCNC2,6,6,1.0,1.0,1.0,1.0,1.0,1.0,6,0,29,0
CC1(C)[C@H]2CC[C@@]3(C[C@@H]3/N=C3C(=N/[C@H]4C[C@@]45CC[C@H]4C[C@@H]5C4(C)C)/c4cccc5cccc/3c45)[C@@H]1C2,2,2,1.0,1.0,1.0,1.0,1.0,1.0,2,0,34,0
C/C(=N\N=C(/[S-])N1CCC1)c1ccccn1,3,3,1.0,1.0,1.0,1.0,1.0,1.0,3,0,13,0
CC(C)(C)c1cc(/N=C/c2ccccn2)c2c(c1)C(C)(C)c1cc(C(C)(C)C)cc(NCc3ccccn3)c1O2,5,5,1.0,1.0,1.0,1.0,1.0,1.0,5,0,35,0
CC(C)(C)c1cc(/N=C/c2ccccn2)c2c(c1)C(C)(C)c1cc(C(C)(C)C)cc(N(Cc3ccccn3)Cc3ccccn3)c1O2,6,6,1.0,1.0,1.0,1.0,1.0,1.0,6,0,41,0
CCN(CC)c1nc(NP(C(C)C)C(C)C)nc(NP(C(C)C)C(C)C)n1,3,3,1.0,1.0,1.0,1.0,1.0,1.0,3,0,24,0
[S-]/C(=N\N=C1C(=N\N=C(/[S-])SCc2ccccc2)\c2cccc3cccc\1c23)SCc1ccccc1,4,4,1.0,1.0,1.0,1.0,1.0,1.0,4,0,32,0
[c]1ccccc1N1[CH]N(c2ccccc2)C(Nc2ccccc2)=N1,2,2,1.0,1.0,1.0,1.0,1.0,1.0,2,0,22,0
Fc1nc(F)c(F)c(P(CCP(c2ccccc2)c2ccccc2)c2ccccc2)c1F,2,2,1.0,1.0,1.0,1.0,1.0,1.0,2,0,30,0
Cc1cc(C)c([B-](=[N-])c2c(C)cc(C)cc2C)c(C)c1,1,1,1.0,1.0,1.0,1.0,1.0,1.0,1,0,19,0
CC(/C=C(\[O-])C(C)(C)C)=N\[C@@H](C)CN(C)C,3,3,1.0,1.0,1.0,1.0,1.0,1.0,3,0,13,0
CC(C)(C)c1cc(C(C)(C)C)c(P(/C(=[C]/c2ccccc2)c2ccccc2)C(C)(C)[O-])c(C(C)(C)C)c1,2,3,0.0,0.0,0.9857142857142858,1.0,0.9714285714285714,0.972972972972973,2,1,34,0
c1csc(-c2nnn[nH]2)c1,1,2,0.0,0.0,0.9444444444444444,1.0,0.8888888888888888,0.9,1,1,8,0
C=CSCCS/C=C(/C)[S-],3,3,1.0,1.0,1.0,1.0,1.0,1.0,3,0,7,0
CC(C)(C)C1=CC(=C2C3=N/C(=C(/c4cc(C(C)(C)C)cc(C(C)(C)C)c4)c4ccc([n-]4)C(=O)C4=N/C(=C(/c5cc(C(C)(C)C)cc(C(C)(C)C)c5)c5ccc2[n-]5)C=C4)C=C3)C=C(C(C)(C)C)C1=O,4,4,1.0,1.0,1.0,1.0,1.0,1.0,4,0,64,0
CC(C)(C)P(C[Si](C)(C)O[Si](C)(C)CP(C(C)(C)C)C(C)(C)C)C(C)(C)C,2,3,0.0,0.0,0.98,1.0,0.96,0.9629629629629629,2,1,24,0
C=CCNC(=S)N[N-]C(=S)NC(=O)c1ccccc1,3,3,1.0,1.0,1.0,1.0,1.0,1.0,3,0,16,0
c1ccc(CN(Cc2ccsc2)Cc2ccccn2)nc1,3,3,1.0,1.0,1.0,1.0,1.0,1.0,3,0,18,0
O=S(=O)([O-])c1cccc(-c2cccc(S(=O)(=O)[O-])n2)n1,4,4,1.0,1.0,1.0,1.0,1.0,1.0,4,0,16,0
C/C([O-])=C/C(C)=N/[C@H](C)CN(C)C,3,3,1.0,1.0,1.0,1.0,1.0,1.0,3,0,10,0
COc1ccc2ccccc2c1-c1c(/N=C/c2ccccn2)ccc2ccccc12,2,2,1.0,1.0,1.0,1.0,1.0,1.0,2,0,28,0
Oc1ccc2ccccc2c1-c1c(/N=C/c2ccccn2)ccc2ccccc12,2,2,1.0,1.0,1.0,1.0,1.0,1.0,2,0,27,0
O=Cc1ccc([B@-]23O/N=C4\CCCC\C4=N/O[B@-](c4ccc(C=O)cc4)(O/N=C4\CCCC\C4=N/O2)O/N=C2\CCCC\C2=N/O3)cc1,6,6,1.0,1.0,1.0,1.0,1.0,1.0,6,0,42,0
O=C1/C(=C2/[N-]c3ccccc3C2=O)[N-]c2ccccc21,2,2,1.0,1.0,1.0,1.0,1.0,1.0,2,0,18,0
NCCN(CC/N=C/c1cccc[n+]1[O-])CCN[C@H](O)c1cccc[n+]1[O-],6,6,1.0,1.0,1.0,1.0,1.0,1.0,6,0,21,0
CN1C(=O)c2nc(c(-c3ccccc3)c3ccc([n-]3)c(-c3ccccc3)c3nc(c(-c4ccccc4)c4ccc([n-]4)c2-c2ccccc2)C=C3)C(=O)N(C)C1=O,4,4,1.0,1.0,1.0,1.0,1.0,1.0,4,0,52,0
O=[N+]([O-])c1ccc([O-])c([N-]/C=C/[P+](c2ccccc2)(c2ccccc2)c2ccccc2)c1,2,2,1.0,1.0,1.0,1.0,1.0,1.0,2,0,30,0
CN(C)N([C]=O)P(c1ccccc1)c1ccccc1,2,2,1.0,1.0,1.0,1.0,1.0,1.0,2,0,17,0
[O-][C@@H](/C(=N\O)c1ccccn1)c1ccccn1,3,4,0.0,0.0,0.9642857142857143,1.0,0.9285714285714286,0.9411764705882353,3,1,13,0
COc1ccc([N-2]~[N-3]~[C](~[N-3]~[N-2]c2ccc(OC)cc2)c2ccccc2)cc1,2,2,1.0,1.0,1.0,1.0,1.0,1.0,2,0,25,0
O=[N+]([O-])c1cc([O-])c([O-])cc1[N+](=O)[O-],2,2,1.0,1.0,1.0,1.0,1.0,1.0,2,0,12,0
Cc1ccc(-c2[c]c3ccccc3n2S(=O)(=O)c2ccc(C)cc2)cc1,1,1,1.0,1.0,1.0,1.0,1.0,1.0,1,0,25,0
Cc1[c]sc2ccccc12,1,1,1.0,1.0,1.0,1.0,1.0,1.0,1,0,9,0
Cc1ccc([C](~[O-2])~[C](Cl)~[C](~[O-2])c2ccc(C)cc2)cc1,2,2,1.0,1.0,1.0,1.0,1.0,1.0,2,0,18,0
COc1ccc([N-2]~[C](~[CH]~[C](~[O-2])c2ccccc2)C(F)(F)F)cc1,2,2,1.0,1.0,1.0,1.0,1.0,1.0,2,0,21,0
COC(=O)c1ccc(-c2ccnc3c2ccc2c(-c4ccc(C(=O)OC)cc4)ccnc23)cc1,2,2,1.0,1.0,1.0,1.0,1.0,1.0,2,0,32,0
O=[N+]([O-])c1cc[c]c(/C=N/c2cc([N+](=O)[O-])ccc2O)c1,2,3,0.0,0.0,0.9736842105263157,1.0,0.9473684210526315,0.9523809523809523,2,1,18,0
O=[P@@]([O-])(O)CN1CCCNCCNCCCNCC1,5,6,0.0,0.0,0.9642857142857143,1.0,0.9285714285714286,0.9473684210526315,5,1,13,0
O=P(O)(O)CN1CCCNCCNCCCNCC1,5,5,1.0,1.0,1.0,1.0,1.0,1.0,5,0,14,0
CC1(C)O[C@H]2CSCCSC[C@@H]2O1,2,2,1.0,1.0,1.0,1.0,1.0,1.0,2,0,11,0
[CH2]C([CH2])(C)C(C)C,2,2,1.0,1.0,1.0,1.0,1.0,1.0,2,0,5,0
N=CCN(CCN)CCN,4,4,1.0,1.0,1.0,1.0,1.0,1.0,4,0,6,0
CN(C)[C](~[S-2])~[N-3]~[C](~[O-2])c1ccco1,2,2,1.0,1.0,1.0,1.0,1.0,1.0,2,0,11,0
CC1(C)CCc2c(c3ccccc3c3nc4c5cccnc5c5ncccc5c4nc23)O1,2,2,1.0,1.0,1.0,1.0,1.0,1.0,2,0,30,0
CC(C)/[N+]=C(/[N-]CCC[N-]/C(=[N+]/C(C)C)N(C(C)C)[Si](C)(C)C)N(C(C)C)[Si](C)(C)C,4,4,1.0,1.0,1.0,1.0,1.0,1.0,4,0,27,0
CO[C@H]1C[C@@H]1c1ccccc1[Si](C)(C)C,6,7,0.0,0.0,0.9444444444444444,1.0,0.8888888888888888,0.9333333333333333,6,1,8,0
CN(CCC(C)(C)C)[C@@H]1CCCC[C@H]1N(C)CCC(C)(C)C,2,2,1.0,1.0,1.0,1.0,1.0,1.0,2,0,20,0
O=N/C=C\[O-],2,2,1.0,1.0,1.0,1.0,1.0,1.0,2,0,3,0
CC(C)(C)c1cc(/C=N/c2ccccc2/N=N/c2ccccc2[O-])c([O-])c(C(C)(C)C)c1,4,5,0.0,0.0,0.9821428571428572,1.0,0.9642857142857143,0.96875,4,1,27,0
CC(C)(C)c1cc(S(=O)(=O)[O-])c2cc(C(C)(C)C)ccc2c1,1,1,1.0,1.0,1.0,1.0,1.0,1.0,1,0,21,0
CC(C)(C)OO[C@@H]([CH]c1ccccc1)c1ccccc1,1,2,0.0,0.0,0.9736842105263157,1.0,0.9473684210526315,0.95,1,1,18,0
[C]#CC1(OCC)CCCCC1,1,1,1.0,1.0,1.0,1.0,1.0,1.0,1,0,10,0
CC(C)(N)Cc1ccccc1I,1,1,1.0,1.0,1.0,1.0,1.0,1.0,1,0,11,0
COc1c2c(c(OC)c3c1[C@@H]1C=C[C@H]3[C@H]3[C@H]4C=C[C@H]([C@H]4OCc4cccnc4)[C@H]31)[C@@H]1C=C[C@H]2[C@H]2[C@H]3C=C[C@H]([C@H]3OCc3cccnc3)[C@H]21,2,12,0.0,0.0,0.8913043478260869,1.0,0.782608695652174,0.7916666666666666,2,10,36,0
CC[N-]c1ccccc1/N=N/c1ccccc1NCC,3,4,0.0,0.0,0.9705882352941176,1.0,0.9411764705882353,0.95,3,1,16,0
Cc1cc(C#N)c([S-])c(/C=N/CC/N=C/c2cc(C)cc3cnsc23)c1,2,4,0.0,0.0,0.9583333333333333,1.0,0.9166666666666666,0.9230769230769231,2,2,22,0
CC(C)c1cccc(C(C)C)c1[N-]c1cccc(N2CCOCC2)n1,2,2,1.0,1.0,1.0,1.0,1.0,1.0,2,0,23,0
O=C(Nn1cnnc1)c1ccc(C(=O)Nn2cnnc2)cc1,1,4,0.0,0.0,0.9285714285714286,1.0,0.8571428571428571,0.8636363636363636,1,3,18,0
CC(=N/N=C/c1cc(C)ccc1[O-])/N=C/c1cc(C)ccc1[O-],4,4,1.0,1.0,1.0,1.0,1.0,1.0,4,0,19,0
c1ccc(-c2cnn(Cc3ccccn3)n2)cc1,2,3,0.0,0.0,0.96875,1.0,0.9375,0.9444444444444444,2,1,15,0
CC(C)C[Si-](CC(C)C)c1ccccc1[Si-](CC(C)C)CC(C)C,2,2,1.0,1.0,1.0,1.0,1.0,1.0,2,0,22,0
Cn1ccccc1=S,1,1,1.0,1.0,1.0,1.0,1.0,1.0,1,0,7,0
CSc1ccccc1P(=Nc1ccccc1Sc1ccccc1)(c1ccccc1)c1ccccc1,3,3,1.0,1.0,1.0,1.0,1.0,1.0,3,0,32,0
CCCCNC=C1/C=N/CCC/N=C/C(=CNCCCC)/C=N/CCC/N=C/1,4,4,1.0,1.0,1.0,1.0,1.0,1.0,4,0,24,0
CSc1ccccc1N=P(c1ccccc1)(c1ccccc1)c1ccccc1SC,3,3,1.0,1.0,1.0,1.0,1.0,1.0,3,0,27,0
Cc1ccc([N-2]~[CH]~[N-2]c2ccc(C)cc2C)c(C)c1,2,2,1.0,1.0,1.0,1.0,1.0,1.0,2,0,17,0
CC(C)N(B1PB(N(C(C)C)C(C)C)P1)C(C)C,1,2,0.0,0.0,0.9705882352941176,1.0,0.9411764705882353,0.9444444444444444,1,1,16,0
N=c1c2[c]cccc2[nH]c2ccccc12,2,2,1.0,1.0,1.0,1.0,1.0,1.0,2,0,13,0
CO[C@H]1c2ccccc2[C@H]2CO[C][C@H]21,1,1,1.0,1.0,1.0,1.0,1.0,1.0,1,0,13,0
c1ccc(/N=N/[N-]c2ccccc2/N=N/Nc2ccccc2)cc1,1,2,0.0,0.0,0.9782608695652174,1.0,0.9565217391304348,0.9583333333333334,1,1,22,0
CN(Cc1ccccc1[O-])[C@H]1CCCC[C@@H]1/N=C/c1ccccc1,3,3,1.0,1.0,1.0,1.0,1.0,1.0,3,0,21,0
Cc1ccnc(-c2cc(CO)ccn2)c1,2,2,1.0,1.0,1.0,1.0,1.0,1.0,2,0,13,0
c1c[nH]c(CN2CCN(Cc3ncc[nH]3)CCN(Cc3ncc[nH]3)CC2)n1,6,6,1.0,1.0,1.0,1.0,1.0,1.0,6,0,21,0
c1ccc(N2C[C@@H]3[C@H]4c5ccccc5[C@H](c5ccccc54)[C@@H]3C2)cc1,6,8,0.0,0.0,0.8377192982456141,0.8333333333333334,0.8421052631578947,0.84,5,3,16,1
O=c1c(/C=N/N=C(\[S-])Nc2ccccc2)coc2ccccc12,3,3,1.0,1.0,1.0,1.0,1.0,1.0,3,0,20,0
C[C](P(=Nc1ccc(C)cc1)(c1ccccc1)c1ccccc1)P(=Nc1ccc(C)cc1)(c1ccccc1)c1ccccc1,2,3,0.0,0.0,0.9880952380952381,1.0,0.9761904761904762,0.9772727272727273,2,1,41,0
CC(C)c1cccc(C(C)C)c1/N=C/c1ccccc1[N-]c1ccccc1/C=N/c1c(C(C)C)cccc1C(C)C,3,3,1.0,1.0,1.0,1.0,1.0,1.0,3,0,38,0
CC(C)(CSc1ccccc1[S-])CSc1ccccc1[S-],4,4,1.0,1.0,1.0,1.0,1.0,1.0,4,0,17,0
[CH2]C(C)(C)CSc1ccccc1[S-],3,3,1.0,1.0,1.0,1.0,1.0,1.0,3,0,10,0
CCC/N=C(\C)c1ccccn1,2,2,1.0,1.0,1.0,1.0,1.0,1.0,2,0,10,0
COc1cc(C(C)(C)C)c([O-])c(P(=NCCN=P(c2ccccc2)(c2ccccc2)c2cc(OC)cc(C(C)(C)C)c2[O-])(c2ccccc2)c2ccccc2)c1,4,4,1.0,1.0,1.0,1.0,1.0,1.0,4,0,52,0
N#Cc1ccc(-c2nnn[n-]2)nc1,2,2,1.0,1.0,1.0,1.0,1.0,1.0,2,0,11,0
c1cnc2c(CSc3ccncc3)cccc2c1,1,3,0.0,0.0,0.9411764705882353,1.0,0.8823529411764706,0.8888888888888888,1,2,15,0
Cc1cc(C)c(-c2cc(-c3[c]cc(F)cc3F)ncn2)c(C)c1,2,2,1.0,1.0,1.0,1.0,1.0,1.0,2,0,21,0
[NH3+][C@]12CNCCNC[C@]([NH2+]Cc3cccc(O)c3)(CNCCNC1)CNCCNC2,6,6,1.0,1.0,1.0,1.0,1.0,1.0,6,0,24,0
Oc1cccc(C[NH2+][C@]23CNCCNC[C@]([NH2+]Cc4cccc(O)c4)(CNCCNC2)CNCCNC3)c1,6,6,1.0,1.0,1.0,1.0,1.0,1.0,6,0,32,0
CCOc1cccc(/C=N/Cc2ccccn2)c1[O-],3,3,1.0,1.0,1.0,1.0,1.0,1.0,3,0,16,0
[O-]c1cc([C@H]2C[C@H](O)[C@@H](CO)O2)ccc1/C=N/CC/N=C/c1ccc([C@H]2C[C@H](O)[C@@H](CO)O2)cc1[O-],4,8,0.0,0.0,0.9375,1.0,0.875,0.8888888888888888,4,4,28,0
OC1CSCCN2CCCN(CCC2)CCSC1,5,4,0.0,0.0,0.9,0.8,1.0,0.9444444444444444,4,0,13,1
CC1(C)OB(Nc2ccccc2P(c2ccccc2)c2ccccc2)OC1(C)C,1,2,0.0,0.0,0.9821428571428572,1.0,0.9642857142857143,0.9655172413793104,1,1,27,0
CCCCn1c(-c2ccccc2[O-])nc2ccccc21,2,2,1.0,1.0,1.0,1.0,1.0,1.0,2,0,18,0
O=C([O-])[C@H]1CCCN1CO,2,3,0.0,0.0,0.9375,1.0,0.875,0.9,2,1,7,0
[C]=C(c1ccccc1)[C@H](C#N)C(C#N)(C#N)[C]1C=CC(=C(C#N)C#N)C=C1,1,2,0.0,0.0,0.9807692307692308,1.0,0.9615384615384616,0.9629629629629629,1,1,25,0
CC(C)(C)/N=[C]/[C](P(=S)(c1ccccc1)c1ccccc1)P(=S)(c1ccccc1)c1ccccc1,3,5,0.0,0.0,0.96875,1.0,0.9375,0.9428571428571428,3,2,30,0
Cn1ccnc1/N=N/c1ccc2ccccc2c1,2,2,1.0,1.0,1.0,1.0,1.0,1.0,2,0,16,0
O=[N+]([O-])C1=C(Cl)c2nc1c(-c1ccccc1)c1[n-]c(c(Cl)c1Cl)c(-c1ccccc1)c1nc(c(-c3ccccc3)c3[n-]c(c(Cl)c3Cl)c2-c2ccccc2)C(Cl)=C1Cl,4,4,1.0,1.0,1.0,1.0,1.0,1.0,4,0,54,0
c1ccc(P(c2ccccc2)c2ccccc2-c2nc3ccccc3s2)cc1,2,2,1.0,1.0,1.0,1.0,1.0,1.0,2,0,26,0
Cc1ccc([O-])c(-c2ccn(C)n2)c1,2,2,1.0,1.0,1.0,1.0,1.0,1.0,2,0,12,0
c1cn(C[C@@H]2CCCN2)cn1,1,2,0.0,0.0,0.95,1.0,0.9,0.9090909090909091,1,1,9,0
BrCc1ccncc1,1,1,1.0,1.0,1.0,1.0,1.0,1.0,1,0,7,0
O=COCc1ccncc1,1,1,1.0,1.0,1.0,1.0,1.0,1.0,1,0,9,0
C[C@H]([N-]C(=O)[C@@H](C)N)c1nc2ccccc2[nH]1,3,3,1.0,1.0,1.0,1.0,1.0,1.0,3,0,14,0
c1cc(-c2ccc(-c3cn[nH]c3)cn2)ncc1-c1cn[nH]c1,2,4,0.0,0.0,0.95,1.0,0.9,0.9090909090909091,2,2,18,0
c1ccc(-c2ccc(-c3cn[nH]c3)cn2)nc1,2,3,0.0,0.0,0.9666666666666667,1.0,0.9333333333333333,0.9411764705882353,2,1,14,0
C=CC[C@@H](/C=C/C=C/C#N)[C@H](C)OC(=O)CCl,4,4,1.0,1.0,1.0,1.0,1.0,1.0,4,0,13,0
COC(=O)c1c[c]c(/C=N/c2cccc3ccc[c]c23)cc1,3,3,1.0,1.0,1.0,1.0,1.0,1.0,3,0,19,0
C/C(=N\c1c(C(c2ccccc2)c2ccccc2)cc(Cl)cc1C(c1ccccc1)c1ccccc1)c1ccc2c(n1)CCCCC2,2,2,1.0,1.0,1.0,1.0,1.0,1.0,2,0,45,0
[CH2]C(C)(C)CO/N=C(\C)C(=O)[O-],3,4,0.0,0.0,0.9444444444444444,1.0,0.8888888888888888,0.9166666666666666,3,1,8,0
FC(F)(F)c1ccccc1CN1CCCNCCN(Cc2ccccc2C(F)(F)F)CCCNCC1,4,4,1.0,1.0,1.0,1.0,1.0,1.0,4,0,32,0
FC(F)(F)c1ccccc1CN1CCCNCCNCCCNCC1,4,4,1.0,1.0,1.0,1.0,1.0,1.0,4,0,21,0
Cc1cccc(C)c1NC(=O)[O-],1,2,0.0,0.0,0.9545454545454546,1.0,0.9090909090909091,0.9166666666666666,1,1,10,0
CCC1(CC)c2cccc(n2)C(CC)(CC)c2ccc([n-]2)C(CC)(CC)c2ccc([n-]2)C(CC)(CC)[C@](C)([O-])c2nc1ccc2C,5,5,1.0,1.0,1.0,1.0,1.0,1.0,5,0,41,0
CC(C)P(c1ccccc1[Si-](OS(=O)(=O)C(F)(F)F)c1ccccc1P(C(C)C)C(C)C)C(C)C,3,3,1.0,1.0,1.0,1.0,1.0,1.0,3,0,32,0
C[C@@H]1[Si](C)(C)c2cc3c(cc2[Si]1(C)C)[C@H](C)COC3,6,7,0.0,0.0,0.9615384615384616,1.0,0.9230769230769231,0.9473684210526315,6,1,12,0
O=Cc1cc([O-])ccc1O,1,1,1.0,1.0,1.0,1.0,1.0,1.0,1,0,9,0
O=C([N-]c1ccccc1)N/N=C/c1ccccc1P(c1ccccc1)c1ccccc1,3,3,1.0,1.0,1.0,1.0,1.0,1.0,3,0,28,0
[CH]1~[CH]~[CH]C(C2=CCC=C2)[CH]~[CH]~1,5,5,1.0,1.0,1.0,1.0,1.0,1.0,5,0,6,0
CC(C)(C)N1CCN(Cc2ccccn2)CCN(C(C)(C)C)CC1,4,4,1.0,1.0,1.0,1.0,1.0,1.0,4,0,20,0
O=C(NCCOCCOCCOCCP(c1ccccc1)c1ccccc1)c1cccc(C(=O)NCCOCCOCCOCCP(c2ccccc2)c2ccccc2)n1,2,9,0.0,0.0,0.9396551724137931,1.0,0.8793103448275862,0.8833333333333333,2,7,51,0
COc1cccc(OC)c1-c1c2nc(c(-c3c(OC)cccc3OC)c3ccc([n-]3)c(-c3c(OC)cccc3OC)c3nc(c(-c4c(OC)cccc4OC)c4ccc1[n-]4)C=C3)C=C2,4,4,1.0,1.0,1.0,1.0,1.0,1.0,4,0,60,0
CCN(CC)C(=S)/N=N/c1ccc(C#N)cc1,2,2,1.0,1.0,1.0,1.0,1.0,1.0,2,0,15,0
CN(/N=C/C(=[C]\CCP(c1ccccc1)c1ccccc1)CP(c1ccccc1)c1ccccc1)c1cc(N(C)/N=C/c2ccccn2)ncn1,3,8,0.0,0.0,0.9479166666666667,1.0,0.8958333333333334,0.9019607843137255,3,5,43,0
CN(/N=C/CCP(c1ccccc1)c1ccccc1)c1cc(N(C)/N=C/c2ccccn2)ncn1,3,6,0.0,0.0,0.953125,1.0,0.90625,0.9142857142857143,3,3,29,0
O=C([N-]c1ccccc1[N-]C(=O)NCc1ccccc1)NCc1ccccc1,2,2,1.0,1.0,1.0,1.0,1.0,1.0,2,0,26,0
NCC(=O)[N-]CC(=O)[N-][C@@H](Cc1c[nH]cn1)C(N)=O,4,4,1.0,1.0,1.0,1.0,1.0,1.0,4,0,15,0
Cn1ccnc1CN1CCNCCN(Cc2nccn2C)CCNCC1,6,6,1.0,1.0,1.0,1.0,1.0,1.0,6,0,20,0
CN1CCN(Cc2nccn2C)CCN(C)CCN(Cc2nccn2C)CC1,6,6,1.0,1.0,1.0,1.0,1.0,1.0,6,0,22,0
CC(=O)c1sccc1[S+](=O)=O,2,2,1.0,1.0,1.0,1.0,1.0,1.0,2,0,9,0
CC1(C)[C@H]2CC[C@]1(C)/C(=N/CC/N=C/c1ccccc1[O-])C2,3,3,1.0,1.0,1.0,1.0,1.0,1.0,3,0,19,0
CCCCCCCCCCc1ccc2c(c1)C(C)(C)[C@H]1CCC(C)(C)C[C@@H]1N2,6,1,0.0,0.0,0.4772727272727273,0.0,0.9545454545454546,0.75,0,1,21,6
COC(OC)c1ccccc1,6,8,0.0,0.0,0.8,1.0,0.6,0.8181818181818182,6,2,3,0
[O-]c1ccc(Br)cc1/C=N/c1cc2nc(-c3cc(Br)ccc3O)oc2cc1[O-],3,4,0.0,0.0,0.98,1.0,0.96,0.9642857142857143,3,1,24,0
CC1(C)[C@H]2Cc3nc(-c4[c]ccs4)ccc3[C@@H]1C2,2,2,1.0,1.0,1.0,1.0,1.0,1.0,2,0,16,0
CC(C)c1cccc(C(C)C)c1[N-]/P=C/C(C)(C)c1ccccc1,1,2,0.0,0.0,0.9782608695652174,1.0,0.9565217391304348,0.9583333333333334,1,1,22,0
CC(C)(C)c1cc(C(C)(C)C)c(Pc2ccccc2)c(C(C)(C)C)c1,1,1,1.0,1.0,1.0,1.0,1.0,1.0,1,0,24,0
CC(C)N1[C]N(C(C)C)CCCC1,1,1,1.0,1.0,1.0,1.0,1.0,1.0,1,0,12,0
CC1=Cc2sccc2[C@H](C)C(C)=C1,6,8,0.0,0.0,0.8571428571428572,1.0,0.7142857142857143,0.8461538461538461,6,2,5,0
[O-]c1ccccc1/C=N/c1cccc2ccc(OCCCCOc3ccc4cccc(/N=C/c5ccccc5[O-])c4c3)cc12,4,4,1.0,1.0,1.0,1.0,1.0,1.0,4,0,40,0
O=C1NCCCN1,1,1,1.0,1.0,1.0,1.0,1.0,1.0,1,0,6,0
O=[N+]([O-])c1ccc(/C=C/c2ccc([N+](=O)[O-])cc2)cc1,2,0,0.0,0.0,0.5,0.0,1.0,0.9,0,0,18,2
C(=C/c1nnn[nH]1)\c1nn[n-]n1,1,2,0.0,0.0,0.9545454545454546,1.0,0.9090909090909091,0.9166666666666666,1,1,10,0
CC1(C)[C@@H]2CC[C@@]1(C)[C@@H](c1ccccc1)C2,6,5,0.0,0.0,0.9166666666666667,0.8333333333333334,1.0,0.9375,5,0,10,1
[N-]=[S+]F,1,1,1.0,1.0,1.0,1.0,1.0,1.0,1,0,2,0
N#Cc1c(F)c(F)c(C#N)c(F)c1F,2,2,1.0,0.0,0.7083333333333333,0.5,0.9166666666666666,0.8571428571428571,1,1,11,1
O=C1CC(=O)NCCNCCNCCNCCN1,3,3,1.0,1.0,1.0,1.0,1.0,1.0,3,0,15,0
C[Si](C)(C)C#C[C]~[NH-]c1ccccc1,1,1,1.0,1.0,1.0,1.0,1.0,1.0,1,0,13,0
CN(C)c1ccc(/C=N\CC/N=C/c2ccc(N(C)C)cc2)cc1,2,2,1.0,1.0,1.0,1.0,1.0,1.0,2,0,22,0
c1ccc(P(c2ccccc2)c2cc(-c3cccnc3)c3ccccc3c2-c2c(P(c3ccccc3)c3ccccc3)cc(-c3cccnc3)c3ccccc23)cc1,2,4,0.0,0.0,0.9821428571428572,1.0,0.9642857142857143,0.9655172413793104,2,2,54,0
c1ccc(P(c2ccccc2)c2ccc3c(-c4cccnc4)cccc3c2-c2c(P(c3ccccc3)c3ccccc3)ccc3c(-c4cccnc4)cccc23)cc1,2,4,0.0,0.0,0.9821428571428572,1.0,0.9642857142857143,0.9655172413793104,2,2,54,0
O=C([O-])c1ccc(Cl)cc1/N=C/c1ccccc1[O-],3,4,0.0,0.0,0.96875,1.0,0.9375,0.9473684210526315,3,1,15,0
COc1cc(Nc2c3ccccc3nc3ccccc23)cc(OC)c1,1,2,0.0,0.0,0.9791666666666667,1.0,0.9583333333333334,0.96,1,1,23,0
CCP(CC)CCCP(CCCP(CC)CC)c1ccccc1,3,3,1.0,1.0,1.0,1.0,1.0,1.0,3,0,20,0
COC(=O)[C@@]1(P(c2[c]cccc2)c2ccccc2)C[C@](C(=O)OC)(P(c2ccccc2)c2ccccc2)C[C@](C(=O)OC)(P(c2ccccc2)c2ccccc2)C1,4,4,1.0,1.0,1.0,1.0,1.0,1.0,4,0,53,0
O=C(Oc1cccc2c1C(=O)c1c(OC(=O)c3ccncc3)cccc1C2=O)c1ccncc1,1,2,0.0,0.0,0.9848484848484849,1.0,0.9696969696969697,0.9705882352941176,1,1,32,0
O=C([O-])CN(Cc1ccccc1C(=O)[O-])CC(O)CN(CC(=O)[O-])Cc1ccccc1C(=O)[O-],6,10,0.0,0.0,0.9285714285714286,1.0,0.8571428571428571,0.8823529411764706,6,4,24,0
O=C([O-])c1cc(Br)cc(C(=O)O)c1,1,2,0.0,0.0,0.9583333333333333,1.0,0.9166666666666666,0.9230769230769231,1,1,11,0
O=C(Nc1ccncc1)Nc1ccc(F)cc1,1,1,1.0,1.0,1.0,1.0,1.0,1.0,1,0,16,0
CC(C)c1cccc(C(C)C)c1N1C=CN(c2c(C(C)C)cccc2C(C)C)B1[N-2](~[O-2])~[N-3]~[O-2],2,2,1.0,1.0,1.0,1.0,1.0,1.0,2,0,31,0
CCC1=C(C)/C2=C/c3[c]c(n(-c4ccccc4)n3)/C=C3\N=C(/C=c4\[n-]/c(c(CC)c4CC)=C\C1=N2)C(CC)=C3C,4,4,1.0,1.0,1.0,1.0,1.0,1.0,4,0,36,0
C(=N/Nc1cc(-c2ccccn2)nc(-c2ccccn2)c1)\c1ccncc1,3,4,0.0,0.0,0.9791666666666667,1.0,0.9583333333333334,0.9629629629629629,3,1,23,0
C(=N/Nc1cc(-c2ccccn2)nc(-c2ccccn2)c1)\c1ccc[nH+]c1,3,3,1.0,1.0,1.0,1.0,1.0,1.0,3,0,24,0
C(=N/Nc1cc(-c2ccccn2)nc(-c2ccccn2)c1)\c1cccnc1,3,4,0.0,0.0,0.9791666666666667,1.0,0.9583333333333334,0.9629629629629629,3,1,23,0
C(=N/Nc1cc(-c2ccccn2)nc(-c2ccccn2)c1)\c1cc[nH+]cc1,3,3,1.0,1.0,1.0,1.0,1.0,1.0,3,0,24,0
c1cc2nc(c1)-c1cccc(n1)CSCCSCCSC2,5,5,1.0,1.0,1.0,1.0,1.0,1.0,5,0,16,0
Cc1ccc(OP(C(C)C)C(C)C)cc1,1,1,1.0,1.0,1.0,1.0,1.0,1.0,1,0,14,0
ClP(N1CCCC1)N1CCCC1,1,1,1.0,1.0,1.0,1.0,1.0,1.0,1,0,11,0
CCC1=C(CC)c2cc3[n-]c(cc4[n-]c(c(CCC(=O)OC)c4C)c4[n-]c(cc1n2)c(C)c4CCC(=O)OC)c(CC)c3CC,4,4,1.0,1.0,1.0,1.0,1.0,1.0,4,0,41,0
COC(=O)[C@@H](CCSC)/N=C/c1cccs1,2,2,1.0,1.0,1.0,1.0,1.0,1.0,2,0,14,0
[C]#Cc1ccc(C=O)nc1,1,2,0.0,0.0,0.9444444444444444,1.0,0.8888888888888888,0.9,1,1,8,0
[O-]c1cccc(Br)n1,2,2,1.0,1.0,1.0,1.0,1.0,1.0,2,0,6,0
CCCCCCCCCCCn1c(-c2cccc(-c3nc4ccccc4n3CCCCCCCCCCC)n2)nc2ccccc21,3,3,1.0,1.0,1.0,1.0,1.0,1.0,3,0,43,0
CC(C)c1cccc(C(C)C)c1-n1c(-c2ccccc2)[n+](-c2c(C(C)C)cccc2C(C)C)c2[p-]ppc21,1,3,0.0,0.0,0.972972972972973,1.0,0.9459459459459459,0.9473684210526315,1,2,35,0
Cc1cccc(-c2n(-c3c(C(C)C)cccc3C(C)C)c3[p-]ppc3[n+]2-c2c(C(C)C)cccc2C(C)C)c1,1,3,0.0,0.0,0.9736842105263157,1.0,0.9473684210526315,0.9487179487179487,1,2,36,0
CC(C)c1cccc(C(C)C)c1-n1c(-c2ccc(N(C)C)cc2)[n+](-c2c(C(C)C)cccc2C(C)C)c2[p-]ppc21,1,3,0.0,0.0,0.975,1.0,0.95,0.9512195121951219,1,2,38,0
CC1=C(c2ccccc2)[C@H]2[C](c3ccccc3)[C@H]3C=C[C@@H]1[C@@H]2C3,5,6,0.0,0.0,0.9722222222222222,1.0,0.9444444444444444,0.9565217391304348,5,1,17,0
CO/C(c1ccccc1)=[N+](/[N-]c1ccccc1)c1ccccc1,1,1,1.0,1.0,1.0,1.0,1.0,1.0,1,0,22,0
CO[C]1CCC[CH]~[CH]~1,3,3,1.0,1.0,1.0,1.0,1.0,1.0,3,0,5,0
CCC1=C(C)c2cc3ccc(cc4[nH]c(cc5[nH]c(c6nc(cc1n2)C(CC)=C6C)c(C)c5CC)c(CC)c4C)s3,2,2,1.0,1.0,1.0,1.0,1.0,1.0,2,0,39,0
CCC1=C(C)c2cc3ccc(cc4[nH]c(cc5[nH]c(c6nc(cc1n2)C(CC)=C6C)c(C)c5CC)c(CC)c4C)o3,2,2,1.0,1.0,1.0,1.0,1.0,1.0,2,0,39,0
C[P@@]1([S-])=NP(c2ccccc2)(c2ccccc2)=NP(c2ccccc2)(c2ccccc2)=N1,2,1,0.0,0.0,0.75,0.5,1.0,0.96875,1,0,30,1
C=C(C)C[C@H]1[CH][C@@H]2C=C[C@H]1C2,3,5,0.0,0.0,0.875,1.0,0.75,0.8181818181818182,3,2,6,0
CC1=C(C)c2nc1c(-c1ccccc1)c1[n-]c(c(C#Cc3ccccc3)c1C#Cc1ccccc1)c(-c1ccccc1)c1nc(c(-c3ccccc3)c3[n-]c(c(C#Cc4ccccc4)c3C#Cc3ccccc3)c2-c2ccccc2)C(C)=C1C,4,4,1.0,1.0,1.0,1.0,1.0,1.0,4,0,80,0
C/C=C\OCC,2,3,0.0,0.0,0.875,1.0,0.75,0.8333333333333334,2,1,3,0
[c]1ccc2c3c(ccc(CP(c4ccccc4)c4ccccc4)c13)CC2,2,2,1.0,1.0,1.0,1.0,1.0,1.0,2,0,24,0
[CH]CC(C)(C)/C=N/C1Cc2ccccc2C1,2,2,1.0,1.0,1.0,1.0,1.0,1.0,2,0,14,0
CCN1CCN=C1CSCC(=O)[O-],3,4,0.0,0.0,0.95,1.0,0.9,0.9230769230769231,3,1,9,0
C=CCCCC[C](~[C](C)~[O-2])~[C](C)~[O-2],2,2,1.0,1.0,1.0,1.0,1.0,1.0,2,0,11,0
C=CCCCCCC[C](~[C](C)~[O-2])~[C](C)~[O-2],2,3,0.0,0.0,0.9615384615384616,1.0,0.9230769230769231,0.9333333333333333,2,1,12,0
C=CCCCCCCCC[C](~[C](C)~[O-2])~[C](C)~[O-2],2,3,0.0,0.0,0.9666666666666667,1.0,0.9333333333333333,0.9411764705882353,2,1,14,0
[C](c1ccccc1)[C@@H](c1ccccc1)[C@@H]([CH]~[CH]~[C](~[CH]c1ccccc1)c1ccccc1)c1ccccc1P(c1ccccc1)c1ccccc1,6,6,1.0,1.0,1.0,1.0,1.0,1.0,6,0,44,0
CN(C)C(=S)c1[c]c(C(=S)N(C)C)ccc1,3,3,1.0,1.0,1.0,1.0,1.0,1.0,3,0,13,0
CN(Cc1ccccc1[CH]CC[Si](C)(C)C)Cc1cc(C(C)(C)C)cc(C(C)(C)C)c1[O-],3,3,1.0,1.0,1.0,1.0,1.0,1.0,3,0,29,0
C=Cc1cc(C)cc(C)c1[O-],3,3,1.0,1.0,1.0,1.0,1.0,1.0,3,0,8,0
CC(C)N(C(=O)CC(=O)N(C(C)C)C(C)C)C(C)C,2,2,1.0,1.0,1.0,1.0,1.0,1.0,2,0,17,0
O=C(CC(=O)NCc1ccccc1)NCc1ccccc1,2,12,0.0,0.0,0.7368421052631579,1.0,0.47368421052631576,0.5238095238095238,2,10,9,0
Cc1cc(/C=N/c2ccccc2)cc(-c2cc(/C=N/c3ccccc3)cc(C)n2)n1,2,2,1.0,1.0,1.0,1.0,1.0,1.0,2,0,28,0
CCOC(=O)[C@H](C#N)[C@H](c1ccc(Cl)c(Cl)c1)[C@H](/N=C(\c1ccccc1)c1ccccc1[N-]C(=O)[C@@H]1CCCN1Cc1ccccc1)C(=O)[O-],4,5,0.0,0.0,0.9891304347826086,1.0,0.9782608695652174,0.98,4,1,45,0
N#CC(C#N)[C@H](c1ccccc1)[C@H](/N=C(\c1ccccc1)c1ccccc1[N-]C(=O)[C@@H]1CCCN1Cc1ccccc1)C(=O)[O-],4,5,0.0,0.0,0.9878048780487805,1.0,0.975609756097561,0.9777777777777777,4,1,40,0
CC(C)(C)c1cc(/C=N/c2cc(C#N)c(C#N)cc2/N=C/c2cc(C(C)(C)C)cc(C(C)(C)C)c2[O-])c([O-])c(C(C)(C)C)c1,4,4,1.0,1.0,1.0,1.0,1.0,1.0,4,0,40,0
[NH3+]CCCP(CP(CCC[NH3+])c1ccccc1)c1ccccc1,2,2,1.0,1.0,1.0,1.0,1.0,1.0,2,0,21,0
[O-][Si@]1(c2ccccc2)O[Si@@](O)(c2ccccc2)O[Si@]2(c3ccccc3)O[Si@@]([O-])(c3ccccc3)O[Si@@]([O-])(c3ccccc3)O[Si@](c3ccccc3)(O1)O2,1,3,0.0,0.0,0.9807692307692308,1.0,0.9615384615384616,0.9622641509433962,1,2,50,0
CCCCCCOc1c[c]c(-c2ncc(-c3ccc(OCCCCCC)cc3)c3c2CCC3)cc1,2,2,1.0,1.0,1.0,1.0,1.0,1.0,2,0,33,0
C=[C]C([O-])=C(c1ccccc1)c1ccccc1,2,2,1.0,1.0,1.0,1.0,1.0,1.0,2,0,15,0
COc1ccc(S(=O)(=O)[N-]/N=C(/C)c2cccc(/C(C)=N/N=[S@@](=O)([O-])c3ccc(OC)cc3)n2)cc1,4,7,0.0,0.0,0.953125,1.0,0.90625,0.9166666666666666,4,3,29,0
[O-]c1ccccc1/C(=N/[C@@H](c1ccccc1)[C@@H](/N=C(\c1ccccc1)c1ccccc1[O-])c1ccccc1)c1ccccc1,4,4,1.0,1.0,1.0,1.0,1.0,1.0,4,0,40,0
Cc1ccc([C]P(C)C)cc1,2,2,1.0,1.0,1.0,1.0,1.0,1.0,2,0,9,0
COc1ccc(C(=O)c2ccccc2[N-]C(=O)CN(CC(=O)[N-]c2ccccc2C(=O)c2ccc(C(F)(F)F)cc2)Cc2ccccc2)cc1,4,5,0.0,0.0,0.9891304347826086,1.0,0.9782608695652174,0.98,4,1,45,0
Nc1ncnc2[nH]c(Br)nc12,1,2,0.0,0.0,0.95,1.0,0.9,0.9090909090909091,1,1,9,0
CC(C)c1cccc(C(C)C)c1N1C=CN(c2c(C(C)C)cccc2C(C)C)B1C1([O-])CC1,1,1,1.0,1.0,1.0,1.0,1.0,1.0,1,0,32,0
C=CC/N=C(/N/N=C/c1ccccc1[O-])SCC,3,3,1.0,1.0,1.0,1.0,1.0,1.0,3,0,15,0
Cc1cc(C)n(-c2cccc(N/N=C/c3ccc4ccc5cccc6ccc3c4c56)n2)n1,3,3,1.0,1.0,1.0,1.0,1.0,1.0,3,0,29,0
Clc1ccc2c(-n3cc(-c4[c]cccc4)nn3)ccnc2c1,2,3,0.0,0.0,0.975,1.0,0.95,0.9545454545454546,2,1,19,0
Clc1ccc2c(-n3cc(-c4ccccc4)nn3)ccnc2c1,1,3,0.0,0.0,0.9523809523809523,1.0,0.9047619047619048,0.9090909090909091,1,2,19,0
C/C(=N\CCCC/N=C(\C)c1ccccn1)c1ccccn1,4,4,1.0,1.0,1.0,1.0,1.0,1.0,4,0,18,0
C/C(CN(C/C(C)=N/O)Cc1ccccn1)=N\O,4,4,1.0,1.0,1.0,1.0,1.0,1.0,4,0,14,0
COc1ccc2ccccc2c1-c1nc2c3cccnc3c3ncccc3c2[nH]1,2,2,1.0,1.0,1.0,1.0,1.0,1.0,2,0,27,0
c1ccc(Sc2cccc3cccc(P(c4ccccc4)c4ccccc4)c23)cc1,2,2,1.0,1.0,1.0,1.0,1.0,1.0,2,0,28,0
C[Si-](C)C#C[Si-](C)C,4,4,1.0,1.0,1.0,1.0,1.0,1.0,4,0,4,0
Nc1ccccc1O,1,2,0.0,0.0,0.9285714285714286,1.0,0.8571428571428571,0.875,1,1,6,0
O=C(NCCCN1CCCNCc2cccc(n2)CNCCC1)c1ccccc1,4,8,0.0,0.0,0.9199999999999999,1.0,0.84,0.8620689655172413,4,4,21,0
CC1(C)[C@H]2Cc3ccc(-c4cccc(-c5ccccn5)n4)nc3[C@@H]1C2,3,3,1.0,1.0,1.0,1.0,1.0,1.0,3,0,22,0
CC[N-2]~[C](CCCl)~[N-2]C(C)(C)C,2,2,1.0,1.0,1.0,1.0,1.0,1.0,2,0,10,0
CC(C)(C)c1ccc(-c2c3nc(c(-c4ccc(C(C)(C)C)cc4)c4[n-]c(cc4Br)c4cc(Br)c([n-]4)c(-c4ccc(C(C)(C)C)cc4)c4ccc2[n-]4)C=C3)cc1,4,4,1.0,1.0,1.0,1.0,1.0,1.0,4,0,51,0
C/C(CC(C)(C)NCCNC(C)(C)C/C(C)=N/O)=N\O,4,4,1.0,1.0,1.0,1.0,1.0,1.0,4,0,16,0
CC(=N)O/N=C(\C)CC(C)(C)NCCNC(C)(C)C/C(C)=N/OC(C)=N,6,6,1.0,1.0,1.0,1.0,1.0,1.0,6,0,20,0
[CH]=C[C]=O,2,2,1.0,1.0,1.0,1.0,1.0,1.0,2,0,2,0
C=CC/C(C)=C\[B-](O/N=C(C)/C(C)=N/N)(O/N=C(C)/C(C)=N/N)O/N=C(C)/C(C)=N/N,6,8,0.0,0.0,0.96,1.0,0.92,0.9354838709677419,6,2,23,0
NCCSCCSCCSCC/N=C/c1ccccc1[O-],6,6,1.0,1.0,1.0,1.0,1.0,1.0,6,0,15,0
O=C([O-])NCCN1C(=O)CCC1=O,1,2,0.0,0.0,0.9583333333333333,1.0,0.9166666666666666,0.9230769230769231,1,1,11,0
O=C([O-])c1ccc(P(Cc2[c]c(CP(c3ccc(C(=O)[O-])cc3)c3ccc(C(=O)[O-])cc3)ccc2)c2ccc(C(=O)[O-])cc2)cc1,3,7,0.0,0.0,0.9534883720930232,1.0,0.9069767441860465,0.9130434782608695,3,4,39,0
O=C(O)c1ccc(P(Cc2[c]c(CP(c3ccc(C(=O)O)cc3)c3ccc(C(=O)O)cc3)ccc2)c2ccc(C(=O)O)cc2)cc1,3,3,1.0,1.0,1.0,1.0,1.0,1.0,3,0,43,0
CC[CH]C#N,1,1,1.0,1.0,1.0,1.0,1.0,1.0,1,0,4,0
[O-]c1ccc(Cl)cc1/C=N/N=C(\[S-])Nc1ccccc1,3,3,1.0,1.0,1.0,1.0,1.0,1.0,3,0,17,0
[O-]c1cccc2ccc(CSc3ccccc3)nc12,3,3,1.0,1.0,1.0,1.0,1.0,1.0,3,0,16,0
C[C@@]12c3ccccc3-c3c1nc1c(c4ccc([n-]4)c(-c4ccccc4)c4nc(c(-c5ccccc5)c5ccc3[n-]5)C=C4)-c3ccccc3[C@]12C,4,4,1.0,1.0,1.0,1.0,1.0,1.0,4,0,46,0
Cc1cccc(C)c1/N=[C]\Cc1[c]cccc1,2,2,1.0,1.0,1.0,1.0,1.0,1.0,2,0,15,0
CN(CCN(C)Cc1cc(Cl)cc(Cl)c1[O-])Cc1cc([N+](=O)[O-])ccc1[O-],4,4,1.0,1.0,1.0,1.0,1.0,1.0,4,0,23,0
c1ccc([C@H]2N3Cc4ccccc4CN3[C@H](c3ccccc3)P2c2ccccc2)cc1,1,1,1.0,1.0,1.0,1.0,1.0,1.0,1,0,30,0
O=C([N-]c1ccccc1)c1cccc(-c2cccc(C(=O)[N-]c3ccccc3)n2)n1,4,4,1.0,1.0,1.0,1.0,1.0,1.0,4,0,26,0
Cc1cc(C)cc([N-]C(=O)c2cccc(-c3cccc(C(=O)[N-]c4cc(C)cc(C)c4)n3)n2)c1,4,4,1.0,1.0,1.0,1.0,1.0,1.0,4,0,30,0
O=C([N-]c1cccc2ccccc12)c1cccc(-c2cccc(C(=O)[N-]c3cccc4ccccc34)n2)n1,4,4,1.0,1.0,1.0,1.0,1.0,1.0,4,0,34,0
O=C([N-]c1ccc(S(=O)(=O)[O-])cc1)c1cccc(-c2cccc(C(=O)[N-]c3ccc(S(=O)(=O)[O-])cc3)n2)n1,4,4,1.0,1.0,1.0,1.0,1.0,1.0,4,0,34,0
O=[N+]([O-])c1ccc(Sc2[c]cccc2)cc1,1,1,1.0,1.0,1.0,1.0,1.0,1.0,1,0,15,0
CC1=C([O-])/C(=C\N=N\C(N)=O)C(CO)=CN1,3,4,0.0,0.0,0.9615384615384616,1.0,0.9230769230769231,0.9375,3,1,12,0
[c]1c(/C=N/Cc2ccccc2)c2ccccc2n1Cc1cn(Cc2ccccc2)nn1,3,3,1.0,1.0,1.0,1.0,1.0,1.0,3,0,28,0
CC[C@H](C(=O)[O-])N([O-])[C@@H](CC)C(=O)[O-],4,6,0.0,0.0,0.9,1.0,0.8,0.8571428571428571,4,2,8,0
[O-]/[NH+]=C(\[O-])c1ccncc1,2,3,0.0,0.0,0.9375,1.0,0.875,0.9,2,1,7,0
[N-]=C(N/N=C(\N)c1cccc(-c2cccc(/C(N)=N/NC(=[NH2+])c3cccc(-c4ccccn4)n3)n2)n1)c1cccc(-c2ccccn2)n1,5,9,0.0,0.0,0.9534883720930232,1.0,0.9069767441860465,0.9166666666666666,5,4,39,0
O=C(c1ccccc1)c1[c]c(F)c(F)c(F)c1F,2,2,1.0,1.0,1.0,1.0,1.0,1.0,2,0,16,0
COc1ccc(/C(N)=C2/N3CN4CN(C3)CP2C4)cc1,1,1,1.0,1.0,1.0,1.0,1.0,1.0,1,0,19,0
N=C(c1ccccc1)[C@@H]1N2CN3CN(C2)CP1C3,2,2,1.0,1.0,1.0,1.0,1.0,1.0,2,0,16,0
COC(=O)/[C]=C(/C=[C]/C(=O)OC)C(=O)OC,2,2,1.0,1.0,1.0,1.0,1.0,1.0,2,0,14,0
C=C/C(=C\C(=[C]\C(=O)OC)C(=O)OC)C(=O)OC,3,2,0.0,0.0,0.8333333333333333,0.6666666666666666,1.0,0.9444444444444444,2,0,15,1
[O-]c1c(C(c2ccccc2)c2ccccc2)cc2c(c1-c1c([O-])c(C(c3ccccc3)c3ccccc3)cc3c1CCCC3)CCCC2,2,2,1.0,1.0,1.0,1.0,1.0,1.0,2,0,46,0
CC#CP(=S)(c1ccccc1)c1ccccc1,2,3,0.0,0.0,0.9666666666666667,1.0,0.9333333333333333,0.9411764705882353,2,1,14,0
CCOc1cccc(-c2ccccn2)n1,2,2,1.0,1.0,1.0,1.0,1.0,1.0,2,0,13,0
CC1=C(C)C(C)(C(=O)[C@H]2[C](c3ccccc3)~[CH]~[C](c3ccccc3)C2=O)C(C)=C1C,3,3,1.0,1.0,1.0,1.0,1.0,1.0,3,0,27,0
NCC[N-]S(=O)(=O)c1ccc(C(F)(F)F)cc1,2,2,1.0,1.0,1.0,1.0,1.0,1.0,2,0,15,0
CCCN(CCN(Cc1ccccn1)Cc1ccccn1)Cc1ccccn1,5,5,1.0,1.0,1.0,1.0,1.0,1.0,5,0,23,0
COc1ccc([O-])c(/C=N/CCc2ccc(OC)c(OC)c2)c1,2,2,1.0,1.0,1.0,1.0,1.0,1.0,2,0,21,0
Nc1cc[n+](CC(=O)[O-])cc1,1,2,0.0,0.0,0.95,1.0,0.9,0.9090909090909091,1,1,9,0
C/C(=N\c1c(C(C)C)cccc1C(C)C)c1cccc(Br)n1,2,2,1.0,1.0,1.0,1.0,1.0,1.0,2,0,20,0
[c]1cccc2c1/C(=C/c1ccccc1)CO2,1,1,1.0,1.0,1.0,1.0,1.0,1.0,1,0,15,0
CC(C)[C@H]1COC(c2cc(C(C)(C)C)cc(C(C)(C)C)c2[O-])=N1,2,2,1.0,1.0,1.0,1.0,1.0,1.0,2,0,21,0
CC(C)(C)c1cc(C2=N[C@@H](C(C)(C)C)CO2)c([O-])c(C(C)(C)C)c1,2,2,1.0,1.0,1.0,1.0,1.0,1.0,2,0,22,0
C[Si](C)(C)[C]=C=CC/C(=[C]/c1ccccc1)c1ccccc1,4,4,1.0,1.0,1.0,1.0,1.0,1.0,4,0,18,0
CCOC(=O)/C=C/C(=[C]\C(=C\Cl)C(=O)OCC)C(=O)OCC,2,1,0.0,0.0,0.75,0.5,1.0,0.9545454545454546,1,0,20,1
C=C(C)C1=CC(=O)C(C(=C)C)=CC1=O,4,4,1.0,0.0,0.65,0.5,0.8,0.7142857142857143,2,2,8,2
O=C(O)c1c(F)c[c]c(-c2ccccn2)c1F,2,2,1.0,1.0,1.0,1.0,1.0,1.0,2,0,15,0
O=c1scc(-c2ccncc2)s1,1,1,1.0,1.0,1.0,1.0,1.0,1.0,1,0,11,0
c1ccc(P(c2ccccc2)c2ccccc2[Si-](c2ccccc2P(c2ccccc2)c2ccccc2)c2ccccc2P(c2ccccc2)c2c(B3Oc4ccccc4O3)cccc2B2Oc3ccccc3O2)cc1,5,4,0.0,0.0,0.9,0.8,1.0,0.9868421052631579,4,0,71,1
Cn1ccn(C/C=C/Cn2ccn(C)c2=S)c1=S,4,4,1.0,1.0,1.0,1.0,1.0,1.0,4,0,14,0
CCc1c(C)c2cc3[c]c(cc4[n-]c(cc5nc(cc1[n-]2)C(c1ccccc1)=C5c1ccccc1)c(CC)c4C)-c1ccccc1-3,4,4,1.0,1.0,1.0,1.0,1.0,1.0,4,0,42,0
C=CCC[CH]CC(CC=C)(C(=O)OC)C(=O)OC,5,5,1.0,1.0,1.0,1.0,1.0,1.0,5,0,13,0
COc1cccc(/C=N/N=C(\[O-])c2cccnc2)c1[O-],3,3,1.0,1.0,1.0,1.0,1.0,1.0,3,0,17,0
O=C(O)CCCc1ccccc1,6,6,1.0,1.0,1.0,1.0,1.0,1.0,6,0,6,0
CN(C)c1ccc(S(=O)(=O)[N-]Cc2ccccn2)cc1,2,2,1.0,1.0,1.0,1.0,1.0,1.0,2,0,18,0
O=C([N-]CC[N-]C(=O)c1ccc[n-]1)c1ccc[n-]1,4,4,1.0,1.0,1.0,1.0,1.0,1.0,4,0,14,0
O=[C]c1[c]cccc1,2,2,1.0,1.0,1.0,1.0,1.0,1.0,2,0,6,0
Cc1cc(C)n(CSc2ccccn2)n1,2,2,1.0,0.0,0.7115384615384616,0.5,0.9230769230769231,0.8666666666666667,1,1,12,1
Cc1cc(C)n([CH]Sc2ccccn2)n1,3,3,1.0,1.0,1.0,1.0,1.0,1.0,3,0,12,0
CCN/C([S-])=N/N=C\c1c(C)n(C)n(-c2ccccc2)c1=O,2,3,0.0,0.0,0.975,1.0,0.95,0.9545454545454546,2,1,19,0
COc1ccc(C(=O)OC(c2ccccn2)(c2ccccn2)c2ccccn2)cc1,3,4,0.0,0.0,0.9814814814814814,1.0,0.9629629629629629,0.9666666666666667,3,1,26,0
CCC/C(=N\O)[C@H](O)CCC,2,2,1.0,1.0,1.0,1.0,1.0,1.0,2,0,9,0
O=C(NCC[S-])c1ccccc1,1,3,0.0,0.0,0.9090909090909092,1.0,0.8181818181818182,0.8333333333333334,1,2,9,0
CC(C)(C)N1[Si-2]N(C(C)(C)C)[P+]1(c1ccccc1)c1ccccc1,1,1,1.0,1.0,1.0,1.0,1.0,1.0,1,0,23,0
CC(C)c1cccc(C(C)C)c1N1[C]C(C)(C)CC(C)(C)C1=O,1,1,1.0,1.0,1.0,1.0,1.0,1.0,1,0,22,0
O=C([O-])c1ccc(-c2ccccc2C(=O)[O-])cc1,1,4,0.0,0.0,0.9117647058823529,1.0,0.8235294117647058,0.8333333333333334,1,3,14,0
O=S(=O)([O-])c1ccccc1/N=C/c1cccc2ccc[c]c12,3,3,1.0,1.0,1.0,1.0,1.0,1.0,3,0,19,0
Cc1cccc(C)c1/N=[C]/n1ccn(C)c1=S,2,2,1.0,1.0,1.0,1.0,1.0,1.0,2,0,15,0
CCCCc1ccc(/N=C/c2ccccn2)cc1,2,2,1.0,1.0,1.0,1.0,1.0,1.0,2,0,16,0
Cc1cc(C)c(B(CCCP(CCCB(c2c(C)cc(C)cc2C)c2c(C)cc(C)cc2C)CCP(CCCB(c2c(C)cc(C)cc2C)c2c(C)cc(C)cc2C)CCCB(c2c(C)cc(C)cc2C)c2c(C)cc(C)cc2C)c2c(C)cc(C)cc2C)c(C)c1,2,2,1.0,1.0,1.0,1.0,1.0,1.0,2,0,90,0
CC(C)(C)Sc1cc(-n2cccn2)nc(-n2cccn2)c1,3,3,1.0,1.0,1.0,1.0,1.0,1.0,3,0,18,0
CCOC(=O)[C](C(=O)OCC)[C@@H](OC)c1ccc2cccc([O-])c2n1,3,3,1.0,1.0,1.0,1.0,1.0,1.0,3,0,22,0
[CH2][Si](C)(C)Cl,1,1,1.0,1.0,1.0,1.0,1.0,1.0,1,0,4,0
Cc1cc(C)c([N-]c2cccc3cccnc23)c(C)c1,2,2,1.0,1.0,1.0,1.0,1.0,1.0,2,0,18,0
CCCC/N=C(\C)c1ccccn1,2,2,1.0,1.0,1.0,1.0,1.0,1.0,2,0,11,0
COc1ccccc1/C=N\N=C(/[O-])c1ccc([N+](=O)[O-])cc1,2,2,1.0,1.0,1.0,1.0,1.0,1.0,2,0,20,0
Cc1cccc(C)c1[N-]c1ccccc1/C=N/CCN(C)C,3,3,1.0,1.0,1.0,1.0,1.0,1.0,3,0,19,0
C/C([O-])=C/C(C)=N/N=C(\[O-])c1ccc(Br)cc1,3,3,1.0,1.0,1.0,1.0,1.0,1.0,3,0,14,0
Fc1cccc(F)c1/N=C1C(=N/c2c(-c3cc(C(F)(F)F)cc(C(F)(F)F)c3)cccc2-c2cc(C(F)(F)F)cc(C(F)(F)F)c2)/[C@H]2c3ccccc3[C@@H]/1c1ccccc12,2,2,1.0,1.0,1.0,1.0,1.0,1.0,2,0,58,0
Cc1cccc(C)c1/N=C1C(=N/c2c(-c3cc(C(F)(F)F)cc(C(F)(F)F)c3)cccc2-c2cc(C(F)(F)F)cc(C(F)(F)F)c2)/[C@H]2c3ccccc3[C@@H]/1c1ccccc12,2,2,1.0,1.0,1.0,1.0,1.0,1.0,2,0,58,0
Cc1cc(C)c(/N=C2C(=N/c3c(-c4cc(C(F)(F)F)cc(C(F)(F)F)c4)cccc3-c3cc(C(F)(F)F)cc(C(F)(F)F)c3)/[C@H]3c4ccccc4[C@@H]/2c2ccccc23)c(C)c1,2,2,1.0,1.0,1.0,1.0,1.0,1.0,2,0,59,0
CCCC(CCC)(n1cccn1)n1cccn1,2,2,1.0,1.0,1.0,1.0,1.0,1.0,2,0,15,0
NCC/N=C/c1ccccc1N1CCN(c2ccccc2/C=N/CCN)CC1,6,6,1.0,1.0,1.0,1.0,1.0,1.0,6,0,22,0
C1=N/CC/N=C/c2ccccc2N2CCN(CC2)c2ccccc2/1,4,4,1.0,1.0,1.0,1.0,1.0,1.0,4,0,20,0
C=C/C=C/O,4,4,1.0,1.0,1.0,1.0,1.0,1.0,4,0,1,0
C=[C]N(C(=O)Nc1ccccc1)c1c(C)cccc1C,2,2,1.0,1.0,1.0,1.0,1.0,1.0,2,0,18,0
c1cc(-n2cccn2)nc(-n2nnc3ccccc32)c1,3,3,1.0,1.0,1.0,1.0,1.0,1.0,3,0,17,0
COc1ccc([O-])c(/C=N/NC(=O)c2ccccc2Cl)c1,3,3,1.0,1.0,1.0,1.0,1.0,1.0,3,0,18,0
C[Si](C)(C)C(PBr)[Si](C)(C)C,1,1,1.0,1.0,1.0,1.0,1.0,1.0,1,0,10,0
C[C@@H](N)[C@H]1OC(C)(C)O[C@@H]1[C@@H](C)N,2,2,1.0,1.0,1.0,1.0,1.0,1.0,2,0,11,0
C1=Cc2nc1c(-c1ccccc1)c1ccc([n-]1)c(-c1c3ccccc3cc3ccccc13)c1nc(c(-c3ccccc3)c3ccc([n-]3)c2-c2c3ccccc3cc3ccccc23)C=C1,4,4,1.0,1.0,1.0,1.0,1.0,1.0,4,0,60,0
COP(=O)(OC)C(=[C]\c1ccccc1)/[C]=C/c1ccccc1,2,2,1.0,1.0,1.0,1.0,1.0,1.0,2,0,20,0
COP(=O)(OC)C(=[C]\c1ccccc1)/C=[C]/c1ccccc1,2,2,1.0,1.0,1.0,1.0,1.0,1.0,2,0,20,0
CC(C)(C)/N=C/c1ccc(C(C)(C)c2ccc(/C=[NH+]/C(C)(C)C)[n-]2)[n-]1,3,3,1.0,1.0,1.0,1.0,1.0,1.0,3,0,22,0
O=C(Cn1[c]c2cccc[n+]2c1-c1ccccc1)[N-]c1ccccc1[O-],3,3,1.0,1.0,1.0,1.0,1.0,1.0,3,0,23,0
O=C(Cn1[c]c2cccc[n+]2c1-c1ccccc1)[N-]c1ccccc1,2,2,1.0,1.0,1.0,1.0,1.0,1.0,2,0,23,0
FC(F)(Br)P(c1ccccc1)c1ccccc1,1,1,1.0,1.0,1.0,1.0,1.0,1.0,1,0,16,0
COc1ccccc1P(c1ccccc1OC)N(c1ccccc1)P(=O)(N1CCCCC1)N1CCCCC1,2,2,1.0,1.0,1.0,1.0,1.0,1.0,2,0,36,0
Fc1ccccc1/N=N/c1ccccc1F,2,2,1.0,1.0,1.0,1.0,1.0,1.0,2,0,14,0
CN(C)/C([S-])=N/N=C(/c1ccccn1)c1cccc[nH+]1,3,3,1.0,1.0,1.0,1.0,1.0,1.0,3,0,17,0
CN(C(=S)NN=C(c1ccccn1)c1ccccn1)C1CCCCC1,3,4,0.0,0.0,0.9772727272727273,1.0,0.9545454545454546,0.96,3,1,21,0
CC1=C[C@]2(C)C(=NC(P(c3ccccc3)c3ccccc3)=C(P(c3ccccc3)c3ccccc3)N2c2c(C)cc(C)cc2C)C(C)=C1,2,2,1.0,1.0,1.0,1.0,1.0,1.0,2,0,46,0
Cc1ccc(/C([O-])=N/N=C/c2cc(I)cc(I)c2[O-])cc1,3,3,1.0,1.0,1.0,1.0,1.0,1.0,3,0,18,0
COc1ccc(/C=N/Cc2ccco2)c([O-])c1,2,2,1.0,1.0,1.0,1.0,1.0,1.0,2,0,15,0
[C]/C(=C(\C=[C]\c1ccc(C)cc1)Cc1ccc(C)cc1)c1ccccc1,2,2,1.0,1.0,1.0,1.0,1.0,1.0,2,0,24,0
[C]/C(=C(\C=[C]\c1ccc(C)cc1)Cc1ccc(C)cc1)c1ccc(C)cc1,2,2,1.0,1.0,1.0,1.0,1.0,1.0,2,0,25,0
c1ccc(P(/N=C2/SCCN2P(c2ccccc2)c2ccccc2)c2ccccc2)cc1,2,2,1.0,1.0,1.0,1.0,1.0,1.0,2,0,30,0
C(#Cc1cccc(CN(Cc2ccccn2)Cc2cccc(C#Cc3ccccc3)n2)n1)c1ccccc1,4,4,1.0,1.0,1.0,1.0,1.0,1.0,4,0,34,0
C(#Cc1cccc(CN(Cc2cccc(C#Cc3ccccc3)n2)Cc2cccc(C#Cc3ccccc3)n2)n1)c1ccccc1,4,4,1.0,1.0,1.0,1.0,1.0,1.0,4,0,42,0
C(#Cc1cccc(CN(Cc2ccccn2)Cc2ccccn2)n1)c1ccccc1,4,4,1.0,1.0,1.0,1.0,1.0,1.0,4,0,26,0
[C]=C1C=CCC1(c1ccccc1)c1ccccc1,1,1,1.0,1.0,1.0,1.0,1.0,1.0,1,0,17,0
COc1ccc(/C=N/N=C(\N)c2ccccn2)c(O)c1,2,2,1.0,1.0,1.0,1.0,1.0,1.0,2,0,18,0
N/C(=N\N=C\c1ccccc1O)c1ccccn1,2,2,1.0,1.0,1.0,1.0,1.0,1.0,2,0,16,0
CCN(CC)/C(Cl)=C\[N-]c1c(F)c(F)c(Br)c(F)c1F,2,2,1.0,1.0,1.0,1.0,1.0,1.0,2,0,18,0
CCN(/C=C\[N-]c1c(F)c(F)c(Br)c(F)c1F)CC,2,2,1.0,1.0,1.0,1.0,1.0,1.0,2,0,17,0
COC(=O)c1nn(/C(C)=N/c2c(C(C)C)cccc2C(C)C)c2ccccc12,2,3,0.0,0.0,0.9807692307692308,1.0,0.9615384615384616,0.9642857142857143,2,1,25,0
COc1cccc(-c2ccc(-c3[c]cccc3)nc2-c2ccccn2)c1,3,3,1.0,1.0,1.0,1.0,1.0,1.0,3,0,23,0
Cc1cc(/C=N/O)c([O-])c(CN(CCN(Cc2ccccn2)Cc2cc(C)cc(/C=N/O)c2[O-])Cc2ccccn2)c1,6,8,0.0,0.0,0.9722222222222222,1.0,0.9444444444444444,0.9523809523809523,6,2,34,0
F[C](F)C(F)(F)c1ccc(F)cc1,1,1,1.0,1.0,1.0,1.0,1.0,1.0,1,0,12,0
O=C([O-])[C@H]1CCCC=N1,2,3,0.0,0.0,0.9285714285714286,1.0,0.8571428571428571,0.8888888888888888,2,1,6,0
[O-]c1cccc(F)c1-c1cccc([C@H](c2cccc(-c3c(F)cccc3F)n2)N(Cc2ccccn2)Cc2ccccn2)n1,6,6,1.0,1.0,1.0,1.0,1.0,1.0,6,0,38,0
CC(C)=N/N=C(\[S-])Nc1cccc2ccccc12,2,2,1.0,1.0,1.0,1.0,1.0,1.0,2,0,16,0
CC(C)P(Cc1cc(C(C)(C)C)cc2c3cc(C(C)(C)C)cc(CP(C(C)C)C(C)C)c3n([N-]c3ccccc3)c12)C(C)C,4,3,0.0,0.0,0.875,0.75,1.0,0.9772727272727273,3,0,40,1
COC(=O)c1c[c]c(-c2[c]cc3c(c2C#Cc2ccc(C(=O)OC)cc2)CCCC3)cc1,2,2,1.0,1.0,1.0,1.0,1.0,1.0,2,0,30,0
CSc1ccc(C#C/[C]=C2\CCC\C2=[C]/C#Cc2ccc(SC)cc2)cc1,2,2,1.0,1.0,1.0,1.0,1.0,1.0,2,0,25,0
COC(=O)c1c[c]c(-c2[c]cc3c(c2C#Cc2ccc(C(=O)OC)cc2)CCC3)cc1,2,2,1.0,1.0,1.0,1.0,1.0,1.0,2,0,29,0
COC(=O)c1c[c]c(-c2[c]cc3c(c2C#Cc2ccc(N(C)C)cc2)CCC3)cc1,2,2,1.0,1.0,1.0,1.0,1.0,1.0,2,0,28,0
[N-]=[N+](BC1CCCCC1)[BH2-]C1CCCCC1,1,1,1.0,1.0,1.0,1.0,1.0,1.0,1,0,15,0
[C]/C(=C\[C]=C(/NC(=O)c1ccccc1)C1=[C]CCC1=O)[P+](c1ccccc1)(c1ccccc1)c1ccccc1,3,3,1.0,1.0,1.0,1.0,1.0,1.0,3,0,36,0
C(/C=N/[C@H](c1ccccc1)[C@@H](/N=C/C=C(c1ccccc1)c1ccccc1)c1ccccc1)=C(c1ccccc1)c1ccccc1,2,2,1.0,1.0,1.0,1.0,1.0,1.0,2,0,44,0
[O-]N1CN([O-])CN([O-])C1,3,3,1.0,1.0,1.0,1.0,1.0,1.0,3,0,6,0
C=C([BH-](n1c(=S)sc2ccccc21)n1c(=S)sc2ccccc21)c1ccc(C)cc1,4,4,1.0,1.0,1.0,1.0,1.0,1.0,4,0,26,0
CC(C)(C)c1cccc(/C=N/Cc2ccccn2)c1[O-],3,3,1.0,1.0,1.0,1.0,1.0,1.0,3,0,17,0
COc1cccc(/C=N/[C@H](CO)c2ccccc2)c1[O-],3,3,1.0,1.0,1.0,1.0,1.0,1.0,3,0,17,0
CC(C)(C)c1cc(C(C)(C)C)n(CCOP(c2ccccc2)c2ccccc2)n1,1,2,0.0,0.0,0.9821428571428572,1.0,0.9642857142857143,0.9655172413793104,1,1,27,0
O=C([CH][C@H](c1ccccc1)P(=S)(c1ccccc1)c1ccccc1)c1ccccn1,3,3,1.0,1.0,1.0,1.0,1.0,1.0,3,0,27,0
O=C(O)CCc1cccnc1,1,1,1.0,1.0,1.0,1.0,1.0,1.0,1,0,10,0
[CH2]~[C]1OC(=O)N(c2ccc(C)cc2)[C]~1~[CH2],4,4,1.0,1.0,1.0,1.0,1.0,1.0,4,0,11,0
[CH2]~[C]1N(c2ccccc2)C(=O)O[C]~1~[CH]C,4,4,1.0,1.0,1.0,1.0,1.0,1.0,4,0,11,0
C[Si](C)(C)[Si](C)([Si](C)(C)C)[Si]([O-])(CC[Si]([O-])([Si](C)([Si](C)(C)C)[Si](C)(C)C)[Si](C)([Si](C)(C)C)[Si](C)(C)C)[Si](C)([Si](C)(C)C)[Si](C)(C)C,2,2,1.0,1.0,1.0,1.0,1.0,1.0,2,0,44,0
CS(=O)(=O)[N-]C(=O)C(=O)[N-]S(C)(=O)=O,2,2,1.0,1.0,1.0,1.0,1.0,1.0,2,0,12,0
C[Si](C)(C)O[C]1~[CH]~[CH]CC[CH]~1,4,4,1.0,1.0,1.0,1.0,1.0,1.0,4,0,7,0
CCCCC1(CCCC)C=C/C(=N/P(C(C)(C)C)C(C)(C)C)[N-]/C1=N\P(C(C)(C)C)C(C)(C)C,3,3,1.0,1.0,1.0,1.0,1.0,1.0,3,0,31,0
O=c1c(/C=N/N=C(\[S-])Nc2ccccc2)[c]oc2ccccc12,3,3,1.0,1.0,1.0,1.0,1.0,1.0,3,0,20,0
Cc1cccc(/C=N/c2ccccc2F)n1,2,2,1.0,1.0,1.0,1.0,1.0,1.0,2,0,14,0
COc1ccc(/N=C/c2cccc(OC)c2[O-])c(OC)c1,3,3,1.0,1.0,1.0,1.0,1.0,1.0,3,0,18,0
Brc1cc(Br)c(O[C]c2ccccc2)c(Br)c1,1,1,1.0,1.0,1.0,1.0,1.0,1.0,1,0,16,0
Cc1cccc(CP(Cc2cccc(C)n2)Cc2cccc(C)n2)n1,2,4,0.0,0.0,0.9565217391304348,1.0,0.9130434782608695,0.92,2,2,21,0
Clc1ccc([N-]c2ccccc2-c2cn(-c3ccccc3)nn2)cc1,2,2,1.0,1.0,1.0,1.0,1.0,1.0,2,0,23,0
Cc1cccc(C)c1[N-]c1ccccc1-c1cn(-c2ccccc2)nn1,2,2,1.0,1.0,1.0,1.0,1.0,1.0,2,0,24,0
O=C([O-])NC1CCCC1,1,2,0.0,0.0,0.9375,1.0,0.875,0.8888888888888888,1,1,7,0
O=C([O-])NC1CCCCC1,1,2,0.0,0.0,0.9444444444444444,1.0,0.8888888888888888,0.9,1,1,8,0
[C][I+][I+][I+]I,1,1,1.0,1.0,1.0,1.0,1.0,1.0,1,0,4,0
[c]1ccc2cc3ccccc3cc2c1,1,1,1.0,1.0,1.0,1.0,1.0,1.0,1,0,13,0
c1ccc(N2CCCN3CCC[N+]=C32)nc1,2,2,1.0,1.0,1.0,1.0,1.0,1.0,2,0,14,0
O=C(OCc1nnn(Cc2ccccc2)c1COC(=O)c1ccccc1)c1ccccc1,1,1,1.0,1.0,1.0,1.0,1.0,1.0,1,0,31,0
[c]1cccc2cccc(P(C3CCCCC3)C3CCCCC3)c12,2,2,1.0,1.0,1.0,1.0,1.0,1.0,2,0,21,0
CC(C)(C)c1cc([N-]c2ccccc2P(c2ccccc2)c2ccccc2)c2ncc3ccccc3c2c1,3,3,1.0,1.0,1.0,1.0,1.0,1.0,3,0,35,0
O=[N+]([O-])c1ccc(/C=C/C(=N/N=C(\[S-])Nc2ccccc2)c2ccccc2)cc1,2,2,1.0,1.0,1.0,1.0,1.0,1.0,2,0,27,0
C/C(=N\c1cc(C(F)(F)F)ccc1Cl)c1ccccn1,2,2,1.0,1.0,1.0,1.0,1.0,1.0,2,0,18,0
[CH2]O[CH]C,2,2,1.0,1.0,1.0,1.0,1.0,1.0,2,0,2,0
CC(C)c1cccc(C(C)C)c1[N-]c1ccccc1/C=N/Cc1ccccc1,2,2,1.0,1.0,1.0,1.0,1.0,1.0,2,0,26,0
c1ccc(P(c2ccccc2)N(c2ccc(-c3cc(-c4ccccn4)nc(-c4ccccn4)c3)cc2)P(c2ccccc2)c2ccccc2)cc1,2,5,0.0,0.0,0.9693877551020409,1.0,0.9387755102040817,0.9411764705882353,2,3,46,0
CC[C@H](C(=O)[O-])P(c1ccccc1)c1ccccc1,2,3,0.0,0.0,0.9705882352941176,1.0,0.9411764705882353,0.9473684210526315,2,1,16,0
C[C@@H]1CNCN(Cc2ccccc2)CN[C@@H](C)CNCN(Cc2ccccc2)CN1,4,4,1.0,1.0,1.0,1.0,1.0,1.0,4,0,26,0
CCC1(CC)CC(CC)(CC)c2c1cc1c(c2[Si@]2([O-])OC(c3ccc(C)cc3)(c3ccc(C)cc3)c3cc(C)ccc3[C@@H]2c2ccc(C)cc2)C(CC)(CC)CC1(CC)CC,1,1,1.0,1.0,1.0,1.0,1.0,1.0,1,0,60,0
O=C([O-])[P+](=O)(=O)[O-],2,3,0.0,0.0,0.9,1.0,0.8,0.8571428571428571,2,1,4,0
CCCC[PH+]1[C](C(C)(C)C)~[P-3]~[C](C(C)(C)C)~[P-3]~[C]1C(C)(C)C,5,5,1.0,1.0,1.0,1.0,1.0,1.0,5,0,17,0
Cc1cc(C)n(-c2cccc(-c3nc(-c4ccccc4)[nH]c3-c3ccccn3)n2)n1,3,6,0.0,0.0,0.9444444444444444,1.0,0.8888888888888888,0.9,3,3,24,0
CC1=C(C)/C2=C/c3[nH]c(c(C)c3C)-c3[nH]c(c(C)c3C)C3=N/C(=C\c4[n-]c(c(C)c4C)-c4[nH]c(c(C)c4C)C1=N2)C(C)=C3C,2,2,1.0,1.0,1.0,1.0,1.0,1.0,2,0,42,0
[N-]=S=NS[N-]S(N)(=O)=O,2,2,1.0,1.0,1.0,1.0,1.0,1.0,2,0,7,0
COCC/N=C(\C)CC([O-])(C(F)(F)F)C(F)(F)F,2,3,0.0,0.0,0.96875,1.0,0.9375,0.9444444444444444,2,1,15,0
CCCN(CCC)CCN(Cc1ccccn1)Cc1ccccn1,4,4,1.0,1.0,1.0,1.0,1.0,1.0,4,0,20,0
[CH]1~[CH][C@@H]2[C@H]([CH]~1)[C@@H]1C=C[C@H]2C1,5,3,0.0,0.0,0.8,0.6,1.0,0.8,3,0,5,2
CCN(C)CCN(Cc1ccccn1)Cc1ccccn1,4,4,1.0,1.0,1.0,1.0,1.0,1.0,4,0,17,0
CC(C)N(C)CCN(Cc1ccccn1)Cc1ccccn1,4,4,1.0,1.0,1.0,1.0,1.0,1.0,4,0,18,0
CCCN(CC)CCN(Cc1ccccn1)Cc1ccccn1,4,4,1.0,1.0,1.0,1.0,1.0,1.0,4,0,19,0
CCN(CCN(Cc1ccccn1)Cc1ccccn1)C(C)C,4,4,1.0,1.0,1.0,1.0,1.0,1.0,4,0,19,0
O=S(=O)([O-])c1cccc(-c2ccccn2)n1,3,3,1.0,1.0,1.0,1.0,1.0,1.0,3,0,13,0
CCOC(=O)c1c(C)oc(Cc2[n-]c(Cc3oc(C)c(C(=O)OCC)c3C)c(C(=O)OCC)c2C(=O)OCC)c1C,1,1,1.0,1.0,1.0,1.0,1.0,1.0,1,0,40,0
O=C1CC(=O)[N-]CCNCCNCC[N-]1,4,4,1.0,1.0,1.0,1.0,1.0,1.0,4,0,11,0
c1ccc2c(c1)CCc1cn[nH]c1-2,1,1,1.0,1.0,1.0,1.0,1.0,1.0,1,0,12,0
Nn1c(-c2ccccn2)nnc1-c1cccc[nH+]1,2,3,0.0,0.0,0.96875,1.0,0.9375,0.9444444444444444,2,1,15,0
CCN(CC)C[C@@](C)(CP(c1ccccc1)c1ccccc1)C(=O)OC,2,2,1.0,1.0,1.0,1.0,1.0,1.0,2,0,24,0
[CH]=C(/C=C\[C]/C(=C\C(=[CH])[P+](c1ccccc1)(c1ccccc1)c1ccccc1)N=C=S)[P+](c1ccccc1)(c1ccccc1)c1ccccc1,3,3,1.0,1.0,1.0,1.0,1.0,1.0,3,0,47,0
C/C(=N\c1c(C(C)C)cccc1C(C)C)N(/C(C)=N/c1c(F)c(F)c(F)c(F)c1F)c1c(C(C)C)cccc1C(C)C,2,2,1.0,1.0,1.0,1.0,1.0,1.0,2,0,40,0
CCOCCCN(C)CCN(C)C,3,3,1.0,1.0,1.0,1.0,1.0,1.0,3,0,10,0
[c]1ccccc1-c1cccc(-c2c[nH]cn2)n1,3,3,1.0,1.0,1.0,1.0,1.0,1.0,3,0,14,0
CC(C)(C)P(c1ccccc1-c1ccc(NC(=O)Nc2ccccc2)cc1)C(C)(C)C,1,1,1.0,1.0,1.0,1.0,1.0,1.0,1,0,30,0
O=C(Nc1ccccc1)Nc1ccc(-c2ccccc2P(C2CCCCC2)C2CCCCC2)cc1,1,1,1.0,1.0,1.0,1.0,1.0,1.0,1,0,34,0
C/C1=N\NCN/N=C(\C)CC(C)(C)NCCNC(C)(C)C1,4,4,1.0,1.0,1.0,1.0,1.0,1.0,4,0,17,0
IC#Cc1c(C#CI)c2[n-]c1c(-c1ccccc1)c1nc(c(-c3ccccc3)c3ccc([n-]3)c(-c3ccccc3)c3nc(c2-c2ccccc2)C=C3)C=C1,4,4,1.0,1.0,1.0,1.0,1.0,1.0,4,0,50,0
BrC#Cc1c(C#CBr)c2[n-]c1c(-c1ccccc1)c1nc(c(-c3ccccc3)c3ccc([n-]3)c(-c3ccccc3)c3nc(c2-c2ccccc2)C=C3)C=C1,4,4,1.0,1.0,1.0,1.0,1.0,1.0,4,0,50,0
O=C(N/N=C/c1c2[c]cccc2cc2ccccc12)c1ccccc1,3,3,1.0,1.0,1.0,1.0,1.0,1.0,3,0,22,0
Fc1cc(F)c(-c2nc3ccccc3s2)[c]c1-c1nc2ccccc2s1,3,3,1.0,1.0,1.0,1.0,1.0,1.0,3,0,23,0
NC(=S)Nc1cccc(N)n1,2,2,1.0,1.0,1.0,1.0,1.0,1.0,2,0,9,0
Cc1ccc(NC(=S)NC(=O)C(C)(C)C)nc1,2,2,1.0,1.0,1.0,1.0,1.0,1.0,2,0,15,0
c1cc(-c2n[nH]c(-c3nc[nH]n3)n2)ccn1,2,3,0.0,0.0,0.6785714285714286,0.5,0.8571428571428571,0.8125,1,2,12,1
Nc1ccc(/C([S-])=C/[S-])cc1,2,2,1.0,1.0,1.0,1.0,1.0,1.0,2,0,9,0
C/[C]=C(/C#CC)P(c1ccccc1)c1ccccc1,1,2,0.0,0.0,0.9722222222222222,1.0,0.9444444444444444,0.9473684210526315,1,1,17,0
O=C1[CH][C@@]2(CCCO2)[C@]2(CCCO2)[C@]2(CCCO2)[C@]12CCCO2,1,1,1.0,1.0,1.0,1.0,1.0,1.0,1,0,22,0
CC(C)[C@@H]1CC[C@@H](C)C[C@H]1O[C@H]1OC(=O)C(P(c2ccccc2)c2ccccc2)=C1P(c1ccccc1)c1ccccc1,2,2,1.0,1.0,1.0,1.0,1.0,1.0,2,0,41,0
COc1ccc2cc(S(=O)(=O)[O-])ccc2c1-c1c(OC)ccc2cc(S(=O)(=O)[O-])ccc12,1,2,0.0,0.0,0.9838709677419355,1.0,0.967741935483871,0.96875,1,1,30,0
[c]1cc2ccc3ccc4ccc5ccc1c1c2c3c4c51,1,1,1.0,1.0,1.0,1.0,1.0,1.0,1,0,19,0
Oc1c(CN(Cc2ccccn2)Cc2ccccn2)cc(Cl)c2cccnc12,3,5,0.0,0.0,0.96,1.0,0.92,0.9285714285714286,3,2,23,0
CCN(CC)[C](~[S-2])~[N-3]~[C](~[O-2])c1ccc(Br)cc1,2,2,1.0,1.0,1.0,1.0,1.0,1.0,2,0,15,0
CS[N-2],1,1,1.0,1.0,1.0,1.0,1.0,1.0,1,0,2,0
COC(=O)c1cccc(/N=C/c2ncc[nH]2)c1,2,2,1.0,1.0,1.0,1.0,1.0,1.0,2,0,15,0
Cc1ccc(SCCN(Cc2nc3ccccc3n2C)Cc2nc3ccccc3n2C)c(C)c1,4,4,1.0,1.0,1.0,1.0,1.0,1.0,4,0,30,0
C/C([N-]c1c(C(C)C)cccc1C(C)C)=C1\C=CC=C(C2=N[C@@H](C(C)(C)C)CO2)[N-]1,3,3,1.0,1.0,1.0,1.0,1.0,1.0,3,0,27,0
C/C(=N/C(C)=C1/C=C(C(C)(C)C)C=C(/C(C)=N/c2c(C(C)C)cccc2C(C)C)[N-]1)C(C)(C)C,4,3,0.0,0.0,0.875,0.75,1.0,0.9705882352941176,3,0,30,1
C[C]N(C)Cc1ccccc1,1,1,1.0,1.0,1.0,1.0,1.0,1.0,1,0,10,0
CC1=C(c2ccccc2)[C@](Cc2ccccc2)(c2ccccc2)C(=O)N1C,6,7,0.0,0.0,0.3333333333333333,0.0,0.6666666666666666,0.5185185185185185,0,7,14,6
O=C(OCc1ccnc(-c2cc(COC(=O)C(Cl)Cl)ccn2)c1)C(Cl)Cl,2,2,1.0,1.0,1.0,1.0,1.0,1.0,2,0,24,0
C[C@@H]1OP(O[C@H](C)[C@@H](C)[O-])O[C@H]1C,2,2,1.0,1.0,1.0,1.0,1.0,1.0,2,0,11,0
C[Si](C)(C)C(POc1ccccc1)[Si](C)(C)C,1,1,1.0,1.0,1.0,1.0,1.0,1.0,1,0,16,0
CC(C)(C)Sc1ccccc1/C=N/c1ccccc1[S-],2,3,0.0,0.0,0.9722222222222222,1.0,0.9444444444444444,0.95,2,1,17,0
NC(=O)N/N=C/c1cc2ccccc2[nH]c1=O,3,3,1.0,1.0,1.0,1.0,1.0,1.0,3,0,14,0
C(=C/c1ccccn1)\c1ccccn1,1,2,0.0,0.0,0.9615384615384616,1.0,0.9230769230769231,0.9285714285714286,1,1,12,0
CC(C)c1ccccc1/N=C/c1ccccc1[O-],2,2,1.0,1.0,1.0,1.0,1.0,1.0,2,0,16,0
CN(C)Cc1[c]c(CN(C)C)cc(-c2cc(-c3ccccn3)nc(-c3ccccn3)c2)c1,3,6,0.0,0.0,0.9482758620689655,1.0,0.896551724137931,0.90625,3,3,26,0
CN(C)Cc1cc(-c2cc(-c3ccccn3)nc(-c3ccccn3)c2)cc(CN(C)C)c1Br,3,5,0.0,0.0,0.9666666666666667,1.0,0.9333333333333333,0.9393939393939394,3,2,28,0
[CH2]~[C](Cc1ccccc1)~[C](Cc1ccccc1)CC([O-])(c1ccccc1)c1ccccc1,4,4,1.0,1.0,1.0,1.0,1.0,1.0,4,0,28,0
CN(C)CCN(Cc1ccccc1)Cc1cc(C(C)(C)c2ccccc2)cc(C(C)(C)c2ccccc2)c1[O-],3,3,1.0,1.0,1.0,1.0,1.0,1.0,3,0,36,0
C1#CCCN2CCC#CCCN(CC1)CCCCC2,2,6,0.0,0.0,0.8823529411764706,1.0,0.7647058823529411,0.7894736842105263,2,4,13,0
C1#CCCN2CCC#CCCN(CC1)CCCCCC2,2,6,0.0,0.0,0.8888888888888888,1.0,0.7777777777777778,0.8,2,4,14,0
c1ccc(COCCCCCCOCc2ccccn2)nc1,2,4,0.0,0.0,0.95,1.0,0.9,0.9090909090909091,2,2,18,0
CC1(C)COP(O[Si](C)(C)OP2OCC(C)(C)CO2)OC1,2,2,1.0,1.0,1.0,1.0,1.0,1.0,2,0,19,0
c1nc(-c2nc(-c3cc[nH+]cc3)n[n-]2)n[nH]1,2,2,1.0,1.0,1.0,1.0,1.0,1.0,2,0,14,0
[O-2]~[C]1c2ccccc2CC[C]~1~[C](~[O-2])C(F)(F)F,2,2,1.0,1.0,1.0,1.0,1.0,1.0,2,0,15,0
O=C([O-])[C@H](Cc1c[nH]c2ccccc12)/N=C/c1cc(Br)ccc1[O-],3,4,0.0,0.0,0.9761904761904762,1.0,0.9523809523809523,0.9583333333333334,3,1,20,0
CN(C)c1cc(/N=C/c2cc(C(C)(C)C)cc(C(C)(C)C)c2[O-])c(/N=C/c2cc(C(C)(C)C)cc(C(C)(C)C)c2[O-])cc1[NH+](C)C,4,4,1.0,1.0,1.0,1.0,1.0,1.0,4,0,42,0
O=C(NC(CO)(CO)CO)c1cccnc1,1,4,0.0,0.0,0.9,1.0,0.8,0.8125,1,3,12,0
O=C(O)c1ccc(C(=O)[O-])c([N+](=O)[O-])c1,1,2,0.0,0.0,0.9642857142857143,1.0,0.9285714285714286,0.9333333333333333,1,1,13,0
[NH3+]CCSC[C@]12CSCCNC[C@]([N+](=O)[O-])(CNCCSC1)CNCCSC2,6,7,0.0,0.0,0.9772727272727273,1.0,0.9545454545454546,0.9642857142857143,6,1,21,0
Cc1cc(C(c2ccccc2)c2ccccc2)c(/N=C/c2cccc[n+]2[O-])c(C(c2ccccc2)c2ccccc2)c1,2,2,1.0,1.0,1.0,1.0,1.0,1.0,2,0,40,0
CC(C)[SiH-]C(C)C,1,1,1.0,1.0,1.0,1.0,1.0,1.0,1,0,6,0
COCC([S-])(c1ccccc1)c1ccccc1,1,2,0.0,0.0,0.96875,1.0,0.9375,0.9411764705882353,1,1,15,0
CN/C([S-])=N/N=C(\C)c1cc(OC)ccc1[O-],3,3,1.0,1.0,1.0,1.0,1.0,1.0,3,0,14,0
c1ccc(/N=C2C(=C3\Sc4ccccc4\C3=N/c3ccccc3)/Sc3ccccc3/2)cc1,2,2,1.0,0.0,0.7333333333333334,0.5,0.9666666666666667,0.9375,1,1,29,1
Cc1ccc(/[C]=[N+](/[O-])C(C)(C)C)cc1,2,2,1.0,1.0,1.0,1.0,1.0,1.0,2,0,12,0
[CH2]Cc1cccc(C)n1,2,2,1.0,1.0,1.0,1.0,1.0,1.0,2,0,7,0
NC(=O)N/N=C/c1ccc2ccc3ccc(/C=N/NC(N)=O)nc3c2n1,6,6,1.0,1.0,1.0,1.0,1.0,1.0,6,0,20,0
CN1CCCN(Cc2cc(C(C)(C)C)cc(C(C)(C)C)c2[O-])CCN(C)CCCN(Cc2cc(C(C)(C)C)cc(C(C)(C)C)c2[O-])CC1,5,6,0.0,0.0,0.9883720930232558,1.0,0.9767441860465116,0.9791666666666666,5,1,42,0
CC(C)(C)[CH][C@H]1[CH]CCC1,2,2,1.0,1.0,1.0,1.0,1.0,1.0,2,0,8,0
C[CH]CC(=O)[O-],2,3,0.0,0.0,0.875,1.0,0.75,0.8333333333333334,2,1,3,0
CC(C)(C)NCCc1ccccn1,2,2,1.0,1.0,1.0,1.0,1.0,1.0,2,0,11,0
[CH2]/C(CC)=C(\[C]=O)CC,2,2,1.0,1.0,1.0,1.0,1.0,1.0,2,0,7,0
CCN(CC)Cc1ccccn1,2,2,1.0,1.0,1.0,1.0,1.0,1.0,2,0,10,0
CCN(CC)CC[N-2]~[C](C)~[CH]~[C](C)~[N-2]c1c(C)cc(C)cc1C,3,3,1.0,1.0,1.0,1.0,1.0,1.0,3,0,20,0
CC(C)(C)C1[CH]~[CH]~[CH]~[CH]~[CH]1,5,5,1.0,1.0,1.0,1.0,1.0,1.0,5,0,5,0
[c]1cc(C=C(c2ccccc2)c2ccccc2)ccc1-c1ccccn1,2,2,1.0,1.0,1.0,1.0,1.0,1.0,2,0,24,0
CCN([C]/C(=C(\C#Cc1ccccc1)OC)N(CC)CC)CC,1,1,1.0,1.0,1.0,1.0,1.0,1.0,1,0,22,0
FC1=[C][C@]2(F)[C@@]1(F)[C@@]1(F)C(F)=C(F)[C@@]21F,1,1,1.0,1.0,1.0,1.0,1.0,1.0,1,0,14,0
O=[P+](=O)([O-])Oc1ccccc1,1,3,0.0,0.0,0.9,1.0,0.8,0.8181818181818182,1,2,8,0
FC(F)(F)c1cccc(-c2ccccn2)n1,2,2,1.0,1.0,1.0,1.0,1.0,1.0,2,0,14,0
[N-2]c1cccc2ccccc12,1,1,1.0,1.0,1.0,1.0,1.0,1.0,1,0,10,0
[O-]B(O)c1ccccc1P(c1ccccc1)c1ccccc1,2,2,1.0,1.0,1.0,1.0,1.0,1.0,2,0,20,0
Cn1ccnc1CNCCN(Cc1ccccc1O)Cc1nccn1C,5,5,1.0,1.0,1.0,1.0,1.0,1.0,5,0,21,0
C/C(=N\c1ccc([N+](=O)[O-])cc1)c1cccc(/C(C)=N/c2ccc([N+](=O)[O-])cc2)n1,3,3,1.0,1.0,1.0,1.0,1.0,1.0,3,0,27,0
CS[C](~[S-2])~[S-2]~[C]~[S-2],3,3,1.0,1.0,1.0,1.0,1.0,1.0,3,0,4,0
N=C([S-])N/N=C/c1ccccn1,3,3,1.0,1.0,1.0,1.0,1.0,1.0,3,0,9,0
O=C(F)[C]=S(=O)(F)F,1,2,0.0,0.0,0.9285714285714286,1.0,0.8571428571428571,0.875,1,1,6,0
Brc1cc(OP(c2ccccc2)c2ccccc2)[c]c(OP(c2ccccc2)c2ccccc2)c1,3,3,1.0,1.0,1.0,1.0,1.0,1.0,3,0,32,0
Cc1cccc2nc(-c3cccs3)c(-c3cccs3)nc12,1,2,0.0,0.0,0.975,1.0,0.95,0.9523809523809523,1,1,19,0
COc1ccc([P-](~[S-2])(~[S-2])NC(C)C)cc1,2,2,1.0,1.0,1.0,1.0,1.0,1.0,2,0,13,0
[CH2]CCC[C@H](C/N=C/c1ccccc1[O-])/N=C/c1ccccc1[O-],5,5,1.0,1.0,1.0,1.0,1.0,1.0,5,0,19,0
CCCCCCc1ccc(N(c2cccc(-c3[c]cc(F)nc3F)n2)c2cccc(-c3[c]cc(F)nc3F)n2)cc1,4,4,1.0,1.0,1.0,1.0,1.0,1.0,4,0,37,0
CCCCCCc1ccc(N(c2cccc(-c3[c]cc(F)cc3F)n2)c2cccc(-c3[c]cc(F)cc3F)n2)cc1,4,4,1.0,1.0,1.0,1.0,1.0,1.0,4,0,37,0
CCOC(=O)c1ccnc(C(=O)[O-])c1,2,3,0.0,0.0,0.9583333333333333,1.0,0.9166666666666666,0.9285714285714286,2,1,11,0
CC(C)P(CN(C)CP(C(C)C)C(C)C)C(C)C,2,2,1.0,1.0,1.0,1.0,1.0,1.0,2,0,16,0
CC(C)P(CN(Cc1ccco1)CP(C(C)C)C(C)C)C(C)C,2,2,1.0,1.0,1.0,1.0,1.0,1.0,2,0,21,0
[O-]c1cccc(OCCC[NH+](CCCOc2cccc([O-])c2[O-])CCCOc2cccc([O-])c2[O-])c1[O-],6,6,1.0,1.0,1.0,1.0,1.0,1.0,6,0,31,0
CC1(C)CSCCSCCCSCCSC1,4,4,1.0,1.0,1.0,1.0,1.0,1.0,4,0,12,0
C/C(=C/C(=O)c1ccccc1)[N-]C[C@@H](C)[N-]/C(C)=C\C(=O)c1ccccc1,4,4,1.0,1.0,1.0,1.0,1.0,1.0,4,0,23,0
NCc1cccc(C(F)(F)F)c1,1,1,1.0,1.0,1.0,1.0,1.0,1.0,1,0,11,0
[O-]c1cccc2ccc(-c3ccccn3)nc12,3,3,1.0,1.0,1.0,1.0,1.0,1.0,3,0,14,0
C[Si](C)(C)P[Si](C)(C)C,1,1,1.0,1.0,1.0,1.0,1.0,1.0,1,0,8,0
[CH2]CCn1cnc2c(N)ncnc21,1,3,0.0,0.0,0.9166666666666667,1.0,0.8333333333333334,0.8461538461538461,1,2,10,0
CCO[C](~[O-2])~[C]1C=NN(Cc2ccc(OC)cc2)[C]~1~[O-2],2,2,1.0,1.0,1.0,1.0,1.0,1.0,2,0,18,0
COc1ccc(P(c2ccccc2-c2c(OC)cccc2OC)c2ccccc2S(=O)(=O)[O-])cc1,2,2,1.0,1.0,1.0,1.0,1.0,1.0,2,0,33,0
COc1cccc(OC)c1-c1ccccc1P(c1ccc(N(C)C)cc1)c1ccccc1S(=O)(=O)[O-],2,2,1.0,1.0,1.0,1.0,1.0,1.0,2,0,34,0
[O-]Cc1ccc(Br)cn1,2,2,1.0,1.0,1.0,1.0,1.0,1.0,2,0,7,0
CC1=NN2C(=[N+]1)N(C)c1ccccc12,1,1,1.0,1.0,1.0,1.0,1.0,1.0,1,0,13,0
Cc1cc(C)n(C[C@@H]([O-])CN(Cc2ccccc2)C(C)(C)C)n1,2,3,0.0,0.0,0.9761904761904762,1.0,0.9523809523809523,0.9565217391304348,2,1,20,0
CCOC(=O)/[C]=C(/c1ccccc1CP(c1ccccc1)c1ccccc1)C(F)(F)F,2,2,1.0,1.0,1.0,1.0,1.0,1.0,2,0,29,0
[CH2]C(C)(C)P(Cc1[c]c(CP(C(C)(C)C)C(C)(C)C)c(C)nc1C)C(C)(C)C,4,4,1.0,1.0,1.0,1.0,1.0,1.0,4,0,24,0
c1ccc(P(/N=c2\[n-]ccs2)c2ccccc2)cc1,2,2,1.0,1.0,1.0,1.0,1.0,1.0,2,0,17,0
Cc1ccnc(Sc2cc(C)ccn2)c1,2,2,1.0,1.0,1.0,1.0,1.0,1.0,2,0,13,0
FC(F)(F)c1ccnc(-c2[c]ccs2)c1,2,2,1.0,1.0,1.0,1.0,1.0,1.0,2,0,13,0
COc1ccc(/C(C)=N/N=C(\[S-])Nc2ccccc2)cc1,2,2,1.0,1.0,1.0,1.0,1.0,1.0,2,0,19,0
Nc1ccc(I)cn1,1,1,1.0,1.0,1.0,1.0,1.0,1.0,1,0,7,0
CCCCN(CCCC)C(=O)c1cc(Cl)c2ccc3c(Cl)cc(C(=O)N(CCCC)CCCC)nc3c2n1,4,4,1.0,1.0,1.0,1.0,1.0,1.0,4,0,34,0
CCCCN(CCCC)C(=O)c1ccc2ccc3ccc(C(=O)N(CCCC)CCCC)nc3c2n1,4,4,1.0,1.0,1.0,1.0,1.0,1.0,4,0,32,0
CC(C)(C)c1ccc2ccc3c(c2c1)-c1nc-3nc2[n-]c(nc3nc(nc4[n-]c(n1)c1ccc5ccc(C(C)(C)C)cc5c41)-c1ccc4ccc(C(C)(C)C)cc4c1-3)c1ccc3ccc(C(C)(C)C)cc3c21,4,4,1.0,1.0,1.0,1.0,1.0,1.0,4,0,68,0
c1csc(-c2nc3ccccc3nc2-c2cccs2)c1,1,2,0.0,0.0,0.9736842105263157,1.0,0.9473684210526315,0.95,1,1,18,0
CC(C)(C)c1cc(-c2c3nc(c(-c4cc(C(C)(C)C)cc(C(C)(C)C)c4)c4ccc([n-]4)c(-c4cc(C(C)(C)C)cc(C(C)(C)C)c4)c4nc(cc5[n-]c2cc5P(c2ccccc2)c2ccccc2)C(P(c2ccccc2)c2ccccc2)=C4)C=C3)cc(C(C)(C)C)c1,4,6,0.0,0.0,0.9886363636363636,1.0,0.9772727272727273,0.9782608695652174,4,2,86,0
COc1ccc(C[C@H](/N=C(\c2ccccc2)c2ccccc2[N-]C(=O)[C@@H]2CCCN2Cc2ccccc2)C(=O)[O-])cc1Br,4,5,0.0,0.0,0.9871794871794872,1.0,0.9743589743589743,0.9767441860465116,4,1,38,0
c1ccc2sc(C3=NSS[N-]3)nc2c1,2,2,1.0,1.0,1.0,1.0,1.0,1.0,2,0,12,0
C[N+]1(C)[C](~[O-2])~[C](c2ccccc2)~[C]2CCC[C]1~2,6,4,0.0,0.0,0.3181818181818182,0.0,0.6363636363636364,0.4117647058823529,0,4,7,6
[CH2]C(=O)c1ccc(OC)cc1,1,1,1.0,1.0,1.0,1.0,1.0,1.0,1,0,10,0
O=C([O-])C[C@@H](c1ccccc1)[P+](c1ccccc1)(c1ccccc1)c1ccccc1,2,2,1.0,1.0,1.0,1.0,1.0,1.0,2,0,28,0
C[C](C)~[CH]~[CH]C(C)(C)/C(C)=[C]/c1ccccc1,4,4,1.0,1.0,1.0,1.0,1.0,1.0,4,0,13,0
CNC(=N)Cc1ccccc1,1,1,1.0,1.0,1.0,1.0,1.0,1.0,1,0,10,0
O=C(Nc1ccccc1/C([O-])=N/N=C/c1ccccn1)c1ccccc1,3,3,1.0,1.0,1.0,1.0,1.0,1.0,3,0,23,0
O=[P@]([O-])(O)c1cccc[n+]1[O-],2,3,0.0,0.0,0.9444444444444444,1.0,0.8888888888888888,0.9090909090909091,2,1,8,0
CCN(CC)/C(=[N+]\c1c(C)cccc1C)[N-]c1c(C)cccc1C,2,2,1.0,1.0,1.0,1.0,1.0,1.0,2,0,22,0
C[NH+](C)CCN(Cc1ccccn1)Cc1ccccn1,3,3,1.0,1.0,1.0,1.0,1.0,1.0,3,0,17,0
Cc1ccc(N=P(CP(=Nc2ccc(C)cc2)(c2ccccc2)c2ccccc2)(c2ccccc2)c2ccccc2)cc1,2,2,1.0,1.0,1.0,1.0,1.0,1.0,2,0,41,0
O=C([O-])c1cccc(CN[C@@H]2CCCC[C@H]2NCc2cccc(C(=O)[O-])n2)n1,6,8,0.0,0.0,0.9545454545454546,1.0,0.9090909090909091,0.9285714285714286,6,2,20,0
CC1=C(C#N)C(c2cnc3ccccc3c2)C(C#N)=C(C)N1,1,1,1.0,1.0,1.0,1.0,1.0,1.0,1,0,21,0
Cc1ccc2occ(/C=N/N=C(\[S-])Nc3ccccc3)c(=O)c2c1,3,3,1.0,1.0,1.0,1.0,1.0,1.0,3,0,21,0
O=C1c2cccc(C(F)(F)F)c2C12OCCO2,6,6,1.0,1.0,1.0,1.0,1.0,1.0,6,0,11,0
C=CCP(Br)C([Si](C)(C)C)[Si](C)(C)C,1,1,1.0,1.0,1.0,1.0,1.0,1.0,1,0,13,0
CC(C)(C)c1cc(Cc2cccc(-c3[c]cc(F)cc3)n2)c([O-])c(C(C)(C)C)c1,3,3,1.0,1.0,1.0,1.0,1.0,1.0,3,0,26,0
Cc1cccc(P(c2ccccc2)c2ccccc2)c1N(C)C(C)(C)C,1,2,0.0,0.0,0.98,1.0,0.96,0.9615384615384616,1,1,24,0
c1cnc(-c2nc(-c3ncccn3)nc(-c3ncccn3)n2)nc1,3,9,0.0,0.0,0.8571428571428572,1.0,0.7142857142857143,0.75,3,6,15,0
CC(C)CP(Cc1ccccc1)[C@@H]1C[C@H](C)CC[C@H]1C(C)C,1,1,1.0,1.0,1.0,1.0,1.0,1.0,1,0,21,0
CS(=O)(=O)N1[C@@H]2C=C[C@H]1c1ccccc12,2,8,0.0,0.0,0.7692307692307692,1.0,0.5384615384615384,0.6,2,6,7,0
O=C([O-])C[n+]1ccn(-c2ccc(C(=O)[O-])cc2)c1,1,4,0.0,0.0,0.9117647058823529,1.0,0.8235294117647058,0.8333333333333334,1,3,14,0
N#C/C(N)=C(C#N)/N=C/c1ccccc1[O-],3,4,0.0,0.0,0.9615384615384616,1.0,0.9230769230769231,0.9375,3,1,12,0
CC(/C=C(\[O-])C(F)(F)F)=N\CCc1cccc(CC/N=C(C)/C=C(\[O-])C(F)(F)F)n1,5,5,1.0,1.0,1.0,1.0,1.0,1.0,5,0,25,0
C/C(CC/C(C)=N/NC(N)=O)=N\NC(N)=O,4,4,1.0,1.0,1.0,1.0,1.0,1.0,4,0,12,0
O=c1[nH]cccc1/N=C/c1ccccc1[O-],3,3,1.0,1.0,1.0,1.0,1.0,1.0,3,0,13,0
CCc1cc(CC)n(C(N)=S)n1,2,2,1.0,1.0,1.0,1.0,1.0,1.0,2,0,10,0
C[CH]C(=O)OCC,1,2,0.0,0.0,0.9166666666666667,1.0,0.8333333333333334,0.8571428571428571,1,1,5,0
CN(N)c1ccccn1,2,2,1.0,1.0,1.0,1.0,1.0,1.0,2,0,7,0
CCN(CC)c1ccc(CN(C)[C](~[S-2])~[S-2])cc1,2,2,1.0,1.0,1.0,1.0,1.0,1.0,2,0,15,0
CC(C)c1cccc(C(C)C)c1/N=C/N(c1c(C(C)C)cccc1C(C)C)P(=O)(c1ccccc1)c1ccccc1,2,2,1.0,1.0,1.0,1.0,1.0,1.0,2,0,39,0
O=C(CNCC(=O)Nc1ccccc1)Nc1ccccc1,3,3,1.0,1.0,1.0,1.0,1.0,1.0,3,0,18,0
CC(C)(C)c1cc(C[N-]c2cccc3cccnc23)c([O-])c(C(C)(C)C)c1,3,3,1.0,1.0,1.0,1.0,1.0,1.0,3,0,24,0
C[C]c1ccccc1/C(=[C]/C(=O)OC)C(=O)OC,2,2,1.0,1.0,1.0,1.0,1.0,1.0,2,0,16,0
CN([C](O)c1ccccc1P(c1ccccc1)c1ccccc1)c1ccccn1,3,3,1.0,1.0,1.0,1.0,1.0,1.0,3,0,26,0
CO[C](c1ccccc1P(c1ccccc1)c1ccccc1)N(C)c1ccccn1,3,3,1.0,1.0,1.0,1.0,1.0,1.0,3,0,27,0
OCC(C/N=C/c1c[nH]cn1)(C/N=C/c1c[nH]cn1)C/N=C/c1c[nH]cn1,6,6,1.0,1.0,1.0,1.0,1.0,1.0,6,0,21,0
Cc1[nH]cnc1/C=N/CC(CO)(C/N=C/c1nc[nH]c1C)C/N=C/c1nc[nH]c1C,6,6,1.0,1.0,1.0,1.0,1.0,1.0,6,0,24,0
CC(C)N(B(PB(Cl)N1C(C)(C)CCCC1(C)C)N(C(C)C)C(C)C)C(C)C,1,1,1.0,1.0,1.0,1.0,1.0,1.0,1,0,27,0
CC(C)c1nn(-c2ccccc2)c([O-])c1/C=N/C1CCCCC1,2,2,1.0,1.0,1.0,1.0,1.0,1.0,2,0,21,0
COC(=O)CCC1=C(C)c2cc3[n-]c(cc4nc(cc5[n-]c(cc1n2)c(CCC(=O)OC)c5C)C([C@@H](C)OC)=C4C)c([C@H](C)OC)c3C,4,4,1.0,1.0,1.0,1.0,1.0,1.0,4,0,44,0
CN(C)/C(=[N+]\c1ccccc1)[N-]c1ccccc1,2,2,1.0,1.0,1.0,1.0,1.0,1.0,2,0,16,0
CCCCOc1ccc(/N=C2C(=N/c3ccc(OCCCC)cc3)/c3cccc4cccc/2c34)cc1,2,2,1.0,1.0,1.0,1.0,1.0,1.0,2,0,34,0
FC(F)(F)Oc1ccc(/N=C2C(=N/c3ccc(OC(F)(F)F)cc3)/c3cccc4cccc/2c34)cc1,2,2,1.0,1.0,1.0,1.0,1.0,1.0,2,0,34,0
Clc1cc(-c2[c]cccc2)nc2ccccc12,2,2,1.0,1.0,1.0,1.0,1.0,1.0,2,0,15,0
Cc1ccc(Sc2cc(C(C)(C)C)ccc2Nc2ccc(C(C)(C)C)cc2[S@@](=O)c2ccc(C)cc2)cc1,3,4,0.0,0.0,0.9857142857142858,1.0,0.9714285714285714,0.9736842105263158,3,1,34,0
O=C(C[S-])[N-]CC(=O)[N-]CC(=O)[N-]c1ccc(C(=O)O)cc1,4,4,1.0,1.0,1.0,1.0,1.0,1.0,4,0,18,0
O=C(C[S-])[N-]CC(=O)[N-]CC(=O)[N-]c1ccccc1C(=O)O,4,5,0.0,0.0,0.9722222222222222,1.0,0.9444444444444444,0.9545454545454546,4,1,17,0
[c]1[nH]nnc1-c1cccs1,1,1,1.0,1.0,1.0,1.0,1.0,1.0,1,0,9,0
[C]#Cc1cc(OCC)c(C#Cc2ccc([N+](=O)[O-])cc2)cc1OCC,1,1,1.0,1.0,1.0,1.0,1.0,1.0,1,0,24,0
C/C([O-])=C/P(c1ccccc1)c1ccccc1,2,2,1.0,1.0,1.0,1.0,1.0,1.0,2,0,15,0
CC(=O)O[B-](c1ccccc1)(c1ccccc1P(c1ccccc1)c1ccccc1)c1ccccc1P(c1ccccc1)c1ccccc1,2,3,0.0,0.0,0.9893617021276595,1.0,0.9787234042553191,0.9795918367346939,2,1,46,0
CC(C)/[N+]=C(/[N-]C(C)C)N([SiH](C)C)[SiH](C)C,2,2,1.0,1.0,1.0,1.0,1.0,1.0,2,0,14,0
O=C(OCc1ccccc1)C(C(=O)OCc1ccccc1)[C@H](c1[c]c([C@@H](C(C(=O)OCc2ccccc2)C(=O)OCc2ccccc2)P(c2ccccc2)c2ccccc2)ccc1)P(c1ccccc1)c1ccccc1,3,3,1.0,1.0,1.0,1.0,1.0,1.0,3,0,73,0
COC(=O)C(C(=O)OC)[C@H](c1[c]c([C@@H](C(C(=O)OC)C(=O)OC)P(c2ccccc2)c2ccccc2)ccc1)P(c1ccccc1)c1ccccc1,3,3,1.0,1.0,1.0,1.0,1.0,1.0,3,0,49,0
c1ccc2c(-c3nc4ccccc4[n-]3)nccc2c1,2,2,1.0,1.0,1.0,1.0,1.0,1.0,2,0,17,0
Fc1c(F)c(F)c(OP(Oc2c(F)c(F)c(F)c(F)c2F)Oc2c(F)c(F)c(F)c(F)c2F)c(F)c1F,1,1,1.0,1.0,1.0,1.0,1.0,1.0,1,0,36,0
N[C@@]12C[C@H]3C[C@@H]4[C@H]5C[C@@H](C[C@@H]41)C[C@]2(N)[C@H]5C3,2,2,1.0,1.0,1.0,1.0,1.0,1.0,2,0,14,0
Cc1ccc(SSc2ccc(C)cc2)cc1,1,2,0.0,0.0,0.9666666666666667,1.0,0.9333333333333333,0.9375,1,1,14,0
[C]#CC#Cc1c(F)c(F)c(F)c(F)c1F,1,1,1.0,1.0,1.0,1.0,1.0,1.0,1,0,14,0
O=C([O-])c1ccc(C(=O)O)s1,1,2,0.0,0.0,0.95,1.0,0.9,0.9090909090909091,1,1,9,0
Cn1c(Cc2nc(-c3ccccc3)c(-c3ccccc3)n2C)nc(-c2ccccc2)c1-c1ccccc1,2,2,1.0,1.0,1.0,1.0,1.0,1.0,2,0,35,0
c1ccc(CP(Cc2ccccc2)CN(CP(Cc2ccccc2)Cc2ccccc2)C2CCCCC2)cc1,2,2,1.0,1.0,1.0,1.0,1.0,1.0,2,0,37,0
CCCCN(CP(Cc1ccccc1)Cc1ccccc1)CP(Cc1ccccc1)Cc1ccccc1,2,2,1.0,1.0,1.0,1.0,1.0,1.0,2,0,35,0
CCCn1c(-c2cccc(-c3nc4ccccc4[nH]3)n2)nc2ccccc21,3,3,1.0,1.0,1.0,1.0,1.0,1.0,3,0,24,0
CCCn1c(-c2cccc(-c3nc4ccccc4[n-]3)n2)nc2ccccc21,3,3,1.0,1.0,1.0,1.0,1.0,1.0,3,0,24,0
Cc1cc(C)c(SC[C@@H](C)[S-])c(C)c1,2,2,1.0,1.0,1.0,1.0,1.0,1.0,2,0,12,0
CC(C)/N=C/N([SiH-]c1ccccc1)C(C)C,2,2,1.0,1.0,1.0,1.0,1.0,1.0,2,0,14,0
CCN(CC)c1ccc(/C=N/N=C(\[O-])c2ccc(O)cc2)c([O-])c1,3,3,1.0,1.0,1.0,1.0,1.0,1.0,3,0,21,0
COc1ccc(-c2cc(-c3ccc(OC)cc3)[nH]n2)cc1,1,1,1.0,1.0,1.0,1.0,1.0,1.0,1,0,20,0
COc1cc(C)oc(=O)c1,1,4,0.0,0.0,0.2777777777777778,0.0,0.5555555555555556,0.5,0,4,5,1
CC1=[C]C(=O)OC(C)(C)O1,1,1,1.0,1.0,1.0,1.0,1.0,1.0,1,0,9,0
Cc1cccc(/N=C2/NC(C)(C)CO2)c1-c1c(C)cccc1/N=C1/NC(C)(C)CO1,2,2,1.0,1.0,1.0,1.0,1.0,1.0,2,0,28,0
C/C(=N\NC(N)[S-])C(=O)[O-],3,4,0.0,0.0,0.9285714285714286,1.0,0.8571428571428571,0.9,3,1,6,0
[CH2]~[C](~[CH2])C(=O)O,3,3,1.0,1.0,1.0,1.0,1.0,1.0,3,0,3,0
Nc1ccccc1CC[O-],2,2,1.0,1.0,1.0,1.0,1.0,1.0,2,0,8,0
O=[N+]([O-])c1ccccc1/C=C/C=N/CCNCC/N=C/C=C/c1ccccc1[N+](=O)[O-],3,3,1.0,1.0,1.0,1.0,1.0,1.0,3,0,28,0
CCCN(CCC)[C](~[S-2])~[N-3]~[C](~[O-2])C1CCCCC1,2,2,1.0,1.0,1.0,1.0,1.0,1.0,2,0,16,0
CC(C)(C)P(=O)(/N=c1/cccc(-c2ccccn2)[n-]1)C(C)(C)C,3,3,1.0,1.0,1.0,1.0,1.0,1.0,3,0,20,0
[O-]/C(=C\C(=N\c1ccccc1)C(F)(F)F)c1ccccc1Br,2,2,1.0,1.0,1.0,1.0,1.0,1.0,2,0,20,0
c1ccc(CN2CCN3CCN(Cc4ccccc4)P2N(Cc2ccccc2)CC3)cc1,1,1,1.0,1.0,1.0,1.0,1.0,1.0,1,0,31,0
Cc1cc(C)c(/C=N\Nc2[c]cc([N+](=O)[O-])cc2[N+](=O)[O-])c(C)c1,2,2,1.0,1.0,1.0,1.0,1.0,1.0,2,0,22,0
CC[NH2+]CC/N=C/c1cc(OC)ccc1[O-],2,2,1.0,1.0,1.0,1.0,1.0,1.0,2,0,14,0
CO/C([O-])=C(\C#N)C1=NCCC1,2,2,1.0,1.0,1.0,1.0,1.0,1.0,2,0,10,0
[CH2]C(C)(C)c1ccccc1[CH]c1ccccc1,2,2,1.0,1.0,1.0,1.0,1.0,1.0,2,0,15,0
O=[C]C/C=C/c1ccccc1,1,1,1.0,1.0,1.0,1.0,1.0,1.0,1,0,10,0
O=C([N-]c1ccccc1[O-])c1cccc(C(=O)[N-]c2ccccc2[O-])n1,5,5,1.0,1.0,1.0,1.0,1.0,1.0,5,0,21,0
O=[S+](=O)c1ccccc1SCCSc1ccccc1[S-],4,4,1.0,1.0,1.0,1.0,1.0,1.0,4,0,16,0
c1csc(C2=NCCN2)c1,2,1,0.0,0.0,0.75,0.5,1.0,0.9,1,0,8,1
O=C(Nc1ccccc1[O-])c1cccc(C(=O)Nc2ccccc2[O-])n1,2,4,0.0,0.0,0.9583333333333333,1.0,0.9166666666666666,0.9230769230769231,2,2,22,0
CC(C)(C)P(Cc1cccc(C(=O)[O-])n1)C(C)(C)C,3,4,0.0,0.0,0.96875,1.0,0.9375,0.9473684210526315,3,1,15,0
Fc1ccc(-c2ccc(F)cc2P(c2ccccc2)c2ccccc2)c(P(c2ccccc2)c2ccccc2)c1,2,2,1.0,1.0,1.0,1.0,1.0,1.0,2,0,38,0
C[Si](C)(C)C1=C(c2cc3cccccc-3c2)C([Si](C)(C)C)=C1c1cc2cccccc-2c1,4,4,1.0,1.0,1.0,1.0,1.0,1.0,4,0,28,0
CCN1C(=O)[C@H]2[C@H](O[C@@]3(C)C=C(C)C=N[C@@H]23)C1=O,1,1,1.0,1.0,1.0,1.0,1.0,1.0,1,0,17,0
CC(C)(C)SCC/N=C(/Nc1[c]cccc1)c1ccccc1,3,3,1.0,1.0,1.0,1.0,1.0,1.0,3,0,19,0
CSCC/N=C(/Nc1[c]cccc1)c1ccccc1,3,3,1.0,1.0,1.0,1.0,1.0,1.0,3,0,16,0
O=NCC(=O)[O-],2,3,0.0,0.0,0.875,1.0,0.75,0.8333333333333334,2,1,3,0
CCC1=C(C)c2cc3[n-]c(c4nc(cc5[n-]c(ccc1n2)c(CC)c5C)C(CC)=C4C)c(C)c3CC,4,4,1.0,1.0,1.0,1.0,1.0,1.0,4,0,32,0
Nc1ccccc1SCC(P(c1ccccc1)c1ccccc1)P(c1ccccc1)c1ccccc1,2,4,0.0,0.0,0.9705882352941176,1.0,0.9411764705882353,0.9444444444444444,2,2,32,0
Cn1ccnc1CN1CCNCCNCC1,4,4,1.0,1.0,1.0,1.0,1.0,1.0,4,0,12,0
N#Cc1ccc(NCC(=O)[O-])cc1,1,3,0.0,0.0,0.9166666666666667,1.0,0.8333333333333334,0.8461538461538461,1,2,10,0
[C]=C=C(C)N,1,1,1.0,1.0,1.0,1.0,1.0,1.0,1,0,4,0
CCOP(=S)(N=P([CH]P(=NP(=S)(OCC)OCC)(c1ccccc1)c1ccccc1)(c1ccccc1)c1ccccc1)OCC,3,3,1.0,0.0,0.8214285714285714,0.6666666666666666,0.9761904761904762,0.9555555555555556,2,1,41,1
[CH2][C@H](CO)OCC=C,1,2,0.0,0.0,0.9285714285714286,1.0,0.8571428571428571,0.875,1,1,6,0
CCN(CC)CCP(CO)CO,1,2,0.0,0.0,0.9545454545454546,1.0,0.9090909090909091,0.9166666666666666,1,1,10,0
Cc1ccc(-c2cc(-c3[c]c(-c4cc(C(C)(C)C)ccc4[O-])ccc3)nc(-c3ccccc3[O-])c2)cc1,4,4,1.0,1.0,1.0,1.0,1.0,1.0,4,0,33,0
Cc1cc(C)c(C#Cc2c(C)cc(C)cc2C)c(C)c1,2,0,0.0,0.0,0.5,0.0,1.0,0.9,0,0,18,2
CN(C)N=P(CP(c1ccccc1)c1ccccc1)(c1ccccc1)c1ccccc1,2,2,1.0,1.0,1.0,1.0,1.0,1.0,2,0,29,0
C1=Cc2ccccc2-c2ccccc2C=1,2,3,0.0,0.0,0.9615384615384616,1.0,0.9230769230769231,0.9333333333333333,2,1,12,0
Cc1cc(C)n(C([C@@H](C2=CCC=C2)c2ccccc2)n2nc(C)cc2C)n1,2,4,0.0,0.0,0.96,1.0,0.92,0.9259259259259259,2,2,23,0
CN(C)CC[N+](C)(C)C,1,1,1.0,1.0,1.0,1.0,1.0,1.0,1,0,8,0
C/C(=N\N=C(/[O-])c1ccccc1)c1nc2ccccc2[nH]1,3,3,1.0,1.0,1.0,1.0,1.0,1.0,3,0,18,0
C/C(=N\N=C(/[O-])c1ccccc1)c1nc2ccccc2[n-]1,3,3,1.0,1.0,1.0,1.0,1.0,1.0,3,0,18,0
C/C(=N\N=C(/[O-])c1ccncc1)c1nc2ccccc2[nH]1,3,3,1.0,1.0,1.0,1.0,1.0,1.0,3,0,18,0
C#CCn1cncn1,1,1,1.0,1.0,1.0,1.0,1.0,1.0,1,0,7,0
C[C@H](/N=C/c1cc(Br)ccc1[O-])[C@]12C[C@H]3C[C@H](C[C@H](C3)C1)C2,2,2,1.0,1.0,1.0,1.0,1.0,1.0,2,0,20,0
[S-]C1=C([S-])S[C@@H](c2ccccc2)[C@H](c2ccccc2)S1,2,2,1.0,1.0,1.0,1.0,1.0,1.0,2,0,18,0
CC1(C)OB([N+](=[N-])C(c2ccccc2)c2ccccc2)OC1(C)C,1,1,1.0,1.0,1.0,1.0,1.0,1.0,1,0,23,0
Cc1cc(C)c(N/C=C2\C=CC(CN(CC3=N/C(=C/Nc4c(C)cc(C)cc4C)C=C3)CC3=N/C(=C/Nc4c(C)cc(C)cc4C)C=C3)=N2)c(C)c1,4,4,1.0,1.0,1.0,1.0,1.0,1.0,4,0,48,0
COc1ccccc1P(c1ccccc1OC)N(c1ccc(N(C)C)cc1)P(=O)(N(C)C)N(C)C,2,2,1.0,0.0,0.7348484848484849,0.5,0.9696969696969697,0.9428571428571428,1,1,32,1
c1ccc2c(c1)-c1ccccc1C21c2ccccc2-c2ccccc21,6,0,0.0,0.0,0.5,0.0,1.0,0.76,0,0,19,6
[CH2]CCCO[Si](C)(C)C,1,2,0.0,0.0,0.9375,1.0,0.875,0.8888888888888888,1,1,7,0
CC(C)=NNC(=O)COc1ccc(Cl)cc1C,2,2,1.0,1.0,1.0,1.0,1.0,1.0,2,0,15,0
CN(c1ccccc1NCP(C(C)(C)C)C(C)(C)C)c1ccccc1NCP(C(C)(C)C)C(C)(C)C,2,4,0.0,0.0,0.9705882352941176,1.0,0.9411764705882353,0.9444444444444444,2,2,32,0
CCCOc1c2cccc1Cc1cccc(c1OCCC)Cc1cccc(c1OCCC)Cc1cccc(c1OCCC)C2,6,0,0.0,0.0,0.5,0.0,1.0,0.8636363636363636,0,0,38,6
c1ccc(-c2ccc3ccccc3c2-c2c(-c3ccccn3)ccc3ccccc23)nc1,2,2,1.0,1.0,1.0,1.0,1.0,1.0,2,0,30,0
C(=C/c1ccc(N(c2ccccc2)c2ccccc2)cc1)\c1ccncc1,1,1,1.0,1.0,1.0,1.0,1.0,1.0,1,0,26,0
O=Cc1ccc([B-](O/N=C2\CCCC\C2=N/O)(O/N=C2\CCCC\C2=N/O)O/N=C2\CCCC\C2=N/O)cc1,6,6,1.0,1.0,1.0,1.0,1.0,1.0,6,0,33,0
[C]([C@H](Cc1ccccc1)/C(=N/c1ccccc1)SCc1ccccc1)N1CCCC1,2,2,1.0,1.0,1.0,1.0,1.0,1.0,2,0,28,0
FC(F)(F)c1ccccc1[P-](~[S-2])(~[S-2])c1ccccc1C(F)(F)F,2,2,1.0,1.0,1.0,1.0,1.0,1.0,2,0,21,0
FC(F)(F)c1ccc([P-](~[S-2])(~[S-2])c2ccc(C(F)(F)F)cc2)cc1,2,2,1.0,1.0,1.0,1.0,1.0,1.0,2,0,21,0
CSC(=S)N/N=C(\c1ccccc1)c1ccccn1,3,3,1.0,1.0,1.0,1.0,1.0,1.0,3,0,16,0
CC(C)c1cccc(C(C)C)c1N1C=CN(c2c(C(C)C)cccc2C(C)C)B1[N-2],1,1,1.0,1.0,1.0,1.0,1.0,1.0,1,0,29,0
CC(C)(C)c1cc(-c2cccc(-c3cccc(-c4ccccn4)n3)n2)c([O-])c(C(C)(C)C)c1,4,4,1.0,1.0,1.0,1.0,1.0,1.0,4,0,29,0
O=[C]/C(=C(/c1ccccc1)P(c1ccccc1)c1ccccc1)c1ccccc1,2,2,1.0,1.0,1.0,1.0,1.0,1.0,2,0,27,0
c1ccc([Si-](CP(c2ccccc2)c2ccccc2)c2ccccc2)cc1,2,2,1.0,1.0,1.0,1.0,1.0,1.0,2,0,25,0
Cc1cccc(C)c1/N=[C]\N(C(C)C)[C@@H](/C=N/C(C)C)C(=S)[S-],3,3,1.0,1.0,1.0,1.0,1.0,1.0,3,0,20,0
CC1(C)CCC(C)(C)c2nn[n+](-c3cccc(-c4nnc5c(n4)C(C)(C)CCC5(C)C)n3)cc21,3,3,1.0,1.0,1.0,1.0,1.0,1.0,3,0,31,0
c1ccc(P/C(=C(/c2ccccc2)P(c2ccccc2)c2ccccc2)c2ccccc2)cc1,2,2,1.0,1.0,1.0,1.0,1.0,1.0,2,0,32,0
COc1cccc(C(=O)[CH][P+](CCP(c2ccccc2)c2ccccc2)(c2ccccc2)c2ccccc2)c1,2,2,1.0,1.0,1.0,1.0,1.0,1.0,2,0,37,0
Cc1cc(C)cc(N[C](~[NH-2])~[N-3]~[C](~[NH-2])Nc2cc(C)cc(C)c2)c1,2,2,1.0,1.0,1.0,1.0,1.0,1.0,2,0,21,0
[S-]c1cccc([Si](c2ccccc2)(c2ccccc2)c2ccccc2)c1[S-],2,2,1.0,1.0,1.0,1.0,1.0,1.0,2,0,25,0
CC[C@@H]1C=CC=CC1=O,2,4,0.0,0.0,0.8571428571428572,1.0,0.7142857142857143,0.7777777777777778,2,2,5,0
Cc1c[c]c(C=O)cc1,2,2,1.0,1.0,1.0,1.0,1.0,1.0,2,0,7,0
CC(C)(C)c1cccc(-c2cccc(-c3cccc(C(C)(C)C)c3[O-])c2[C]c2ccccc2)c1[O-],3,3,1.0,1.0,1.0,1.0,1.0,1.0,3,0,32,0
O=C(CN(CC[S-])Cc1ccccc1)[N-]CC[S-],4,4,1.0,1.0,1.0,1.0,1.0,1.0,4,0,14,0
CC(C)(C)/[C]=C1/[C]CCCCCC1,2,2,1.0,1.0,1.0,1.0,1.0,1.0,2,0,11,0
O=[S+](=O)c1ccccc1-c1[c]cccc1,2,2,1.0,1.0,1.0,1.0,1.0,1.0,2,0,13,0
CP(C)CCCN,2,2,1.0,1.0,1.0,1.0,1.0,1.0,2,0,5,0
CCOC(=O)C(C(=O)OCC)[C@@H](c1ccccc1)P(c1ccccc1)c1ccccc1,1,1,1.0,1.0,1.0,1.0,1.0,1.0,1,0,30,0
CO[C@@H](NCCN[C@@H](OC)c1nc2ccccc2s1)c1nc2ccccc2s1,4,4,1.0,1.0,1.0,1.0,1.0,1.0,4,0,24,0
CN(C)c1ccccc1C=N,2,2,1.0,1.0,1.0,1.0,1.0,1.0,2,0,9,0
Cn1ccnc1C(O)(c1cccc(-c2ccccn2)n1)c1nccn1C,4,4,1.0,1.0,1.0,1.0,1.0,1.0,4,0,22,0
O=C(O)c1ccc(C(=O)O)c(NCP(c2ccccc2)c2ccccc2)c1,1,1,1.0,1.0,1.0,1.0,1.0,1.0,1,0,26,0
c1cc(C[NH+]2CCOCC2)ccn1,1,1,1.0,1.0,1.0,1.0,1.0,1.0,1,0,12,0
Cc1cc(C)n(-c2ccccc2[N-][P+](CP(c2ccccc2)c2ccccc2)(c2ccccc2)c2ccccc2)n1,3,3,1.0,1.0,1.0,1.0,1.0,1.0,3,0,38,0
Brc1c(Br)c2[n-]c1c(-c1ccccc1)c1nc(c(-c3ccccc3)c3ccc([n-]3)c(-c3ccccc3)c3nc(c2-c2ccccc2)C=C3)C=C1,4,4,1.0,1.0,1.0,1.0,1.0,1.0,4,0,46,0
O=C1c2c(n3c([c]c4ccccc43)c3ncccc23)C(=O)N1Cc1ccccc1,2,2,1.0,1.0,1.0,1.0,1.0,1.0,2,0,27,0
[CH]=C(C)/C=C(/C)[CH]C(=O)[O-],3,4,0.0,0.0,0.9285714285714286,1.0,0.8571428571428571,0.9,3,1,6,0
Cc1ccc(S(=O)(=O)[N-2]~[C]2C=C(C(C)(C)C)C=C(C(C)(C)C)[C]~2~[O-2])cc1,2,2,1.0,1.0,1.0,1.0,1.0,1.0,2,0,24,0
CN(C)CCN1C[C@@H]2[C@H]3c4ccccc4[C@H](c4ccccc43)[C@@H]2C1,2,2,1.0,1.0,1.0,1.0,1.0,1.0,2,0,22,0
CCCCN(CCCC)C(=O)N/N=C\c1ccccc1O,2,3,0.0,0.0,0.9736842105263157,1.0,0.9473684210526315,0.9523809523809523,2,1,18,0
CNCc1cccc(F)c1,1,1,1.0,1.0,1.0,1.0,1.0,1.0,1,0,9,0
CCOC(=O)[C@H]1CS[C]C=C(c2ccccc2)N1,1,1,1.0,1.0,1.0,1.0,1.0,1.0,1,0,17,0
c1cnc(Sc2ncccn2)nc1,2,4,0.0,0.0,0.9090909090909092,1.0,0.8181818181818182,0.8461538461538461,2,2,9,0
O=Nc1ccccc1[C](~[C]1C=CC=C[CH]~1)C(=O)c1ccccc1,4,4,1.0,1.0,1.0,1.0,1.0,1.0,4,0,19,0
O=C1N([O-])c2ccccc2C1(c1ccccc1)c1ccccc1,2,2,1.0,1.0,1.0,1.0,1.0,1.0,2,0,21,0
CC(C)Oc1cc2c(cc1OC(C)C)[Si]1(c3ccc(N(C)C)cc3)c3cc(OC(C)C)c(OC(C)C)cc3P2c2cc(OC(C)C)c(OC(C)C)cc21,1,1,1.0,1.0,1.0,1.0,1.0,1.0,1,0,52,0
CC(C)n1cnnn1,1,1,1.0,1.0,1.0,1.0,1.0,1.0,1,0,7,0
CC(C)P(Oc1ccccc1I)C(C)C,1,1,1.0,1.0,1.0,1.0,1.0,1.0,1,0,14,0
c1ccc(CSCCN(Cc2ccccn2)Cc2ccccn2)cc1,4,4,1.0,1.0,1.0,1.0,1.0,1.0,4,0,21,0
Cc1cc(C)c(-n2[c]c[n+](-c3c(C)cc(C)cc3C)c2C)c(C)c1,1,1,1.0,1.0,1.0,1.0,1.0,1.0,1,0,23,0
Cc1ccc(B([O-])O)cc1,1,1,1.0,1.0,1.0,1.0,1.0,1.0,1,0,9,0
c1ccc(C(c2ccccc2)(c2ccccc2)c2ccc(N(c3ccccn3)c3ccccn3)cc2)cc1,2,2,1.0,1.0,1.0,1.0,1.0,1.0,2,0,36,0
O=C([O-])c1nc[nH]c1-c1nc2ccccc2[nH]1,2,4,0.0,0.0,0.9333333333333333,1.0,0.8666666666666667,0.8823529411764706,2,2,13,0
[C]/C=C1\CC[C@H]2[C@@H]3CCC4=CC(=O)CC[C@]4(C)[C@H]3CC[C@]12C,1,1,1.0,1.0,1.0,1.0,1.0,1.0,1,0,21,0
CC(=O)N1C=CC=C[C@H]1C[N+](=O)[O-],2,2,1.0,1.0,1.0,1.0,1.0,1.0,2,0,11,0
COC(=O)C[C@H]1C=CC=CN1C(C)=O,2,2,1.0,1.0,1.0,1.0,1.0,1.0,2,0,12,0
[c]1cc2ccc3cccc4ccc(c1)c2c34,1,1,1.0,1.0,1.0,1.0,1.0,1.0,1,0,15,0
CC(C)c1cccc(C(C)C)c1/N=C(/C=C(\[O-])c1ccccc1-c1ccccc1)C(F)(F)F,2,2,1.0,1.0,1.0,1.0,1.0,1.0,2,0,31,0
[O-]c1ccccc1/C=N/c1ccc(/N=N/c2ccccc2)cc1,2,2,1.0,1.0,1.0,1.0,1.0,1.0,2,0,21,0
CN(N)C1=[N+]N=NN1,2,2,1.0,1.0,1.0,1.0,1.0,1.0,2,0,6,0
C[C@H]([S-])c1ccccc1,1,1,1.0,1.0,1.0,1.0,1.0,1.0,1,0,8,0
COC(=O)[C@H](Cc1ccccc1)NC(=O)c1ccc(N(c2ccccn2)c2ccccn2)cc1,2,8,0.0,0.0,0.90625,1.0,0.8125,0.8235294117647058,2,6,26,0
CP(C)CO[Si](C)(OCP(C)C)OCP(C)C,3,3,1.0,1.0,1.0,1.0,1.0,1.0,3,0,14,0
F[C](F)C(F)(F)C(F)(F)[C](F)[P+](c1ccccc1)(c1ccccc1)c1ccccc1[N-]c1ccccc1,3,3,1.0,1.0,1.0,1.0,1.0,1.0,3,0,34,0
F[C](F)C(F)(F)C(F)(F)[C](F)[P+](c1ccccc1)(c1ccccc1)c1ccccc1Nc1ccccc1,3,3,1.0,1.0,1.0,1.0,1.0,1.0,3,0,34,0
O=[N+]([O-])C(c1nn[n-]n1)([N+](=O)[O-])[N+](=O)[O-],1,1,1.0,1.0,1.0,1.0,1.0,1.0,1,0,14,0
Cn1c(C(CC(=O)OC(C)(C)C)c2nc3ccccc3n2C)nc2ccccc21,3,3,1.0,1.0,1.0,1.0,1.0,1.0,3,0,26,0
CCCNC(=O)CC(c1nc2ccccc2n1C)c1nc2ccccc2n1C,3,3,1.0,1.0,1.0,1.0,1.0,1.0,3,0,25,0
CCC(CC)(CN)CNCC(CC)(CC)CN,3,3,1.0,1.0,1.0,1.0,1.0,1.0,3,0,14,0
Cc1ccc(-c2cn(C)c(P(c3nc(-c4ccc(C)cc4)cn3C)c3nc(-c4ccc(C)cc4)cn3C)n2)cc1,3,4,0.0,0.0,0.9864864864864865,1.0,0.972972972972973,0.975,3,1,36,0
CNCC/N=C/c1cc(C(C)(C)C)cc([C@]23C[C@H]4C[C@H](C[C@H](C4)C2)C3)c1[O-],3,3,1.0,1.0,1.0,1.0,1.0,1.0,3,0,24,0
CC(C)c1cccc(C(C)C)c1/N=C/c1ccccc1[N-2]~[C](~[N-2]c1c(C(C)C)cccc1C(C)C)c1ccccc1,3,3,1.0,1.0,1.0,1.0,1.0,1.0,3,0,38,0
N#Cc1ccccc1O,1,1,1.0,1.0,1.0,1.0,1.0,1.0,1,0,8,0
Cc1ccc(S(=O)(=O)[O-])cc1N,1,2,0.0,0.0,0.9545454545454546,1.0,0.9090909090909091,0.9166666666666666,1,1,10,0
CC(C)N(Cc1cc(C(C)(C)C)cc(C(C)(C)C)c1[O-])Cc1cc(C(C)(C)C)cc(C(C)(C)C)c1[O-],3,3,1.0,1.0,1.0,1.0,1.0,1.0,3,0,33,0
CCN(CC)c1ccc(/C=N/N=C(\[O-])c2ccc(OC)cc2)c([O-])c1,3,3,1.0,1.0,1.0,1.0,1.0,1.0,3,0,22,0
CCn1c(-c2cccc(C)c2[O-])nc2ccccc21,2,2,1.0,1.0,1.0,1.0,1.0,1.0,2,0,17,0
C[C@@H](Cc1cccc(=O)o1)OC(=O)c1ccccc1,4,3,0.0,0.0,0.875,0.75,1.0,0.9473684210526315,3,0,15,1
COC(=O)[C](c1cc([N+](=O)[O-])ccc1[C@H](C)N)C1(C(=O)OC)C(C(=O)OC)=C(C(=O)OC)C(C(=O)OC)=C1C(=O)OC,3,4,0.0,0.0,0.8076923076923077,0.6666666666666666,0.9487179487179487,0.9285714285714286,2,2,37,1
Cc1ccc(-c2nnc(-c3ccc4ccccc4n3)n2-c2ccccc2)cc1,2,2,1.0,1.0,1.0,1.0,1.0,1.0,2,0,26,0
CC(C)[N-]c1ccccc1[O-],2,2,1.0,1.0,1.0,1.0,1.0,1.0,2,0,9,0
CCCCn1c(-c2[c]cccc2)nc2cc(-c3ccc(C(=O)OC)cc3)ccc21,2,2,1.0,1.0,1.0,1.0,1.0,1.0,2,0,27,0
COC(=O)c1nc2c3[n-]c(c(-c4ccccc4)c4nc(c(-c5ccccc5)c5ccc([n-]5)c(-c5ccccc5)c5nc(c3-c3ccccc3)C=C5)C=C4)c2nc1/C(N)=N/c1cc(C)c(Br)cn1,4,5,0.0,0.0,0.9920634920634921,1.0,0.9841269841269841,0.9850746268656716,4,1,62,0
C1=Cc2nc1c(-c1ccccc1)c1ccc([n-]1)c(-c1ccccc1)c1nc(c(-c3ccccc3)c3[n-]c(c2-c2ccccc2)c2nc4c(nc32)/C(=N/c2ccccn2)N/C4=N\c2ccccn2)C=C1,4,6,0.0,0.0,0.9846153846153847,1.0,0.9692307692307692,0.9710144927536232,4,2,63,0
Fc1c[c]c(-c2cc(-c3ccccc3)cc(-c3ccc(F)cc3)p2)cc1,2,2,1.0,1.0,1.0,1.0,1.0,1.0,2,0,24,0
Fc1ccc[c]c1-c1cc(-c2ccccc2)cc(-c2ccccc2F)p1,2,2,1.0,1.0,1.0,1.0,1.0,1.0,2,0,24,0
c1ccc(SCCOP2N(c3ccccc3)C[C@@H]3CCCN32)cc1,2,2,1.0,1.0,1.0,1.0,1.0,1.0,2,0,22,0
CO[C@H]([O-])C1=NCCC1,2,2,1.0,1.0,1.0,1.0,1.0,1.0,2,0,7,0
[O-]c1ccccc1[N-]/C=C1/C=CC=N1,3,3,1.0,1.0,1.0,1.0,1.0,1.0,3,0,11,0
CC(C)(C)n1ccn([B-](N=[N+]=[N-])(n2ccn(C(C)(C)C)c2=S)n2ccn(C(C)(C)C)c2=S)c1=S,3,4,0.0,0.0,0.9838709677419355,1.0,0.967741935483871,0.9705882352941176,3,1,30,0
CC(C)(C)n1ccn([B-](N=C=S)(n2ccn(C(C)(C)C)c2=S)n2ccn(C(C)(C)C)c2=S)c1=S,3,4,0.0,0.0,0.9838709677419355,1.0,0.967741935483871,0.9705882352941176,3,1,30,0
CC(/C=N/N)=N\N,2,2,1.0,1.0,1.0,1.0,1.0,1.0,2,0,5,0
CO[C]1~[CH]C(c2ccccc2)[CH]~[CH]~[C]~1C(O)(c1ccccc1)c1ccccc1,5,5,1.0,1.0,1.0,1.0,1.0,1.0,5,0,23,0
C/C(=N\c1c(C(C)C)cccc1C(C)C)c1cccc(/C(C)=N/c2ccc3ccc4cccc5ccc2c3c45)n1,3,3,1.0,1.0,1.0,1.0,1.0,1.0,3,0,37,0
COc1c[c]c(C(C)=O)cc1,2,2,1.0,1.0,1.0,1.0,1.0,1.0,2,0,9,0
NCc1cc(-c2ccccc2)c2ccc3ccc[c]c3c2n1,3,3,1.0,1.0,1.0,1.0,1.0,1.0,3,0,19,0
O=C([O-])COCc1ccccc1,2,3,0.0,0.0,0.95,1.0,0.9,0.9166666666666666,2,1,9,0
c1cc2sccc2cn1,1,1,1.0,1.0,1.0,1.0,1.0,1.0,1,0,8,0
CC(C)(C)c1ccc([O-])c(/C=N/CCNCCNCC/N=C/c2cc(C(C)(C)C)ccc2[O-])c1,6,6,1.0,1.0,1.0,1.0,1.0,1.0,6,0,28,0
[C]#Cc1ccccc1N=C1C(OC)=C(OC)C(=Nc2ccccc2C#[C])C(OC)=C1OC,2,2,1.0,1.0,1.0,1.0,1.0,1.0,2,0,30,0
[C]#Cc1cc(C(=O)Nc2cccc(NC(=O)CC(C)(C)C)n2)cc(C(=O)Nc2cccc(NC(=O)CC(C)(C)C)n2)c1,1,5,0.0,0.0,0.9512195121951219,1.0,0.9024390243902439,0.9047619047619048,1,4,37,0
Cn1cc[n+](CCOp2n(C)c3ccc4ccccc4c3c3c4ccccc4ccc3n2C)c1,1,1,1.0,1.0,1.0,1.0,1.0,1.0,1,0,33,0
CCOC(=O)c1cccc(-c2cccc(-c3cccc(-c4cccc(C(=O)OCC)n4)n3)n2)n1,5,6,0.0,0.0,0.9827586206896552,1.0,0.9655172413793104,0.9705882352941176,5,1,28,0
C[Si](C)(C)[Si]1(C)C(c2ccccc2)=C(c2ccccc2)C(c2ccccc2)=C1c1ccccc1,4,4,1.0,1.0,1.0,1.0,1.0,1.0,4,0,30,0
[CH2]~[C](~[CH2])[C@H]1CN(S(=O)(=O)c2ccc(C)cc2)C[C@H]1[CH2],4,4,1.0,1.0,1.0,1.0,1.0,1.0,4,0,15,0
CC(C)N(B(P[Si](C)(C)PB(N(C(C)C)C(C)C)N(C(C)C)C(C)C)N(C(C)C)C(C)C)C(C)C,2,2,1.0,1.0,1.0,1.0,1.0,1.0,2,0,33,0
C[Si](C)(C)[Si](C)(C)/[C]=C(C(=[C]/[Si](C)(C)[Si](C)(C)C)/c1ccccc1)\c1ccccc1,2,2,1.0,1.0,1.0,1.0,1.0,1.0,2,0,28,0
C[Si](C)(C)[Si](/[C]=C(C(=[C]/[Si](C#Cc1ccccc1)([Si](C)(C)C)[Si](C)(C)C)/c1ccccc1)\c1ccccc1)(C#Cc1ccccc1)[Si](C)(C)C,2,2,1.0,1.0,1.0,1.0,1.0,1.0,2,0,48,0
C1#CCCCN2CCCC#CCCCN(CCC1)CCOCCOCC2,6,4,0.0,0.0,0.8333333333333333,0.6666666666666666,1.0,0.9230769230769231,4,0,20,2
CC(C)(C)P(Cc1[c]c(CP(C(C)(C)C)C(C)(C)C)cc([N+](=O)[O-])c1)C(C)(C)C,3,3,1.0,1.0,1.0,1.0,1.0,1.0,3,0,26,0
CC1(NCc2ccc(O)cc2)CNCCNCCCNCCNC1,4,5,0.0,0.0,0.975,1.0,0.95,0.9583333333333334,4,1,19,0
[CH2][C@@H]1C[C@H]2C=C[C@@H]1C2,1,3,0.0,0.0,0.8571428571428572,1.0,0.7142857142857143,0.75,1,2,5,0
O=C(c1ccccc1)c1ccccc1F,2,2,1.0,1.0,1.0,1.0,1.0,1.0,2,0,13,0
[CH]=C([C](~[CH]~[CH2])c1ccccc1)c1ccccc1,4,4,1.0,1.0,1.0,1.0,1.0,1.0,4,0,13,0
COc1ccc(/N=C(\C)c2ccccn2)cc1,2,2,1.0,1.0,1.0,1.0,1.0,1.0,2,0,15,0
C/C(=N\c1ccc(OC(F)(F)F)cc1)c1ccccn1,2,2,1.0,1.0,1.0,1.0,1.0,1.0,2,0,18,0
CC(C)(C)/[N+]([O-])=C/c1[c]cccc1,2,2,1.0,1.0,1.0,1.0,1.0,1.0,2,0,11,0
C[C@H]1[C@@H](c2ccccc2)O[C@@H](c2cccc([C@@H]3O[C@H](c4ccccc4)[C@H](C)N3C)n2)N1C,3,4,0.0,0.0,0.9827586206896552,1.0,0.9655172413793104,0.96875,3,1,28,0
C[C@H]1[C@@H](c2ccccc2)O[C@@H](c2ccccn2)N1Cc1ccccc1,2,2,1.0,1.0,1.0,1.0,1.0,1.0,2,0,23,0
CN(C)CCN(C)Cc1ccccc1,2,2,1.0,1.0,1.0,1.0,1.0,1.0,2,0,12,0
Fc1c(F)c(F)c(Cn2nnnc2Cc2ccccc2)c(F)c1F,1,2,0.0,0.0,0.9782608695652174,1.0,0.9565217391304348,0.9583333333333334,1,1,22,0
COc1ccc(/C=N/OCCO/N=C/c2ccc(OC)cc2[O-])c([O-])c1,4,4,1.0,1.0,1.0,1.0,1.0,1.0,4,0,22,0
CC(C)c1cccc(C(C)C)c1/N=C(/[CH]/C(=N/CCN(C)CCN(C)C)C(C)(C)C)C(C)(C)C,5,5,1.0,1.0,1.0,1.0,1.0,1.0,5,0,29,0
CC(C)C[C@H](NS(=O)(=O)c1ccccc1)C(=O)[O-],2,2,1.0,1.0,1.0,1.0,1.0,1.0,2,0,16,0
c1ccc(-c2cc(N3CCOCC3)cc(-c3ccccn3)n2)nc1,3,3,1.0,1.0,1.0,1.0,1.0,1.0,3,0,21,0
C/C(=N\NC(=O)c1cccnc1)c1cnccn1,3,4,0.0,0.0,0.9666666666666667,1.0,0.9333333333333333,0.9444444444444444,3,1,14,0
OCCCN(Cc1ccc2ccccc2n1)Cc1ccc2ccccc2n1,3,4,0.0,0.0,0.9791666666666667,1.0,0.9583333333333334,0.9629629629629629,3,1,23,0
C/C([O-])=C/C(C)=N/c1ccc2ccccc2c1,2,2,1.0,1.0,1.0,1.0,1.0,1.0,2,0,15,0
C/C([O-])=C/C(C)=N/c1cccc2cc3ccccc3cc12,2,2,1.0,1.0,1.0,1.0,1.0,1.0,2,0,19,0
C/C([O-])=C/C(C)=N/c1c2ccccc2cc2ccccc12,2,2,1.0,1.0,1.0,1.0,1.0,1.0,2,0,19,0
CC(C)(C)c1cc(CN2CCCN(Cc3cc(C(C)(C)C)cc(C(C)(C)C)c3O)CC2)c([O-])c(C(C)(C)C)c1,4,4,1.0,1.0,1.0,1.0,1.0,1.0,4,0,35,0
c1cc2c(c3c1CCC[N-]3)[N-]CCC2,2,2,1.0,1.0,1.0,1.0,1.0,1.0,2,0,12,0
C[C@@H]1CCc2ccc3c(c2[N-]1)[N-][C@H](C)CC3,2,2,1.0,1.0,1.0,1.0,1.0,1.0,2,0,14,0
CCN(CCOP(c1ccccc1)c1ccccc1)Cc1ccccc1,2,2,1.0,1.0,1.0,1.0,1.0,1.0,2,0,24,0
CCC1=C(CC)C(CC)=C(CC)C1=O,4,4,1.0,1.0,1.0,1.0,1.0,1.0,4,0,10,0
CCOC(=O)C(C[S-])(C[S-])C(=O)OCC,2,2,1.0,1.0,1.0,1.0,1.0,1.0,2,0,13,0
C1=N/CCCC/N=C/c2ccccc2N2CCCN(CC2)c2ccccc2/1,4,4,1.0,1.0,1.0,1.0,1.0,1.0,4,0,23,0
C[N-2]~[CH]~[N-2]C,2,2,1.0,1.0,1.0,1.0,1.0,1.0,2,0,3,0
c1ccc(-c2ccn(-c3ncccn3)n2)cc1,2,3,0.0,0.0,0.9666666666666667,1.0,0.9333333333333333,0.9411764705882353,2,1,14,0
COC(=O)C1(C(=O)OC)CC(=C/[C]=N\C2CCCCC2)/C(=[C]/C=C(\[C]=C=NC2CCCCC2)[P+](c2ccccc2)(c2ccccc2)c2ccccc2)C1,4,4,1.0,1.0,1.0,1.0,1.0,1.0,4,0,49,0
COC(=O)c1ccccc1P(c1ccccc1)c1ccccc1C[N-]c1ccccc1[O-],4,4,1.0,1.0,1.0,1.0,1.0,1.0,4,0,28,0
C[Si](C)(C1=CC2=CC=CC3=CC([Si](C)(C)c4ccccc4)=[P+]1[C@H]23)c1ccccc1,1,1,1.0,1.0,1.0,1.0,1.0,1.0,1,0,28,0
CC(C)(C)c1cc(-c2c3nc(c(-c4cc(C(C)(C)C)cc(C(C)(C)C)c4)c4ccc([n-]4)c(-c4cc(C(C)(C)C)cc(C(C)(C)C)c4)c4nc(c(-c5cc(C(C)(C)C)cc(C(C)(C)C)c5)c5ccc2[n-]5)C(Br)=C4)C(Br)=C3)cc(C(C)(C)C)c1,4,4,1.0,1.0,1.0,1.0,1.0,1.0,4,0,78,0
CC(C)(C)P(CCCP(C(C)(C)C)C(C)(C)C)c1ccccc1C(F)(F)F,2,2,1.0,1.0,1.0,1.0,1.0,1.0,2,0,25,0
Cc1ccc(S(=O)(=O)[CH][P+](c2ccccc2)(c2ccccc2)c2ccccc2)cc1,1,1,1.0,1.0,1.0,1.0,1.0,1.0,1,0,29,0
CC1=C[CH]~[C](~[CH]CC(=O)c2ccc(C)cc2)C=C1,3,4,0.0,0.0,0.9666666666666667,1.0,0.9333333333333333,0.9444444444444444,3,1,14,0
Fc1ccc([N-]c2ccc(F)cc2)cc1,1,1,1.0,1.0,1.0,1.0,1.0,1.0,1,0,14,0
Cc1ccc(/N=C(C(=N/c2ccc(C)cc2)\P(c2ccccc2)c2ccccc2)/P(c2ccccc2)c2ccccc2)cc1,2,2,1.0,1.0,1.0,1.0,1.0,1.0,2,0,42,0
O=C1CCC(N(Cc2ccccc2)c2[c]cccc2)CC1,2,3,0.0,0.0,0.9736842105263157,1.0,0.9473684210526315,0.9523809523809523,2,1,18,0
Cc1ccc(/N=C/c2c(C)nn(-c3ccccc3)c2[O-])c(/N=C/c2c(C)nn(-c3ccccc3)c2[O-])c1,4,4,1.0,1.0,1.0,1.0,1.0,1.0,4,0,33,0
CCC(=N\N=C(/[S-])N1CCCCC1)/C(CC)=N/N=C(\[S-])N1CCCCC1,4,4,1.0,1.0,1.0,1.0,1.0,1.0,4,0,22,0
CCC(=N\N=C(/[S-])N1CCCCCC1)/C(CC)=N/N=C(\[S-])N1CCCCCC1,4,4,1.0,1.0,1.0,1.0,1.0,1.0,4,0,24,0
NC(=O)CCC(=O)[O-],2,2,1.0,1.0,1.0,1.0,1.0,1.0,2,0,6,0
CC(CO)(CO)c1ccccn1,3,3,1.0,1.0,1.0,1.0,1.0,1.0,3,0,9,0
C[Si](C)(C)C(P1OC1(c1ccccn1)c1ccccn1)[Si](C)(C)C,1,3,0.0,0.0,0.9565217391304348,1.0,0.9130434782608695,0.9166666666666666,1,2,21,0
[CH2]~[CH]~[CH][C@H]([CH]C(=O)OC)[C@H](C(=O)OC)[N+](=O)[O-],4,4,1.0,1.0,1.0,1.0,1.0,1.0,4,0,13,0
CCO/C([O-])=N/N=C(\C)c1ccccn1,3,3,1.0,1.0,1.0,1.0,1.0,1.0,3,0,12,0
C1#CC(=C(c2ccccc2)c2ccccc2)C#CC(=C(c2ccccc2)c2ccccc2)C#Cc2cncc(c2)C#CC(=C(c2ccccc2)c2ccccc2)C#CC(=C(c2ccccc2)c2ccccc2)C#C1,1,1,1.0,1.0,1.0,1.0,1.0,1.0,1,0,73,0
Cc1cc(C(F)(F)F)nn1CCC(N)=O,1,2,0.0,0.0,0.9642857142857143,1.0,0.9285714285714286,0.9333333333333333,1,1,13,0
CSc1cc(C)cc(CN(Cc2ccccn2)Cc2ccccn2)c1O,4,5,0.0,0.0,0.9772727272727273,1.0,0.9545454545454546,0.9615384615384616,4,1,21,0
CSc1cc(C)cc(CN(CCc2ccccn2)Cc2ccccn2)c1O,4,5,0.0,0.0,0.9782608695652174,1.0,0.9565217391304348,0.9629629629629629,4,1,22,0
Cc1ccccc1P1[C@@]2(C)C[C@]3(C)O[C@@](C)(C[C@@]1(C)O3)O2,1,1,1.0,1.0,1.0,1.0,1.0,1.0,1,0,20,0
CC(C)/[N+]=C(/[N-]c1ccccc1)NC(C)C,2,2,1.0,1.0,1.0,1.0,1.0,1.0,2,0,14,0
CC(C)(C)c1ccc(C(C)(C)C)c(O)c1[O-],1,2,0.0,0.0,0.9666666666666667,1.0,0.9333333333333333,0.9375,1,1,14,0
[C]=C([SiH](C)C)[Si](C)(C)C,1,1,1.0,1.0,1.0,1.0,1.0,1.0,1,0,8,0
CC(C)CN1CCN(CC(C)C)CCN(CC(C)C)CC1,3,3,1.0,1.0,1.0,1.0,1.0,1.0,3,0,18,0
CNC(=S)N/N=C/c1coc2ccccc2c1=O,3,3,1.0,1.0,1.0,1.0,1.0,1.0,3,0,15,0
CC(C)N(/C=N/P(C(C)C)C(C)C)C(C)C,1,1,1.0,1.0,1.0,1.0,1.0,1.0,1,0,15,0
CC(C)(C)c1cc([N-]CCN(CC[N-]c2cc(C(C)(C)C)cc(C(C)(C)C)c2)CC[N-]c2cc(C(C)(C)C)cc(C(C)(C)C)c2)cc(C(C)(C)C)c1,4,4,1.0,1.0,1.0,1.0,1.0,1.0,4,0,48,0
CCSCCN(CCSCC)Cc1cccc(NC(=O)C(C)(C)C)n1,5,5,1.0,1.0,1.0,1.0,1.0,1.0,5,0,20,0
C/C=N/C(C)(C)C,1,1,1.0,1.0,1.0,1.0,1.0,1.0,1,0,6,0
Cc1cc(C)c(-c2ccc(C(C)(C)c3ccc(-c4c(C)cc(C)cc4C)[n-]3)[n-]2)c(C)c1,2,2,1.0,1.0,1.0,1.0,1.0,1.0,2,0,29,0
[C]#Cc1ccc(CNc2ccccc2)cc1,1,2,0.0,0.0,0.9666666666666667,1.0,0.9333333333333333,0.9375,1,1,14,0
c1ccc(-c2cccc(-c3ccccc3)n2)cc1,1,1,1.0,1.0,1.0,1.0,1.0,1.0,1,0,17,0
CCOC(=O)[C@H](Cc1ccccc1)N(Cc1cc(C(C)(C)C)cc(C(C)(C)C)c1[O-])Cc1cc(C(C)(C)C)cc(C(C)(C)C)c1[O-],3,4,0.0,0.0,0.9883720930232558,1.0,0.9767441860465116,0.9782608695652174,3,1,42,0
CCOC(=O)[C@H](C)N(Cc1cc(C(C)(C)C)cc(C(C)(C)C)c1[O-])Cc1cc(C(C)(C)C)cc(C(C)(C)C)c1[O-],3,4,0.0,0.0,0.9864864864864865,1.0,0.972972972972973,0.975,3,1,36,0
CC(=O)Nc1cccc(N[C]c2ccc(F)cc2)n1,2,3,0.0,0.0,0.9705882352941176,1.0,0.9411764705882353,0.9473684210526315,2,1,16,0
[O-]c1c(F)cccc1/C=N/[C@H]1CCCC[C@@H]1/N=C/c1cccc(F)c1[O-],4,4,1.0,1.0,1.0,1.0,1.0,1.0,4,0,22,0
[NH3+][C@]12C[N-]C(=O)C(=O)[N-]C[C@]([NH3+])(CNCCNC1)CNCCNC2,6,6,1.0,1.0,1.0,1.0,1.0,1.0,6,0,18,0
Cc1cc(C)c(/C(=C2\C=CC(/C=N/NC(N)=O)=N2)c2ccc(/C=N/NC(N)=O)[n-]2)c(C)c1,2,6,0.0,0.0,0.9333333333333333,1.0,0.8666666666666667,0.875,2,4,26,0
C#CC,2,2,1.0,1.0,1.0,1.0,1.0,1.0,2,0,1,0
CC(C)(C)c1cc(/C=N/[C@@H]2CCCC[C@H]2/N=C/c2cc(C(C)(C)C)cc(C(C)(C)C)[n+]2[O-])[n+]([O-])c(C(C)(C)C)c1,4,4,1.0,1.0,1.0,1.0,1.0,1.0,4,0,36,0
C#CCCO,2,2,1.0,1.0,1.0,1.0,1.0,1.0,2,0,3,0
c1ccc(-c2ccccc2-c2nc3ccccc3[nH]2)c(-c2nc3ccccc3[nH]2)c1,2,2,1.0,1.0,1.0,1.0,1.0,1.0,2,0,28,0
O=C([N-]c1[nH+]c2ccccc2s1)c1cccc(C(=O)[N-]c2[nH+]c3ccccc3s2)n1,3,3,1.0,1.0,1.0,1.0,1.0,1.0,3,0,27,0
c1ccc(-c2ccc(CN3CCCNCCNCCCNCC3)cn2)[nH+]c1,4,5,0.0,0.0,0.9782608695652174,1.0,0.9565217391304348,0.9629629629629629,4,1,22,0
C/C([O-])=C/C(C)=N/CCc1cccc(CC/N=C(C)/C=C(/C)[O-])n1,5,5,1.0,1.0,1.0,1.0,1.0,1.0,5,0,19,0
CSC1=C(SC)SC(=C2SC(C(=O)[O-])=C(C(=O)O)S2)S1,2,2,1.0,0.0,0.4444444444444444,0.0,0.8888888888888888,0.8,0,2,16,2
N#Cc1ccc([C@@H]2[C]=C(c3ccccc3)C(=S)N2c2ccccc2)cc1,1,3,0.0,0.0,0.96,1.0,0.92,0.9230769230769231,1,2,23,0
C=C[Si](OC)(OC)OC,2,2,1.0,1.0,1.0,1.0,1.0,1.0,2,0,7,0
COc1cc(C(c2ccccc2)c2ccccc2)c(/N=C/c2ccccn2)c(C(c2ccccc2)c2ccccc2)c1,2,2,1.0,1.0,1.0,1.0,1.0,1.0,2,0,40,0
Cc1nn(-c2ccccc2)c([O-])c1/C=N/c1cnc2ccccc2c1,2,2,1.0,1.0,1.0,1.0,1.0,1.0,2,0,23,0
NC(=O)N/N=C/c1ccc2cccc([O-])c2n1,4,4,1.0,1.0,1.0,1.0,1.0,1.0,4,0,13,0
[O-]c1c(C[NH+]2CCCCC2)cnc2c(/C=N/c3cccc4cccnc34)cccc12,3,4,0.0,0.0,0.9814814814814814,1.0,0.9629629629629629,0.9666666666666667,3,1,26,0
CC/C(C)=N/OC(C)(C)O/N=C(\C)CC,2,2,1.0,1.0,1.0,1.0,1.0,1.0,2,0,13,0
C/C(=N\CCC/N=C(\C)C1=NN(c2ccccc2)C(=O)[C@H](C(C)C)[N-]1)C1=NN(c2ccccc2)C(=O)[C@H](C(C)C)[N-]1,4,6,0.0,0.0,0.972972972972973,1.0,0.9459459459459459,0.9512195121951219,4,2,35,0
c1ccc(-c2cc(C3(Cc4cc[n+](Cc5ccc(-c6ccc(C[n+]7ccc(CC8(c9cc(-c%10ccccn%10)nc(-c%10ccccn%10)c9)OCCO8)cc7)cc6)cc5)cc4)OCCO3)cc(-c3ccccn3)n2)nc1,6,6,1.0,1.0,1.0,1.0,1.0,1.0,6,0,68,0
C(#Cc1cc2[n-]c1c(-c1ccccc1)c1nc(c(-c3ccccc3)c3ccc([n-]3)c(-c3ccccc3)c3[n-]c2cc3C#Cc2ccccc2)C=C1)c1ccccc1,4,4,1.0,1.0,1.0,1.0,1.0,1.0,4,0,53,0
O=[N+]([O-])c1ccc([NH-]~[C]~[NH-][NH-]~[C]~[NH-]c2ccc([N+](=O)[O-])cc2)cc1,2,2,1.0,1.0,1.0,1.0,1.0,1.0,2,0,22,0
Cc1nc[n-]c1/C=N/CCN(CC/N=C/c1[n-]cnc1C)CC/N=C/c1[n-]c[nH+]c1C,6,6,1.0,1.0,1.0,1.0,1.0,1.0,6,0,25,0
CCO[C]C1=C(C2=CCCC2)[C@]23CCC[C@H]2C(OCC)=C[C@]13Sc1ccccc1,1,2,0.0,0.0,0.9821428571428572,1.0,0.9642857142857143,0.9655172413793104,1,1,27,0
C[Si](C)(C)C1=C2C(=C([Si](C)(C)C)C1=O)c1cccc3cccc2c13,4,5,0.0,0.0,0.975,1.0,0.95,0.9583333333333334,4,1,19,0
CCCCCCCCN1CNCCNCN(CCCCCCCC)CNCCNC1,4,4,1.0,1.0,1.0,1.0,1.0,1.0,4,0,26,0
CC(C)(C)c1cc(-c2c3nc(c(-c4cc(C(C)(C)C)cc(C(C)(C)C)c4)c4cc(-c5ccccn5)c([n-]4)c(C#Cc4ccccc4)c4nc(c(-c5cc(C(C)(C)C)cc(C(C)(C)C)c5)c5ccc2[n-]5)C=C4c2ccccn2)C=C3)cc(C(C)(C)C)c1,4,4,1.0,1.0,1.0,1.0,1.0,1.0,4,0,82,0
COc1ccc(C#Cc2c3nc(c(-c4cc(C(C)(C)C)cc(C(C)(C)C)c4)c4ccc([n-]4)c(-c4cc(C(C)(C)C)cc(C(C)(C)C)c4)c4nc(c(-c5cc(C(C)(C)C)cc(C(C)(C)C)c5)c5cc(-c6ccccn6)c2[n-]5)C=C4)C=C3c2ccccn2)cc1,4,4,1.0,1.0,1.0,1.0,1.0,1.0,4,0,84,0
CCCOc1c2cccc1Cc1cccc3c1OCCOCCOCCOc1c(cccc1Cc1cccc(c1OCCC)C3)C2,6,2,0.0,0.0,0.6666666666666666,0.3333333333333333,1.0,0.9130434782608695,2,0,40,4
CCN[C](~[S-2])~[N-2]S(=O)(=O)c1ccccc1,2,2,1.0,1.0,1.0,1.0,1.0,1.0,2,0,13,0
CC(C)CN[C](~[S-2])~[N-2]S(=O)(=O)c1ccccc1,2,2,1.0,1.0,1.0,1.0,1.0,1.0,2,0,15,0
[CH]=Cc1[c]c(C(F)(F)F)cc(C(F)(F)F)c1,2,2,1.0,1.0,1.0,1.0,1.0,1.0,2,0,14,0
CCCCCCC[n+]1[c]n(-c2cccc(-n3nc(C)cc3C)n2)cc1,3,3,1.0,1.0,1.0,1.0,1.0,1.0,3,0,22,0
O=C1CCCCC2=C(CCC1)C1=C(CCCCC(=O)CCC1)C2=O,5,7,0.0,0.0,0.9473684210526316,1.0,0.8947368421052632,0.9166666666666666,5,2,17,0
Cc1ccc(-c2c3nc(c(-c4c(F)c(F)c(F)c(F)c4F)c4ccc([n-]4)c(-c4ccc(C)cc4)c4cccc5c6cccc2c6sc45)C=C3)cc1,3,3,1.0,1.0,1.0,1.0,1.0,1.0,3,0,48,0
[O-]c1c([O-])c(F)c(F)c(F)c1F,2,2,1.0,1.0,1.0,1.0,1.0,1.0,2,0,10,0
Cc1ccc(Oc2ccc(C)cc2P(c2cc(C(F)(F)F)cc(C(F)(F)F)c2)c2cc(C(F)(F)F)cc(C(F)(F)F)c2)c(P(c2cc(C(F)(F)F)cc(C(F)(F)F)c2)c2cc(C(F)(F)F)cc(C(F)(F)F)c2)c1,2,2,1.0,1.0,1.0,1.0,1.0,1.0,2,0,71,0
CC(C)(C)[CH][C]1CCC[CH]~[CH]~1,4,4,1.0,1.0,1.0,1.0,1.0,1.0,4,0,7,0
CC(C)(C)[CH][C@@H]1[CH]CCCCCC1,2,2,1.0,1.0,1.0,1.0,1.0,1.0,2,0,11,0
C(=N/C1CCCCC1)\c1nc2ccccc2n1Cc1ccccc1,2,2,1.0,1.0,1.0,1.0,1.0,1.0,2,0,22,0
CC1(C)CCC(C)(C)c2cc3cc4c(cc3cc21)C(C)(C)CCC4(C)C,6,6,1.0,0.0,0.7833333333333333,0.6666666666666666,0.9,0.8461538461538461,4,2,18,2
CC(C)C[P+](=O)c1ccccc1,1,1,1.0,1.0,1.0,1.0,1.0,1.0,1,0,11,0
CC(=O)Oc1ccc(OC(C)=O)c2c1[C@@H]1[CH][C@@H](O[B-](F)(F)F)[C@H]2C1,2,2,1.0,1.0,1.0,1.0,1.0,1.0,2,0,22,0
N[C@@H]1CCCc2cccnc21,2,2,1.0,1.0,1.0,1.0,1.0,1.0,2,0,9,0
Cc1[nH]cnc1/C=N/CCCN(C)CCC/N=C/c1nc[nH]c1C,5,5,1.0,1.0,1.0,1.0,1.0,1.0,5,0,19,0
[O-]c1ccc(Br)cc1/C=N/N=C(C(=N/N=C/c1cc(Br)ccc1[O-])\c1ccccc1)/c1ccccc1,4,4,1.0,1.0,1.0,1.0,1.0,1.0,4,0,32,0
Cc1c[c]c(-c2cccc(Cl)c2/C=N/Cc2ccccc2)cc1,2,2,1.0,1.0,1.0,1.0,1.0,1.0,2,0,21,0
[C]#Cc1ccc(C#CC(C)(C)C)cc1,1,1,1.0,1.0,1.0,1.0,1.0,1.0,1,0,13,0
Cc1ncn(C(C)C)c1C,1,1,1.0,1.0,1.0,1.0,1.0,1.0,1,0,9,0
[CH]c1ccccc1O[C@@H](C)C(=O)OC,2,2,1.0,1.0,1.0,1.0,1.0,1.0,2,0,12,0
COc1ccccc1-c1ccccc1OC,6,12,0.0,0.0,0.7,1.0,0.4,0.625,6,6,4,0
CP1[C@@H]2C=CC=C[C@H]1C=C2,1,1,1.0,1.0,1.0,1.0,1.0,1.0,1,0,9,0
N=C1[N-]/C(=N\[C]NC2CCCCC2)c2ccccc21,2,2,1.0,1.0,1.0,1.0,1.0,1.0,2,0,17,0
c1ccc(P(CCC2c3cccnc3-c3ncccc32)c2ccccc2)cc1,1,3,0.0,0.0,0.962962962962963,1.0,0.9259259259259259,0.9285714285714286,1,2,25,0
C/C(=N\NC(N)=S)c1[c]ccs1,3,3,1.0,1.0,1.0,1.0,1.0,1.0,3,0,9,0
C/C(=N\NC(N)=S)c1cccs1,1,3,0.0,0.0,0.9090909090909092,1.0,0.8181818181818182,0.8333333333333334,1,2,9,0
c1cc(-c2cc(C3=NCCO3)nc(C3=NCCO3)c2)ccn1,3,4,0.0,0.0,0.9736842105263157,1.0,0.9473684210526315,0.9545454545454546,3,1,18,0
COc1ccc(NC(=O)Nc2ccccc2-c2cccc(-c3cc(-c4ccccc4)cc(-c4ccccn4)n3)n2)cc1,2,3,0.0,0.0,0.9875,1.0,0.975,0.9761904761904762,2,1,39,0
CC(C)(C)NC(=O)Nc1ccccc1-c1cccc(-c2cc(-c3ccccc3)cc(-c3ccccn3)n2)n1,2,3,0.0,0.0,0.9861111111111112,1.0,0.9722222222222222,0.9736842105263158,2,1,35,0
Cc1ccc(NC(=O)Nc2ccccc2-c2cccc(-c3cc(-c4ccccc4)cc(-c4ccccn4)n3)n2)cc1,2,3,0.0,0.0,0.9871794871794872,1.0,0.9743589743589743,0.975609756097561,2,1,38,0
N/C(=N\N=C/C(=O)[O-])c1ccccn1,3,5,0.0,0.0,0.9090909090909092,1.0,0.8181818181818182,0.8571428571428571,3,2,9,0
C[C@@H](/N=C/c1ccccn1)c1ccc2ccccc2c1,2,2,1.0,1.0,1.0,1.0,1.0,1.0,2,0,18,0
O=S(=O)([N-]Cc1ccccn1)c1ccccc1,2,2,1.0,1.0,1.0,1.0,1.0,1.0,2,0,15,0
CN1c2ccccc2[C@]2(c3ccccc31)c1cccnc1-c1ncccc1[C@@]21c2ccccc2N(C)c2ccccc21,2,2,1.0,1.0,1.0,1.0,1.0,1.0,2,0,40,0
Cc1ccc(NC(=O)c2ccnc(-c3cc(C(=O)Nc4ccc(C)cc4)ccn3)c2)cc1,2,2,1.0,1.0,1.0,1.0,1.0,1.0,2,0,30,0
C/C(=N\c1c(C(C)C)cccc1C(C)C)c1c(O[B-](c2c(F)c(F)c(F)c(F)c2F)(c2c(F)c(F)c(F)c(F)c2F)c2c(F)c(F)c(F)c(F)c2F)oc2ccccc2c1=O,2,2,1.0,1.0,1.0,1.0,1.0,1.0,2,0,59,0
[CH2]CCCCC=C,1,1,1.0,1.0,1.0,1.0,1.0,1.0,1,0,6,0
CN(C)/C=C/C=C1/[C]OCC1,1,1,1.0,1.0,1.0,1.0,1.0,1.0,1,0,10,0
C[CH]c1ccc(C(F)(F)F)cc1/C=N/[C@H](C(=O)N(CC)CC)C(C)(C)C,3,3,1.0,1.0,1.0,1.0,1.0,1.0,3,0,23,0
CSC1=C(SC)SC(c2c3nc(c(-c4ccccc4)c4ccc([n-]4)c(C4SC(SC)=C(SC)S4)c4nc(c(-c5ccccc5)c5ccc2[n-]5)C=C4)C=C3)S1,4,4,1.0,1.0,1.0,1.0,1.0,1.0,4,0,50,0
Cc1c([O-])c(=O)ccn1Cc1nc2ccccc2s1,2,3,0.0,0.0,0.9705882352941176,1.0,0.9411764705882353,0.9473684210526315,2,1,16,0
COc1c(CN(Cc2cc(C(C)(C)C)cc(C(C)(C)C)c2[O-])C[C@@H]2CCCO2)cc(C(C)(C)C)cc1C(C)(C)C,3,4,0.0,0.0,0.9864864864864865,1.0,0.972972972972973,0.975,3,1,36,0
c1ccc(COc2c3cccc2Cc2cc(P(c4ccccc4)c4ccccc4)cc(c2OCc2ccccc2)Cc2cccc(c2OCc2ccccc2)Cc2cc(P(c4ccccc4)c4ccccc4)cc(c2OCc2ccccc2)C3)cc1,2,2,1.0,1.0,1.0,1.0,1.0,1.0,2,0,84,0
Cc1cc(C)cc(P(c2cc(C)cc(C)c2)[C@H](CC2=N[C@@H](C(C)C)CO2)c2ccccc2)c1,2,2,1.0,1.0,1.0,1.0,1.0,1.0,2,0,31,0
CCOC(=O)/C(=C\[N-]CC/N=C/C(=C(\[O-])OCC)c1ccccc1)c1ccccc1,4,4,1.0,1.0,1.0,1.0,1.0,1.0,4,0,26,0
O=CC1=C([O-])CC[C@H](c2ccccc2)C1,2,3,0.0,0.0,0.9615384615384616,1.0,0.9230769230769231,0.9333333333333333,2,1,12,0
Cc1cccc(C)c1N/[C]=C(\C(=O)N(C)C)[P+](c1ccccc1)(c1ccccc1)c1ccccc1,1,2,0.0,0.0,0.9852941176470589,1.0,0.9705882352941176,0.9714285714285714,1,1,33,0
C/C([O-])=C(/[C]=N/c1ccccc1)[P+](c1ccccc1)(c1ccccc1)c1ccccc1,2,2,1.0,1.0,1.0,1.0,1.0,1.0,2,0,29,0
Cc1ccccc1C(=O)N(C)c1c(C)cccc1C,6,7,0.0,0.0,0.23076923076923078,0.0,0.46153846153846156,0.3157894736842105,0,7,6,6
Fc1ccccc1P(/C=C(/c1ccccc1)P(c1ccccc1)c1ccccc1)c1ccccc1,2,2,1.0,1.0,1.0,1.0,1.0,1.0,2,0,33,0
O=C(Cc1ccccc1)NCc1ccccn1,2,2,1.0,1.0,1.0,1.0,1.0,1.0,2,0,15,0
Cc1ccnc(-c2cc(C)cc(-c3nnn[n-]3)n2)c1,3,3,1.0,1.0,1.0,1.0,1.0,1.0,3,0,16,0
[CH2]~[CH]~[C](F)F,3,3,1.0,1.0,1.0,1.0,1.0,1.0,3,0,2,0
Cc1nc(NP(C(C)(C)C)C(C)(C)C)[n-]/c(=N\P(C(C)(C)C)C(C)(C)C)n1,3,3,1.0,1.0,1.0,1.0,1.0,1.0,3,0,24,0
CCC(=N)OC(C)C,1,1,1.0,1.0,1.0,1.0,1.0,1.0,1,0,7,0
[C]#[N+]C(C)(C)C(=O)O,1,1,1.0,1.0,1.0,1.0,1.0,1.0,1,0,7,0
[O-][C@@H](Nc1ncccn1)c1ccccn1,3,4,0.0,0.0,0.9583333333333333,1.0,0.9166666666666666,0.9333333333333333,3,1,11,0
CC[S@@+](=O)([O-])c1ccccc1/N=N/c1[c]cc(OC)c2ccccc12,3,3,1.0,1.0,1.0,1.0,1.0,1.0,3,0,22,0
O=C(O)c1nccs1,1,2,0.0,0.0,0.9285714285714286,1.0,0.8571428571428571,0.875,1,1,6,0
CC1=C(C#N)C(c2cccnc2)C(C#N)=C(C)N1,1,1,1.0,1.0,1.0,1.0,1.0,1.0,1,0,17,0
[CH2]CCCCCC=C,1,2,0.0,0.0,0.9285714285714286,1.0,0.8571428571428571,0.875,1,1,6,0
COC(c1ccccc1[O-])(c1nccn1C)c1nccn1C,3,3,1.0,1.0,1.0,1.0,1.0,1.0,3,0,19,0
CC1(C)CO[C@@]2(C)N=C(N3CCCCC3)ON12,1,1,1.0,1.0,1.0,1.0,1.0,1.0,1,0,16,0
Cc1[nH+]cc(CO)c(/C=N\N=C2\Cc3c([nH]c4ccc(Br)cc34)-c3ccccc3[N-]2)c1O,2,2,1.0,1.0,1.0,1.0,1.0,1.0,2,0,30,0
[CH2]~[CH]~[CH]C[Si](C)(C)c1ccccn1,4,4,1.0,1.0,1.0,1.0,1.0,1.0,4,0,9,0
CN1O[C@@H](c2ccccc2)C[C@H]1c1ccccn1,2,3,0.0,0.0,0.96875,1.0,0.9375,0.9444444444444444,2,1,15,0
CCC1=C(CC)c2cc3[n-]c(cc4nc(c5c6[n-]c(cc1n2)[C@](C#N)(CC)[C@@]6(CC)C(=O)C=C5)C(CC)=C4CC)c(CC)c3CC,4,4,1.0,1.0,1.0,1.0,1.0,1.0,4,0,42,0
Oc1ccc(Cl)c2cccnc12,2,2,1.0,1.0,1.0,1.0,1.0,1.0,2,0,10,0
N#Cc1ccc(OCCN(CCOc2ccc(C#N)cc2)CCOc2ccc(C#N)cc2)cc1,3,7,0.0,0.0,0.935483870967742,1.0,0.8709677419354839,0.8823529411764706,3,4,27,0
Cc1cccc(-c2ccccc2)c1,6,11,0.0,0.0,0.6428571428571428,1.0,0.2857142857142857,0.6153846153846154,6,5,2,0
C(=N/c1ccc2c(c1)OCCSCCSCCSCCO2)\c1ccccn1,2,5,0.0,0.0,0.94,1.0,0.88,0.8888888888888888,2,3,22,0
CN(C)c1ccc([N-2])cc1,1,1,1.0,1.0,1.0,1.0,1.0,1.0,1,0,9,0
COc1ccc(OC)c(-c2nc3c4cccnc4c4ncccc4c3[n-]2)c1,2,3,0.0,0.0,0.98,1.0,0.96,0.9629629629629629,2,1,24,0
CS/C([S-])=N/N=C(\C)c1c([O-])cc(C)oc1=O,3,3,1.0,1.0,1.0,1.0,1.0,1.0,3,0,14,0
[NH+]=C(N)NCCN1CCNCCNCCNCC1,5,5,1.0,1.0,1.0,1.0,1.0,1.0,5,0,13,0
NC(=[NH2+])NCCN1CCNCCNCCNCC1,4,4,1.0,1.0,1.0,1.0,1.0,1.0,4,0,14,0
O=[N+]([O-])c1ccc(/C([O-])=N/N=C/c2cc(Br)ccc2[O-])cc1,3,3,1.0,1.0,1.0,1.0,1.0,1.0,3,0,19,0
CC[N-]c1ccccc1/N=N/c1ccccc1/N=C/c1ccccc1[O-],4,5,0.0,0.0,0.9772727272727273,1.0,0.9545454545454546,0.9615384615384616,4,1,21,0
COc1ccccc1N(CCC(=O)[O-])CCC(=O)[O-],4,6,0.0,0.0,0.9333333333333333,1.0,0.8666666666666667,0.8947368421052632,4,2,13,0
Cc1nnnn1CC(=O)NC1CC1,1,1,1.0,1.0,1.0,1.0,1.0,1.0,1,0,12,0
Cc1nnnn1CC(=O)NC1CCCCC1,1,1,1.0,1.0,1.0,1.0,1.0,1.0,1,0,15,0
CN(C)Cc1[c]c(CN(C)C)cc(/C=N/O)c1,3,3,1.0,1.0,1.0,1.0,1.0,1.0,3,0,14,0
COC[C@@H]1CCCN1/N=C/c1ccccc1,6,3,0.0,0.0,0.35,0.0,0.7,0.4375,0,3,7,6
Cc1ccccc1P(Cc1ccccn1)c1ccccc1C,2,2,1.0,1.0,1.0,1.0,1.0,1.0,2,0,20,0
[CH]1CCCC[C@H]1[P+](/C=C(\C=C\C1=CCCCC1)C1=CCCCC1)(C1CCCCC1)C1CCCCC1,5,9,0.0,0.0,0.9333333333333333,1.0,0.8666666666666667,0.8857142857142857,5,4,26,0
Cc1cc(C)c2ccc(Cl)nc2n1,1,2,0.0,0.0,0.9583333333333333,1.0,0.9166666666666666,0.9230769230769231,1,1,11,0
CC[NH+](CC)CCn1nc(-c2ccccc2)cc1-c1ccccc1,1,1,1.0,1.0,1.0,1.0,1.0,1.0,1,0,23,0
CCN(CC)CCn1nc(-c2[c]cccc2)cc1-c1ccccc1,3,3,1.0,1.0,1.0,1.0,1.0,1.0,3,0,21,0
C=Cc1ccc(COc2ccc(/C=N/CC/N=C/c3ccc(OCc4ccc(C=C)cc4)cc3[O-])c([O-])c2)cc1,4,4,1.0,1.0,1.0,1.0,1.0,1.0,4,0,36,0
C=Cc1ccc(COc2ccc(/C=N/CCCN(C)CCC/N=C/c3ccc(OCc4ccc(C=C)cc4)cc3[O-])c([O-])c2)cc1,5,5,1.0,1.0,1.0,1.0,1.0,1.0,5,0,41,0
O=C1C(c2ccccc2)=c2c(c3ccccc3c3ccccc23)=C1c1ccccc1,4,5,0.0,0.0,0.9807692307692308,1.0,0.9615384615384616,0.9666666666666667,4,1,25,0
CCn1c([C@@H](O)P(=S)(CCc2ccccc2)CCc2ccccc2)nc2ccccc21,2,4,0.0,0.0,0.9655172413793103,1.0,0.9310344827586207,0.9354838709677419,2,2,27,0
CCN(CC)/N=C(\[O-])c1ccccc1,2,2,1.0,1.0,1.0,1.0,1.0,1.0,2,0,12,0
O=S(=O)([N-]CCN(CC[N-]S(=O)(=O)c1ccc(C(F)(F)F)cc1)CC[N-]S(=O)(=O)c1ccc(C(F)(F)F)cc1)c1ccc(C(F)(F)F)cc1,4,4,1.0,1.0,1.0,1.0,1.0,1.0,4,0,45,0
Cc1cc(C)c(CN[C@@H](C)c2ccccc2)[c]c1CN[C@@H](C)c1ccccc1,3,3,1.0,1.0,1.0,1.0,1.0,1.0,3,0,25,0
c1ccc(-c2ccccc2P([C@]23C[C@H]4C[C@H](C[C@H](C4)C2)C3)[C@]23C[C@H]4C[C@H](C[C@H](C4)C2)C3)nc1,1,2,0.0,0.0,0.984375,1.0,0.96875,0.9696969696969697,1,1,31,0
c1cc(-c2cc3ccccc3[n-]2)nc(-c2cc3ccccc3[n-]2)c1,3,3,1.0,1.0,1.0,1.0,1.0,1.0,3,0,21,0
[c]1ccccc1OP(c1ccccc1)c1ccccc1,2,2,1.0,1.0,1.0,1.0,1.0,1.0,2,0,18,0
C=CC[N+]12CN3CN(CP(C3)C1)C2,1,1,1.0,1.0,1.0,1.0,1.0,1.0,1,0,12,0
c1ccc(-c2cc(OCCOCCOCCOc3cccc(-c4ccc(-c5ccc(-c6cccc(OCCOCCOCCOc7cc(-c8ccccn8)nc(-c8ccccn8)c7)c6)cn5)nc4)c3)cc(-c3ccccn3)n2)nc1,6,8,0.0,0.0,0.9864864864864865,1.0,0.972972972972973,0.975,6,2,72,0
C=C([O-])N(C)c1ccccc1,1,1,1.0,1.0,1.0,1.0,1.0,1.0,1,0,10,0
CO[P+](=Nc1ccccc1)OC,1,1,1.0,1.0,1.0,1.0,1.0,1.0,1,0,11,0
FC(c1ccccn1)(c1ccccn1)c1ccc2ccc(C(F)(c3ccccn3)c3ccccn3)nc2n1,3,6,0.0,0.0,0.9571428571428571,1.0,0.9142857142857143,0.9210526315789473,3,3,32,0
Cc1ccc(-n2nc(C)c(/C=N/c3ccc(F)c(F)c3)c2[O-])cc1,2,2,1.0,1.0,1.0,1.0,1.0,1.0,2,0,22,0
Cc1ccc(-n2nc(C)c(/C=N/c3ccc(C)cc3C)c2[O-])cc1,2,2,1.0,1.0,1.0,1.0,1.0,1.0,2,0,22,0
O=C([O-])c1ccc([Si](c2ccccc2)(c2ccccc2)c2ccc(C(=O)O)cc2)cc1,1,2,0.0,0.0,0.9833333333333334,1.0,0.9666666666666667,0.967741935483871,1,1,29,0
Cc1cc(C)c(-c2ccnc(-c3[c]cc(F)c(C#N)c3F)c2)c(C)c1,2,2,1.0,1.0,1.0,1.0,1.0,1.0,2,0,23,0
CC(C)(C)C(=N)CP(=O)(c1ccccc1)c1ccccc1,2,2,1.0,1.0,1.0,1.0,1.0,1.0,2,0,19,0
Cc1ccc(N)cc1C,1,1,1.0,1.0,1.0,1.0,1.0,1.0,1,0,8,0
CSc1cc(C)cc(CN(Cc2cccc(C)n2)Cc2nccn2C)c1[O-],4,5,0.0,0.0,0.9782608695652174,1.0,0.9565217391304348,0.9629629629629629,4,1,22,0
Cc1ccc(/C([O-])=N/N=C(\N)c2cnccn2)c[nH+]1,3,3,1.0,1.0,1.0,1.0,1.0,1.0,3,0,16,0
Cc1ccc(C([O-])(/C=[C]/C(C)(C)C)c2ccc(C)cc2)cc1,2,2,1.0,1.0,1.0,1.0,1.0,1.0,2,0,20,0
Cc1ccc(Cn2c(-c3ccc(C)o3)nc3ccccc32)o1,1,1,1.0,1.0,1.0,1.0,1.0,1.0,1,0,21,0
C[C](~[O-2])~[N-](/C=C\NC(C)(C)C)C(C)(C)C,3,1,0.0,0.0,0.6666666666666666,0.3333333333333333,1.0,0.8666666666666667,1,0,12,2
[S-]/C(=N\N=C(c1ccccn1)c1ccccn1)N1CCCCCC1,3,4,0.0,0.0,0.9761904761904762,1.0,0.9523809523809523,0.9583333333333334,3,1,20,0
[O-]c1ccccc1/C=N/CCn1cccn1,3,3,1.0,1.0,1.0,1.0,1.0,1.0,3,0,13,0
O=C(c1cccnc1)c1cnccn1,1,2,0.0,0.0,0.9615384615384616,1.0,0.9230769230769231,0.9285714285714286,1,1,12,0
C/C(=N\N=C(/[O-])CC#N)c1cnccn1,3,3,1.0,1.0,1.0,1.0,1.0,1.0,3,0,12,0
Cc1ccc(/N=N/N2CCCC2)cc1,1,1,1.0,1.0,1.0,1.0,1.0,1.0,1,0,13,0
Cn1ccnc1[C@H](Nc1ccccc1)c1ccccn1,3,3,1.0,1.0,1.0,1.0,1.0,1.0,3,0,17,0
Cc1ccc(N[C@H](c2ccccn2)c2nccn2C)cc1,3,3,1.0,1.0,1.0,1.0,1.0,1.0,3,0,18,0
[S-]CCCO[Si](c1ccccc1)(c1ccccc1)c1ccccc1,1,1,1.0,1.0,1.0,1.0,1.0,1.0,1,0,23,0
[CH]1~[CH][C@@H]2c3ccccc3-c3ccccc3[C@@H]2[CH]~1,3,3,1.0,1.0,1.0,1.0,1.0,1.0,3,0,14,0
Cc1nn(-c2ccccn2)c2ccccc12,2,2,1.0,1.0,1.0,1.0,1.0,1.0,2,0,14,0
COc1ccc(/C=C/c2ccnc(-c3cc(/C=C/c4ccc(OC)cc4)ccn3)c2)cc1,2,10,0.0,0.0,0.8666666666666667,1.0,0.7333333333333333,0.75,2,8,22,0
C=C([BH-](n1c(=S)sc2ccccc21)n1c(=S)sc2ccccc21)c1ccccc1,4,4,1.0,1.0,1.0,1.0,1.0,1.0,4,0,25,0
CCCCCCNC(=O)c1cc(C(=O)NCCCCCC)c(-c2ccccn2)[c]c1-c1ccccn1,3,3,1.0,1.0,1.0,1.0,1.0,1.0,3,0,33,0
O=C1NCCOc2ccc(cc2)OCCOCCOCCOCCOc2ccc(cc2)OCCNC(=O)c2cc1c(-c1ccccn1)[c]c2-c1ccccn1,3,4,0.0,0.0,0.9903846153846154,1.0,0.9807692307692307,0.9818181818181818,3,1,51,0
[CH]Cc1ccccn1,2,2,1.0,1.0,1.0,1.0,1.0,1.0,2,0,6,0
c1cnc2c(c1)CCCC/C2=N\c1c(C2CCCCC2)cccc1C1CCCCC1,2,2,1.0,1.0,1.0,1.0,1.0,1.0,2,0,28,0
C[C](~[CH]~[C](C)~[N-2]Cc1ccccn1)~[N-2]/C=C1/C=CC=C[N-]1,4,4,1.0,1.0,1.0,1.0,1.0,1.0,4,0,17,0
CN(CCN(C)Cc1cn(-c2ccc([N+](=O)[O-])cc2)nn1)Cc1cn(-c2ccc([N+](=O)[O-])cc2)nn1,4,4,1.0,1.0,1.0,1.0,1.0,1.0,4,0,32,0
[O-]C(c1ccccc1[S-])(C(F)(F)F)C(F)(F)F,2,2,1.0,1.0,1.0,1.0,1.0,1.0,2,0,15,0
[c]1ccccc1-c1cccc(C2=N[C@@H](c3ccccc3)CO2)n1,3,3,1.0,1.0,1.0,1.0,1.0,1.0,3,0,20,0
COC(=N)CCN1CCN(CCC#N)CCN(CCC(=N)OC)CC1,5,5,1.0,1.0,1.0,1.0,1.0,1.0,5,0,20,0
O=[N+]([O-])c1ccc2ccccc2c1[O-],2,2,1.0,0.0,0.7083333333333333,0.5,0.9166666666666666,0.8571428571428571,1,1,11,1
C[Si](C)(C)c1ccccc1P(C1CCCCC1)C1CCCCC1,1,1,1.0,1.0,1.0,1.0,1.0,1.0,1,0,22,0
CC1(C)COC(CCC2=NC(C)(C)CO2)=N1,2,2,1.0,1.0,1.0,1.0,1.0,1.0,2,0,14,0
COC(=O)c1cc(-c2cn(-c3ccc(I)cc3)nn2)nc(-c2cn(-c3ccc(I)cc3)nn2)c1,3,3,1.0,1.0,1.0,1.0,1.0,1.0,3,0,31,0
O=C([O-])C1=C(C(=O)[O-])SC(=C2SC3=C(SCCCS3)S2)S1,2,4,0.0,0.0,0.9473684210526316,1.0,0.8947368421052632,0.9047619047619048,2,2,17,0
Cl[Si-](Cl)O[Si](Cl)(Cl)Cl,1,1,1.0,1.0,1.0,1.0,1.0,1.0,1,0,7,0
CN(C)c1ccc2ccccc2c1-c1c(P(C2CCCCC2)C2CCCCC2)ccc2ccccc12,2,1,0.0,0.0,0.75,0.5,1.0,0.9722222222222222,1,0,34,1
c1ccc(P2CCC2)cc1,1,1,1.0,1.0,1.0,1.0,1.0,1.0,1,0,9,0
CC(C)(CN(Cc1ccccn1)Cc1ccccn1)SCc1ccccc1,3,4,0.0,0.0,0.9791666666666667,1.0,0.9583333333333334,0.9629629629629629,3,1,23,0
O=NS[S-],2,1,0.0,0.0,0.75,0.5,1.0,0.75,1,0,2,1
CC1(C)COC(c2cc(-c3ccc4ccc5cccc6ccc3c4c56)cc(C3=NC(C)(C)CO3)n2)=N1,3,3,1.0,1.0,1.0,1.0,1.0,1.0,3,0,33,0
CCCCCCOc1c[c]c(/N=N/c2ccc(OCCCCCC)cc2)cc1,2,2,1.0,1.0,1.0,1.0,1.0,1.0,2,0,26,0
[c]1sc2ccccc2c1/C=N/c1ccccc1,2,2,1.0,1.0,1.0,1.0,1.0,1.0,2,0,15,0
c1cc(-c2ccc(-c3ccc(-c4ccncc4)cn3)nc2)ccn1,2,4,0.0,0.0,0.9545454545454546,1.0,0.9090909090909091,0.9166666666666666,2,2,20,0
Cc1ccc(-c2c3cc4nc-3c(c3ccc([n-]3)c(-c3ccc(C)cc3)c3nc(c(-c5ccccc5)c5ccc([n-]5)c4-c4ccc(C)cc4)C=C3)n3c2C=CC3=O)cc1,4,4,1.0,1.0,1.0,1.0,1.0,1.0,4,0,54,0
[S-]Sc1ncccn1,2,3,0.0,0.0,0.9166666666666667,1.0,0.8333333333333334,0.875,2,1,5,0
CC(C)/N=c1\ccc([N+](=O)[O-])ccc1[N-]C(C)C,2,2,1.0,1.0,1.0,1.0,1.0,1.0,2,0,16,0
CC(C)N(B1P2B(N(C(C)C)C(C)C)P1B2N1C(C)(C)CCCC1(C)C)C(C)C,1,2,0.0,0.0,0.9821428571428572,1.0,0.9642857142857143,0.9655172413793104,1,1,27,0
Cc1csc2ccccc12,1,8,0.0,0.0,0.05555555555555555,0.0,0.1111111111111111,0.1,0,8,1,1
C/C=C/C(=O)c1ccccc1C,6,8,0.0,0.0,0.6666666666666667,0.8333333333333334,0.5,0.6666666666666666,5,3,3,1
O=C(O)c1ccccc1/N=C/c1ccccc1[O-],2,3,0.0,0.0,0.96875,1.0,0.9375,0.9444444444444444,2,1,15,0
Oc1ccccc1/C=N/N(Cc1ccccn1)Cc1ccccn1,3,5,0.0,0.0,0.9523809523809523,1.0,0.9047619047619048,0.9166666666666666,3,2,19,0
CCSCCNCc1ccccc1P(c1ccccc1)c1ccccc1,3,3,1.0,1.0,1.0,1.0,1.0,1.0,3,0,23,0
C1=C/C2=C(\c3ccccc3)[C@@H]3C=C/C(=C(\c4ccccc4)C4=N/C(=C(/c5ccccc5)C5C=C/C(=C(\c6ccccc6)C1=N2)[N-]5)C=C4)[N-]3,4,4,1.0,1.0,1.0,1.0,1.0,1.0,4,0,44,0
C/C(=C1\[C]=C(CP(c2ccccc2)c2ccccc2)C1)c1ccccc1,2,2,1.0,1.0,1.0,1.0,1.0,1.0,2,0,24,0
Cc1ccc([N-]/N=[N+](/C)[O-])cc1,2,2,1.0,1.0,1.0,1.0,1.0,1.0,2,0,10,0
C[CH]c1ccccn1,2,2,1.0,1.0,1.0,1.0,1.0,1.0,2,0,6,0
Cc1ccc(S(=O)(=O)[N-][C@H](c2ccccc2)c2ccccc2-c2ccccn2)cc1,3,2,0.0,0.0,0.8333333333333333,0.6666666666666666,1.0,0.9666666666666667,2,0,27,1
CC(C)O/C([O-])=N\[C@@H](c1ccccc1)c1ccccc1-c1ccccn1,3,3,1.0,1.0,1.0,1.0,1.0,1.0,3,0,23,0
[BH2-]([P+](CP(c1ccccc1)c1ccccc1)(c1ccccc1)c1ccccc1)[P+](CP(c1ccccc1)c1ccccc1)(c1ccccc1)c1ccccc1,2,2,1.0,1.0,1.0,1.0,1.0,1.0,2,0,53,0
CN(CC/N=C/c1cc(Cl)ccc1[O-])Cc1cc([N+](=O)[O-])ccc1[O-],4,4,1.0,1.0,1.0,1.0,1.0,1.0,4,0,21,0
O=[N+]([O-])c1ccc([O-])c(CN(CC[O-])CC/N=C/c2cc(Cl)cc(Cl)c2[O-])c1,5,5,1.0,1.0,1.0,1.0,1.0,1.0,5,0,23,0
N=C/C(=C\c1ccccc1)P(c1ccccc1)c1ccccc1,2,2,1.0,1.0,1.0,1.0,1.0,1.0,2,0,21,0
Cc1ccc([C]NN=C(c2ccccc2)c2ccccc2)cc1,1,1,1.0,1.0,1.0,1.0,1.0,1.0,1,0,22,0
O=C([O-])c1ccccc1Oc1ccccc1,1,2,0.0,0.0,0.9666666666666667,1.0,0.9333333333333333,0.9375,1,1,14,0
C[P+]([CH][C]c1ccccc1C(=N)Cl)(c1ccccc1)c1ccccc1,3,3,1.0,1.0,1.0,1.0,1.0,1.0,3,0,22,0
CCCC1=C(N(C)C)C(=C(C)C)C=C1OCC,6,5,0.0,0.0,0.9166666666666667,0.8333333333333334,1.0,0.9411764705882353,5,0,11,1
O=[N+]([O-])C[C@@]([O-])(/C=C(\[O-])C(F)(F)F)C(F)(F)F,2,2,1.0,1.0,1.0,1.0,1.0,1.0,2,0,15,0
C/C(=N\c1cccc2ccccc12)c1[c]cccc1,2,2,1.0,1.0,1.0,1.0,1.0,1.0,2,0,17,0
O=C(OCn1nnc2ccccc21)c1ccccc1,1,1,1.0,1.0,1.0,1.0,1.0,1.0,1,0,18,0
CNC#CNC,2,2,1.0,1.0,1.0,1.0,1.0,1.0,2,0,4,0
Cc1cc([N-]c2cccc3cccnc23)c2ncc3ccccc3c2c1,3,3,1.0,1.0,1.0,1.0,1.0,1.0,3,0,23,0
Cc1cc([N-]c2cc(C)cc3c2ncc2ccccc23)c2ncc3ccccc3c2c1,3,3,1.0,1.0,1.0,1.0,1.0,1.0,3,0,28,0
CCCc1cn(-c2ccccc2)nn1,1,1,1.0,1.0,1.0,1.0,1.0,1.0,1,0,13,0
C/C=C/C=C/C(=O)N[C@@H]1CCCCNC1=O,4,4,1.0,1.0,1.0,1.0,1.0,1.0,4,0,12,0
C/C([O-])=C(C)/C(C)=N/N=C(\[S-])c1ccccc1,3,3,1.0,1.0,1.0,1.0,1.0,1.0,3,0,14,0
O=NNCC(F)(F)F,1,1,1.0,1.0,1.0,1.0,1.0,1.0,1,0,7,0
COCCP(=O)(CCOC)CCP(=O)(CCOC)CCOC,2,2,1.0,1.0,1.0,1.0,1.0,1.0,2,0,20,0
c1cncc(-c2nc(-c3nnc[nH]3)n[nH]2)c1,1,3,0.0,0.0,0.9333333333333333,1.0,0.8666666666666667,0.875,1,2,13,0
COc1pc(C(C)(C)C)c(O)c(C)c1C,6,6,1.0,1.0,1.0,1.0,1.0,1.0,6,0,9,0
ClC[C]1[CH][CH][CH][CH]1,5,5,1.0,1.0,1.0,1.0,1.0,1.0,5,0,2,0
[CH]=P(=C([Si](C)(C)C)[Si](C)(C)C)c1c(C(C)(C)C)cc(C(C)(C)C)cc1C(C)(C)C,1,2,0.0,0.0,0.9821428571428572,1.0,0.9642857142857143,0.9655172413793104,1,1,27,0
CCC1(CC)CNC2=[N+][C@@H](O[C@@H]3[N+]=C4NCC(CC)(CC)CN4CC3(CC)CC)C(CC)(CC)CN2C1,2,2,1.0,1.0,1.0,1.0,1.0,1.0,2,0,35,0
CCN(CC)[C@]1([C]=O)CCC[C@H]1[CH]~[CH]~[C]1CCCC1,4,5,0.0,0.0,0.9666666666666667,1.0,0.9333333333333333,0.9473684210526315,4,1,14,0
CC(C)(C)c1ccc(CN2CCN(Cc3ccc(C(C)(C)C)cc3N)CC2)c(N)c1,4,4,1.0,1.0,1.0,1.0,1.0,1.0,4,0,26,0
Nc1n[nH]c(=S)s1,1,1,1.0,1.0,1.0,1.0,1.0,1.0,1,0,6,0
COc1ccc[c]c1C(C)=O,2,2,1.0,1.0,1.0,1.0,1.0,1.0,2,0,9,0
COc1ccccc1[N-]P1N(C(C)(C)C)P([N-]c2ccccc2OC)N1C(C)(C)C,5,4,0.0,0.0,0.9,0.8,1.0,0.9666666666666667,4,0,25,1
CCCCCCCCCCCC[N+](C)(C)Cc1ccc(-c2ccc(C[N+](C)(C)CCCCCCCCCCCC)cn2)nc1,2,2,1.0,1.0,1.0,1.0,1.0,1.0,2,0,42,0
CCOC(=O)/C=C\c1cccc(C)c1P(C(C)C)C(C)C,3,3,1.0,1.0,1.0,1.0,1.0,1.0,3,0,18,0
CC(C)(C)P[BH2-]PC(C)(C)C,2,2,1.0,1.0,1.0,1.0,1.0,1.0,2,0,9,0
C[C](~[O-2])~[CH]~[C](C)~[N-2]c1cccc2ccccc12,2,2,1.0,1.0,1.0,1.0,1.0,1.0,2,0,15,0
CC(C)(C)c1ccc(N(c2[c]c(-c3nccc4ccccc34)ccc2)c2[c]c(-c3nccc4ccccc34)ccc2)cc1,4,4,1.0,1.0,1.0,1.0,1.0,1.0,4,0,39,0
CC(C)P(c1ccccc1[C@@H](C)P(c1ccccc1)c1ccccc1)C(C)C,6,5,0.0,0.0,0.7045454545454546,0.5,0.9090909090909091,0.8214285714285714,3,2,20,3
c1ccc(N2[N-]c3ccccc3[P+]2(c2ccccc2)c2ccccc2)cc1,1,1,1.0,1.0,1.0,1.0,1.0,1.0,1,0,26,0
Cc1ccc(C(C)C)cc1O,6,6,1.0,1.0,1.0,1.0,1.0,1.0,6,0,5,0
Cc1cc(C(c2ccccc2)c2ccccc2)c(/N=C/c2ccc3cccc([O-])c3n2)c(C(c2ccccc2)c2ccccc2)c1,3,3,1.0,1.0,1.0,1.0,1.0,1.0,3,0,43,0
C/C(=N\c1c(C)cc(C)cc1C(c1ccccc1)c1ccccc1)c1ccc2cccc([O-])c2n1,3,3,1.0,1.0,1.0,1.0,1.0,1.0,3,0,32,0
CN(C)c1ccc(/C=C/c2ccncc2)cc1,1,5,0.0,0.0,0.875,1.0,0.75,0.7647058823529411,1,4,12,0
O=C([O-])c1cc(Oc2ccc(C(=O)O)cc2[N+](=O)[O-])cc(C(=O)[O-])c1,2,4,0.0,0.0,0.9565217391304348,1.0,0.9130434782608695,0.92,2,2,21,0
CN(C)Cc1cccc(CO)n1,1,3,0.0,0.0,0.9090909090909092,1.0,0.8181818181818182,0.8333333333333334,1,2,9,0
OCc1ccc(C/N=C/c2cccc(/C=N/Cc3ccc(CO)cc3)n2)cc1,3,3,1.0,1.0,1.0,1.0,1.0,1.0,3,0,25,0
C[C@H](c1[c]cc([Si](C)(C)CCC(F)(F)C(F)(F)C(F)(F)C(F)(F)C(F)(F)C(F)(F)F)cc1)N(C)C,2,2,1.0,1.0,1.0,1.0,1.0,1.0,2,0,33,0
CN1C(=O)[C](~[CH]~[N-2]CC[N-2]~[CH]~[C]2C(=O)N(C)C(C)(C)[C]~2~[O-2])~[C](~[O-2])C1(C)C,4,4,1.0,1.0,1.0,1.0,1.0,1.0,4,0,22,0
Cc1ccc(-c2[c]cc([N+](=O)[O-])cc2)nc1,2,2,1.0,1.0,1.0,1.0,1.0,1.0,2,0,14,0
CCCOc1c2cccc1Cc1cc(/C([O-])=C/P(c3ccccc3)c3ccccc3)cc(c1OCCC)Cc1cccc(c1OCCC)Cc1cc(C(=O)CP(c3ccccc3)c3ccccc3)cc(c1OCCC)C2,3,6,0.0,0.0,0.9794520547945205,1.0,0.958904109589041,0.9605263157894737,3,3,70,0
F[C](F)C(F)(F)I,1,1,1.0,1.0,1.0,1.0,1.0,1.0,1,0,6,0
O=[P@]([O-])(O)CN1CCCNCCN(C[P+](=O)(=O)[O-])CCCNCC1,6,6,1.0,1.0,1.0,1.0,1.0,1.0,6,0,18,0
CC(=O)c1ccc([O-])cc1,1,1,1.0,1.0,1.0,1.0,1.0,1.0,1,0,9,0
CCN(CC)C(=S)[S@@](=O)[O-],2,2,1.0,1.0,1.0,1.0,1.0,1.0,2,0,8,0
CC(C)(C)[C]~[P-3]~[C][C@]12C[C@H]3C[C@H](C[C@H](C3)C1)C2,2,2,1.0,1.0,1.0,1.0,1.0,1.0,2,0,15,0
CC1(C)CSCCSCC(C)(C)CSCC(C)(C)CSC1,4,4,1.0,1.0,1.0,1.0,1.0,1.0,4,0,17,0
CC(C)(C)[Si](C)([Si-2][Si](C)(C(C)(C)C)C(C)(C)C)C(C)(C)C,1,1,1.0,1.0,1.0,1.0,1.0,1.0,1,0,20,0
Cn1ccnc1C(O)O,2,3,0.0,0.0,0.9285714285714286,1.0,0.8571428571428571,0.8888888888888888,2,1,6,0
CC1=C(C)c2nc1ccc1[n-]c(c3nc(ccc4[n-]c2c(C)c4C)C(C)=C3C)c(C)c1C,4,4,1.0,1.0,1.0,1.0,1.0,1.0,4,0,28,0
C=C1C=C(C)N(c2c(C(C)C)cccc2C(C)C)[SiH-]N1c1c(C(C)C)cccc1C(C)C,1,1,1.0,1.0,1.0,1.0,1.0,1.0,1,0,31,0
CC(C)P(c1ccccc1-c1ccccc1/C(=[C]/c1ccccc1)C(=O)c1ccccc1)C(C)C,4,4,1.0,0.0,0.8588709677419355,0.75,0.967741935483871,0.9428571428571428,3,1,30,1
Fc1c(F)c(F)c(/C2=c3\cc/c([n-]3)=C(\c3c(F)c(F)c(F)c(F)c3F)c3[c]c([nH]c3)/C(c3c(F)c(F)c(F)c(F)c3F)=c3/cc/c([n-]3)=C3\C=CC2=N3)c(F)c1F,4,4,1.0,1.0,1.0,1.0,1.0,1.0,4,0,52,0
Fc1c(F)c(F)c(/C2=C3\C=CC(=N3)/C(c3c(F)c(F)c(F)c(F)c3F)=c3/cc/c([n-]3)=C(\c3c(F)c(F)c(F)c(F)c3F)c3[c]c([nH]c3)-c3ccc2[n-]3)c(F)c1F,4,4,1.0,1.0,1.0,1.0,1.0,1.0,4,0,52,0
C[C@@H](c1[c]cccc1)c1ccccn1,2,2,1.0,1.0,1.0,1.0,1.0,1.0,2,0,12,0
N#Cc1ccc[n-]1,1,1,1.0,1.0,1.0,1.0,1.0,1.0,1,0,6,0
[O-]/C(=C\C(=N\CC/N=C(/C=C(\[O-])C(F)(F)F)c1ccc(-c2cccs2)cc1)c1ccc(-c2cccs2)cc1)C(F)(F)F,4,4,1.0,1.0,1.0,1.0,1.0,1.0,4,0,38,0
CC(C)N(P(Oc1ccc(C(C)(C)C)cc1)Oc1ccc(C(C)(C)C)cc1)p1oc2ccc3ccccc3c2c2c(ccc3ccccc32)o1,2,2,1.0,1.0,1.0,1.0,1.0,1.0,2,0,48,0
COC(=O)/[C]=C(\C(=O)OC)c1c(C)cccc1C,1,1,1.0,1.0,1.0,1.0,1.0,1.0,1,0,17,0
c1ccc2c(CN3CCCNCCNCCCNCC3)c3ccccc3cc2c1,4,4,1.0,1.0,1.0,1.0,1.0,1.0,4,0,25,0
CN(C)CCN(CCN(C)C)Cc1nccn1C,4,4,1.0,1.0,1.0,1.0,1.0,1.0,4,0,14,0
COC(=O)/C([C]=O)=C(/P=C(N(C)C)N(C)C)C(=O)OC,2,2,1.0,1.0,1.0,1.0,1.0,1.0,2,0,18,0
O=C(Nc1ccccc1)c1cc2ccccc2c(/N=N/c2cc(Cl)ccc2[O-])c1[O-],3,3,1.0,1.0,1.0,1.0,1.0,1.0,3,0,27,0
O=C1Nc2ccccc2/C1=N/N/C([S-])=N/N=C/c1ccccc1[O-],3,4,0.0,0.0,0.9761904761904762,1.0,0.9523809523809523,0.9583333333333334,3,1,20,0
[CH2][C@H](OC(=O)C(F)(F)F)C(C)C,1,1,1.0,1.0,1.0,1.0,1.0,1.0,1,0,11,0
CCC[CH][C@@H](C)OC,1,1,1.0,1.0,1.0,1.0,1.0,1.0,1,0,7,0
[CH2][C@H](CCCC)OC,1,1,1.0,1.0,1.0,1.0,1.0,1.0,1,0,7,0
COC(=O)C#CC(/C=C/C(=O)OC)=C/C(=O)OC,2,6,0.0,0.0,0.875,1.0,0.75,0.7777777777777778,2,4,12,0
COc1ccc(/C=C/c2ccc([O-])c(/C=N/CCC/N=C/c3cc(/C=C/c4ccc(OC)cc4)ccc3[O-])c2)cc1,4,12,0.0,0.0,0.8918918918918919,1.0,0.7837837837837838,0.8048780487804879,4,8,29,0
Cc1ccc(-n2c(-c3ccc(F)cc3)nnc2-c2ccccn2)cc1,2,2,1.0,1.0,1.0,1.0,1.0,1.0,2,0,23,0
FC(F)c1cccc(-c2ccccn2)n1,2,2,1.0,1.0,1.0,1.0,1.0,1.0,2,0,13,0
CC(C)c1cccc(C(C)C)c1[N-][Si](C)(C)O[C@@H](C)c1ccccc1,2,4,0.0,0.0,0.6847826086956521,0.5,0.8695652173913043,0.84,1,3,20,1
Cc1ccc(/[C]=C/[N-]B2N(c3c(C(C)C)cccc3C(C)C)C=CN2c2c(C(C)C)cccc2C(C)C)cc1,2,2,1.0,1.0,1.0,1.0,1.0,1.0,2,0,37,0
CC(C)c1cccc(C(C)C)c1N1C=CN(c2c(C(C)C)cccc2C(C)C)B1[N-]/C=C(/c1c(F)c(F)c(F)c(F)c1F)c1c(F)c(F)c(F)c(F)c1[N-]CCN(C)CC[N-]c1c(F)c(F)c(F)c(F)c1F,4,4,1.0,1.0,1.0,1.0,1.0,1.0,4,0,68,0
Cc1ccc(/C(=C/[N-]B2N(c3c(C(C)C)cccc3C(C)C)C=CN2c2c(C(C)C)cccc2C(C)C)c2c(F)c(F)c(F)c(F)c2[N-]CCN(C)CC[N-]c2c(F)c(F)c(F)c(F)c2F)cc1,4,4,1.0,1.0,1.0,1.0,1.0,1.0,4,0,64,0
c1ccc(-c2cc(-c3ccccc3)cc(-c3ccc4ccc5ccc(-c6cc(-c7ccccc7)cc(-c7ccccc7)c6)nc5c4n3)c2)cc1,2,2,1.0,1.0,1.0,1.0,1.0,1.0,2,0,48,0
Cc1noc(C[C@H](c2ccc(Cl)cc2)P(c2ccccc2)c2ccccc2)c1[N+](=O)[O-],1,1,1.0,1.0,1.0,1.0,1.0,1.0,1,0,30,0
N[C@@H](CO[P@](=O)([O-])O)C(=O)[O-],2,3,0.0,0.0,0.9444444444444444,1.0,0.8888888888888888,0.9090909090909091,2,1,8,0
CN1CCCN(Cc2c3ccccc3cc3ccccc23)CC1,2,2,1.0,1.0,1.0,1.0,1.0,1.0,2,0,21,0
Sc1ncccn1,1,3,0.0,0.0,0.8333333333333333,1.0,0.6666666666666666,0.7142857142857143,1,2,4,0
CC(=O)OC[C@H]1O[C@@H](SCCN(Cc2ccccn2)Cc2ccccn2)[C@H](OC(C)=O)[C@@H](OC(C)=O)[C@@H]1OC(C)=O,4,4,1.0,1.0,1.0,1.0,1.0,1.0,4,0,37,0
CSCC(=O)N(C)Cc1ccccn1,2,4,0.0,0.0,0.9166666666666667,1.0,0.8333333333333334,0.8571428571428571,2,2,10,0
CCN/C=C1/C=CC=N1,1,1,1.0,1.0,1.0,1.0,1.0,1.0,1,0,8,0
CCc1ccc[c][nH+]1,1,1,1.0,1.0,1.0,1.0,1.0,1.0,1,0,7,0
c1ccc(-n2cc(-c3cccc(NP(c4ccccc4)c4ccccc4)n3)nn2)cc1,3,3,1.0,1.0,1.0,1.0,1.0,1.0,3,0,28,0
Cn1ccc(=Nc2ccccc2Nc2cccc3cccnc23)cc1,3,3,1.0,1.0,1.0,1.0,1.0,1.0,3,0,22,0
OC(c1cccc(-c2ccccn2)n1)c1cccc(-c2ccccn2)n1,4,4,1.0,1.0,1.0,1.0,1.0,1.0,4,0,22,0
CCO[C]1C(=O)[C](N(Cc2ccccc2)Cc2ccccc2)~[C](C)~[C](C)~[C]~1C(=O)OCC,5,5,1.0,1.0,1.0,1.0,1.0,1.0,5,0,27,0
CC(C)(C)P(Cc1cc(-c2cc(C(F)(F)F)cc(C(F)(F)F)c2)cc(CP(C(C)(C)C)C(C)(C)C)n1)C(C)(C)C,3,3,1.0,1.0,1.0,1.0,1.0,1.0,3,0,37,0
C[C@H]1C=C2C=Cc3ccc4ccc5ccc1c1c5c4c3[C@@]21C,6,1,0.0,0.0,0.46875,0.0,0.9375,0.6818181818181818,0,1,15,6
Cc1cc(/C=N/N(C)P(=S)(N(C)/N=C/c2cc(C)[nH]n2)N(C)/N=C/c2cc(C)[nH]n2)n[nH]1,6,7,0.0,0.0,0.9807692307692308,1.0,0.9615384615384616,0.96875,6,1,25,0
CC1(C)[C@H]2Cc3nc(-c4ccccc4)ccc3[C@@H]1C2,1,1,1.0,1.0,1.0,1.0,1.0,1.0,1,0,18,0
COc1ccc([O-])c(/C=N/CCNCCO)c1,3,4,0.0,0.0,0.9642857142857143,1.0,0.9285714285714286,0.9411764705882353,3,1,13,0
C=Cc1cccc(OC)c1[O-],3,4,0.0,0.0,0.9375,1.0,0.875,0.9090909090909091,3,1,7,0
O=[N+]([O-])c1ccc(CN2CCOc3ccccc3N(Cc3ccc([N+](=O)[O-])cc3)Cc3cccc(n3)CN(Cc3ccc([N+](=O)[O-])cc3)c3ccccc3OCC2)cc1,5,6,0.0,0.0,0.9907407407407407,1.0,0.9814814814814815,0.9830508474576272,5,1,53,0
CN(C)c1ccnc(CN2CCc3ccccc3[C@H]2[C@@H]2c3ccccc3CCN2Cc2cc(N(C)C)ccn2)c1,4,4,1.0,1.0,1.0,1.0,1.0,1.0,4,0,36,0
Cc1ccc(S(=O)(=O)Oc2c(OS(=O)(=O)c3ccc(C)cc3)c3cccnc3c3ncccc23)cc1,2,2,1.0,1.0,1.0,1.0,1.0,1.0,2,0,34,0
CN([O-])C(=N)c1ccc(C(F)(F)F)cc1,2,2,1.0,1.0,1.0,1.0,1.0,1.0,2,0,13,0
C[N-2]~[C](~[N-3]~[C]~[NH-]C1CCCCC1)c1ccc(C(F)(F)F)cc1,2,2,1.0,1.0,1.0,1.0,1.0,1.0,2,0,20,0
Cn1cc[n+](CCO)c1,1,1,1.0,1.0,1.0,1.0,1.0,1.0,1,0,8,0
CN(N)C(=N)N=C(N)N,2,4,0.0,0.0,0.8571428571428572,1.0,0.7142857142857143,0.7777777777777778,2,2,5,0
CC(C)c1cccc(C(C)C)c1/N=C/c1ccccc1[N-]S(=O)(=O)c1ccc([N+](=O)[O-])cc1,2,2,1.0,1.0,1.0,1.0,1.0,1.0,2,0,31,0
C[Si](C)([CH][Si](C)(C)c1ccccc1)c1ccccc1,1,1,1.0,1.0,1.0,1.0,1.0,1.0,1,0,18,0
O=C([O-])CN1CCCN2CCN(CCCN(CC(=O)Nc3ccc(C(F)(F)F)cc3)CC2)CC1,6,7,0.0,0.0,0.9821428571428572,1.0,0.9642857142857143,0.9705882352941176,6,1,27,0
CN(C)c1ccccc1P(c1ccccc1)[C@@H]1CN(C(=O)OC(C)(C)C)C[C@H]1P(c1ccccc1)c1ccccc1N(C)C,2,4,0.0,0.0,0.9761904761904762,1.0,0.9523809523809523,0.9545454545454546,2,2,40,0
O=C1C(c2cccc3ccccc23)=C(c2cccc3ccccc23)C(c2cccc3ccccc23)=C1c1cccc2ccccc12,4,5,0.0,0.0,0.9880952380952381,1.0,0.9761904761904762,0.9782608695652174,4,1,41,0
C[C]1~[CH]~[CH]~[C](C)~[C]2C(C)=CC(C)=CC(C)=C2[C]~1C,6,6,1.0,1.0,1.0,1.0,1.0,1.0,6,0,12,0
[O-]c1ccccc1-c1ccn(Cc2ccccc2Cn2ccc(-c3ccccc3[O-])n2)n1,4,4,1.0,1.0,1.0,1.0,1.0,1.0,4,0,28,0
CN(C)/N=C(\c1ccccc1)c1ccccn1,2,2,1.0,1.0,1.0,1.0,1.0,1.0,2,0,15,0
[CH2]/C(=C(/C)[O-])c1ccccc1,4,4,1.0,1.0,1.0,1.0,1.0,1.0,4,0,7,0
NC(=S)N/N=C(C(=N/NC(N)=S)/c1ccccc1)\c1ccccc1,4,4,1.0,1.0,1.0,1.0,1.0,1.0,4,0,20,0
[CH2]~[C](C#CC(OCOC)(c1ccccc1)c1ccccc1)~[C](C)P(=O)(c1ccccc1)c1ccccc1,3,4,0.0,0.0,0.9852941176470589,1.0,0.9705882352941176,0.972972972972973,3,1,33,0
C=[C]C(=[N-])C(C)(C)C,2,2,1.0,1.0,1.0,1.0,1.0,1.0,2,0,6,0
CC(C)[P+]([CH]~[C](~[O-2])c1ccccc1)(C(C)C)C(C)C,3,3,1.0,1.0,1.0,1.0,1.0,1.0,3,0,16,0
CC(C)([O-])CN1CCC[C@H]1C([O-])(c1ccccc1)c1ccccc1,3,3,1.0,1.0,1.0,1.0,1.0,1.0,3,0,21,0
[O-]C(CN1CCC[C@H]1C([O-])(c1ccccc1)c1ccccc1)(c1ccccc1)c1ccccc1,3,3,1.0,1.0,1.0,1.0,1.0,1.0,3,0,31,0
Cn1cccc1CN(Cc1ccncc1)[C](~[S-2])~[S-2],2,3,0.0,0.0,0.96875,1.0,0.9375,0.9444444444444444,2,1,15,0
C/[C]=C(\C)CC(=[N-])c1c(C)cc(C)cc1C,2,2,1.0,1.0,1.0,1.0,1.0,1.0,2,0,14,0
Cc1nc[n-]c1/C=N/CCN(CC/N=C/c1nc[nH]c1C)CC/N=C/c1nc[nH]c1C,6,6,1.0,1.0,1.0,1.0,1.0,1.0,6,0,25,0
NCCNC[C@]1(N)OC[C@@H](O)[C@@H](O)[C@@H]1[O-],4,4,1.0,1.0,1.0,1.0,1.0,1.0,4,0,11,0
NCCNC[C@@]1(N)O[C@H](CO)[C@@H](O)[C@@H]1O,4,3,0.0,0.0,0.875,0.75,1.0,0.9333333333333333,3,0,11,1
NCCNC[C@@]1(N)O[C@H](CO)[C@@H](O)[C@@H]1[O-],4,4,1.0,1.0,1.0,1.0,1.0,1.0,4,0,11,0
NCCNC[C@@]1(N)OC[C@@H](O)[C@@H](O)[C@@H]1O,4,4,1.0,1.0,1.0,1.0,1.0,1.0,4,0,11,0
O=C1[N-]Cc2ccc(cc2)COCCOCCOCc2ccc(cc2)C[N-]C(=O)c2cccc1n2,3,4,0.0,0.0,0.984375,1.0,0.96875,0.9714285714285714,3,1,31,0
Cc1cc(C)c(/N=C/c2cc(C(C)(C)C)cc(/C=N/c3c(C)cc(C)cc3C)c2[O-])c(C)c1,2,3,0.0,0.0,0.9838709677419355,1.0,0.967741935483871,0.9696969696969697,2,1,30,0
COc1ccc(C2=NCCO2)cc1,1,1,1.0,1.0,1.0,1.0,1.0,1.0,1,0,12,0
CC(C)(C/N=C/c1ccc(N(c2ccccc2)c2ccccc2)cc1[O-])C/N=C/c1ccc(N(c2ccccc2)c2ccccc2)cc1[O-],4,4,1.0,1.0,1.0,1.0,1.0,1.0,4,0,45,0
S=P(CP(=NCCN=P(CP(=S)(c1ccccc1)c1ccccc1)(c1ccccc1)c1ccccc1)(c1ccccc1)c1ccccc1)(c1ccccc1)c1ccccc1,2,4,0.0,0.0,0.9827586206896552,1.0,0.9655172413793104,0.9666666666666667,2,2,56,0
COc1nc(C[C]=O)c(C)c(O[Si](C)(C)C(C)(C)C)c1C,2,2,1.0,1.0,1.0,1.0,1.0,1.0,2,0,19,0
COC(=O)C[C@@H](CP(c1ccccc1)c1ccccc1)P(c1ccccc1)c1ccccc1,2,2,1.0,1.0,1.0,1.0,1.0,1.0,2,0,31,0
CSCC[S@@](C)=O,2,2,1.0,1.0,1.0,1.0,1.0,1.0,2,0,5,0
CC1(C)[N-]C(=O)N(c2ccccc2)C(=O)[N-]C(C)(C)C(=O)[N-]c2ccccc2[N-]C1=O,4,4,1.0,1.0,1.0,1.0,1.0,1.0,4,0,27,0
NCCN(CC/N=C\c1cccs1)CC/N=C\c1cccs1,4,4,1.0,1.0,1.0,1.0,1.0,1.0,4,0,18,0
CCCCc1ccc([O-])c(/C=N/CC/N=C/c2cc(CCCC)ccc2[O-])c1,4,4,1.0,1.0,1.0,1.0,1.0,1.0,4,0,24,0
CCP(CC)(CC)=N[Si](C)(C)C,1,1,1.0,1.0,1.0,1.0,1.0,1.0,1,0,11,0
c1ccc2c(c1)CSCCSCCSCc1ccccc1OCCCO2,2,3,0.0,0.0,0.9791666666666667,1.0,0.9583333333333334,0.9615384615384616,2,1,23,0
Cc1cc(C)c([O-])c(CN(C)CCN(C)C)c1,3,3,1.0,1.0,1.0,1.0,1.0,1.0,3,0,14,0
CN1CCN(C)CC(C)(N2C[C@@]3(c4ccccc4)CN(Cc4ccccn4)C[C@@](c4ccccc4)(C2)C3=O)C1,5,5,1.0,1.0,1.0,1.0,1.0,1.0,5,0,34,0
CN1CCN(C)CC(C)(N2C[C@]3(c4ccccc4)CN(C4(C)CN(C)CCN(C)C4)C[C@](c4ccccc4)(C2)C3=O)C1,6,6,1.0,1.0,1.0,1.0,1.0,1.0,6,0,36,0
COC(=O)/C=C(\C(=O)OC)c1c[n-]c2ccccc12,1,1,1.0,1.0,1.0,1.0,1.0,1.0,1,0,18,0
c1ccc2c(c1)CSc1ccccc1CNCCCNCc1ccccc1SC2,4,4,1.0,1.0,1.0,1.0,1.0,1.0,4,0,25,0
c1ccc(P2(c3ccccc3)=NP(n3cccn3)(n3cccn3)=NP(n3cccn3)(n3cccn3)=N2)cc1,3,6,0.0,0.0,0.9571428571428571,1.0,0.9142857142857143,0.9210526315789473,3,3,32,0
FC(F)(F)C(F)(F)C(F)(F)CCOc1ccnc(CN2CCC[C@H]2[C@@H]2CCCN2Cc2cc(OCCC(F)(F)C(F)(F)C(F)(F)F)ccn2)c1,4,4,1.0,1.0,1.0,1.0,1.0,1.0,4,0,46,0
[C](=N/CCCP(c1ccccc1)c1ccccc1)\P(c1ccccc1)c1ccccc1,2,3,0.0,0.0,0.9827586206896552,1.0,0.9655172413793104,0.967741935483871,2,1,28,0
CC1=C(C)C[C@@](C(F)(F)F)([C@]2(C(F)(F)F)CC(C)=C(C)CS2)SC1,2,5,0.0,0.0,0.9318181818181819,1.0,0.8636363636363636,0.875,2,3,19,0
c1ccc2c(c1)[C@H]1C=C[C@@H]2C=C1,4,7,0.0,0.0,0.8125,1.0,0.625,0.75,4,3,5,0
C/N=C(\[S-])N1[C]N(/C([S-])=N/C)CCC1,3,3,1.0,1.0,1.0,1.0,1.0,1.0,3,0,11,0
CCO[C](~[O-2])~[CH]~[C](C)~[N-2]C,2,2,1.0,1.0,1.0,1.0,1.0,1.0,2,0,8,0
O=C1C2=N/C(=C(/c3ccccc3)c3ccc([n-]3)C(=O)C3=N/C(=C(/c4ccccc4)c4ccc1[n-]4)C=C3)C=C2,4,4,1.0,1.0,1.0,1.0,1.0,1.0,4,0,34,0
[C](~[N-]=C(n1ccnc1)n1ccnc1)~[N-]1CCCC1,1,3,0.0,0.0,0.9411764705882353,1.0,0.8823529411764706,0.8888888888888888,1,2,15,0
[O-]c1c(O)cccc1/C=N/[C@@H]1CCCC[C@H]1/N=C/c1cccc(O)c1[O-],4,4,1.0,1.0,1.0,1.0,1.0,1.0,4,0,22,0
CC(C)C1=CC=C2[N-]CCCCC/N=C3\C=CC(C(C)C)=CC=C3[N-]CCCCC/N=C/2C=C1,4,4,1.0,1.0,1.0,1.0,1.0,1.0,4,0,30,0
CCCCCCC/C([O-])=N/N=C(\C)c1cccc(/C(C)=N/N=C(\[O-])CCCCCCC)n1,5,5,1.0,1.0,1.0,1.0,1.0,1.0,5,0,27,0
NC(=O)CCNCC(=O)[O-],3,4,0.0,0.0,0.9285714285714286,1.0,0.8571428571428571,0.9,3,1,6,0
O=Cc1ccnc(-c2[c]cc(F)cc2F)c1,2,2,1.0,1.0,1.0,1.0,1.0,1.0,2,0,14,0
CC(C)c1cccc(C(C)C)c1N(P(c1ccccc1)c1ccccc1)P(c1ccccc1)c1ccccc1,1,2,0.0,0.0,0.986842105263158,1.0,0.9736842105263158,0.9743589743589743,1,1,37,0
COC(=O)/[C]=C(\C(=O)OC)c1cc2ccccc2cc1C(F)(F)[C](F)F,2,2,1.0,1.0,1.0,1.0,1.0,1.0,2,0,24,0
Cc1ccc(C(=O)Oc2[c]ccc(C)c2)cc1,2,2,1.0,0.0,0.7166666666666667,0.5,0.9333333333333333,0.8823529411764706,1,1,14,1
[S-]c1cccc([S-])n1,3,3,1.0,1.0,1.0,1.0,1.0,1.0,3,0,5,0
CC#[N+][Si-](Sc1ccc(C)cc1)Sc1ccc(C)cc1,1,1,1.0,1.0,1.0,1.0,1.0,1.0,1,0,19,0
N#Cc1cc2nc(c1)CNCCNCCNC2,4,4,1.0,1.0,1.0,1.0,1.0,1.0,4,0,13,0
c1cn2c(n1)-c1nccn1CCC2,2,2,1.0,1.0,1.0,1.0,1.0,1.0,2,0,11,0
CN(C)c1ccc(C(=C=CP(c2ccccc2)c2ccccc2)c2ccc(N(C)C)cc2)cc1,1,1,1.0,1.0,1.0,1.0,1.0,1.0,1,0,33,0
CC(C)(C)P(CCC#N)C(C)(C)C,1,1,1.0,1.0,1.0,1.0,1.0,1.0,1,0,12,0
N#CC(=C([S-])[S-])c1ccccc1C#N,2,2,1.0,1.0,1.0,1.0,1.0,1.0,2,0,12,0
CN/C([S-])=N/N=C/c1coc2cc(O)ccc2c1=O,3,3,1.0,1.0,1.0,1.0,1.0,1.0,3,0,16,0
CCN/C([S-])=N/N=C/c1coc2cc(O)ccc2c1=O,3,3,1.0,1.0,1.0,1.0,1.0,1.0,3,0,17,0
CN1[C]CC[C@H]1CO,1,1,1.0,1.0,1.0,1.0,1.0,1.0,1,0,7,0
Cc1ccc([C](~[O-2])~[CH]~[C](~[O-2])c2ccccc2)cc1,2,2,1.0,1.0,1.0,1.0,1.0,1.0,2,0,16,0
COc1ccc(/N=C/C=[C]/c2ccccc2)cc1,2,2,1.0,1.0,1.0,1.0,1.0,1.0,2,0,16,0
COc1ccc(/[C]=C/C=N/c2ccccc2)cc1,2,2,1.0,1.0,1.0,1.0,1.0,1.0,2,0,16,0
COc1ccc(/[C]=C/C=N/c2ccc(OC)cc2)cc1,2,2,1.0,1.0,1.0,1.0,1.0,1.0,2,0,18,0
C1CCC(P(OC[C@@H]2CCCN2P(C2CCCCC2)C2CCCCC2)C2CCCCC2)CC1,2,2,1.0,1.0,1.0,1.0,1.0,1.0,2,0,31,0
[N-2]/N=N/c1ccccc1,1,1,1.0,1.0,1.0,1.0,1.0,1.0,1,0,8,0
O=C([O-])[C@@H]1C[C@@H](O)CN1CN1C[C@H](O)C[C@H]1C(=O)[O-],4,6,0.0,0.0,0.9333333333333333,1.0,0.8666666666666667,0.8947368421052632,4,2,13,0
[O-][C]([S-])[C](~[CH]~[CH]c1ccccc1)/C=C/c1ccccc1,4,4,1.0,1.0,1.0,1.0,1.0,1.0,4,0,16,0
C[C@H](c1ccccc1)[C@H](/N=C(\c1ccccc1)c1ccccc1[N-]C(=O)[C@@H]1CCCN1Cc1ccccc1)C(=O)[O-],4,5,0.0,0.0,0.9864864864864865,1.0,0.972972972972973,0.975609756097561,4,1,36,0
C[C@H](c1ccc(F)cc1)[C@H](/N=C(\c1ccccc1)c1ccccc1[N-]C(=O)[C@@H]1CCCN1Cc1ccccc1)C(=O)[O-],4,5,0.0,0.0,0.986842105263158,1.0,0.9736842105263158,0.9761904761904762,4,1,37,0
C[C@H](c1cccc(Cl)c1)[C@H](/N=C(\c1ccccc1)c1ccccc1[N-]C(=O)[C@@H]1CCCN1Cc1ccccc1)C(=O)[O-],4,5,0.0,0.0,0.986842105263158,1.0,0.9736842105263158,0.9761904761904762,4,1,37,0
C=CC/N=C(/N/N=C/c1ccccc1[O-])SC,3,3,1.0,1.0,1.0,1.0,1.0,1.0,3,0,14,0
CC#CC[O-],1,1,1.0,1.0,1.0,1.0,1.0,1.0,1,0,4,0
O=Cc1c(F)c(F)c(F)c(F)c1F,2,2,1.0,1.0,1.0,1.0,1.0,1.0,2,0,11,0
C1#C/C=C\C=C/C=C\1,2,4,0.0,0.0,0.8333333333333333,1.0,0.6666666666666666,0.75,2,2,4,0
C=C1[C@@H](N(C)C)C/C(=C(C(=[C]/OCC)/C(=O)OCC)\c2ccccc2)[C@H]1N(C)C,2,3,0.0,0.0,0.712962962962963,0.5,0.9259259259259259,0.896551724137931,1,2,25,1
C=C1[C@@H](N(C)C)C/C(=C(C(=[C]/OC(C)(C)C)/C(=O)OCC)\c2ccccc2)[C@H]1N(C)C,2,3,0.0,0.0,0.7155172413793103,0.5,0.9310344827586207,0.9032258064516129,1,2,27,1
CC(=O)O[C]c1ccccc1,1,2,0.0,0.0,0.95,1.0,0.9,0.9090909090909091,1,1,9,0
CCC(CC)(C(=O)[N-]c1cc(Cl)c(Cl)cc1[N-]C(=O)NC)C(=O)[N-]c1cc(Cl)c(Cl)cc1[N-]C(=O)NC,4,4,1.0,1.0,1.0,1.0,1.0,1.0,4,0,33,0
Cc1nn(C(C)n2nc(C)c(Br)c2C)c(C)c1Br,2,2,1.0,1.0,1.0,1.0,1.0,1.0,2,0,16,0
C[C@@H]1CC[C@@H](C(C)(C)c2ccccc2)[C@H](O[C]C[C@@H](c2ccccc2)[C@H](C)[C@](C)(O)c2ccc(Cl)cc2)C1,1,4,0.0,0.0,0.9594594594594594,1.0,0.918918918918919,0.9210526315789473,1,3,34,0
C[C@@H](/C(=N/N=C(\CP(c1ccccc1)c1ccccc1)C(C)(C)C)C(C)(C)C)P(c1ccccc1)c1ccccc1,3,4,0.0,0.0,0.986842105263158,1.0,0.9736842105263158,0.975609756097561,3,1,37,0
C[C@H](/C(=N\N=C(\[C@@H](C)P(c1ccccc1)c1ccccc1)C(C)(C)C)C(C)(C)C)P(c1ccccc1)c1ccccc1,3,4,0.0,0.0,0.9871794871794872,1.0,0.9743589743589743,0.9761904761904762,3,1,38,0
Cc1ccc(CS/C([S-])=N/N=C\c2ccc(C(C)C)cc2)cc1,2,2,1.0,1.0,1.0,1.0,1.0,1.0,2,0,21,0
[O-]c1ccccc1C1=[NH+]CCCN1,1,1,1.0,1.0,1.0,1.0,1.0,1.0,1,0,12,0
CCOc1cccc(-c2nc3ccccc3s2)c1[O-],2,2,1.0,1.0,1.0,1.0,1.0,1.0,2,0,17,0
O=S(CCP(c1ccccc1)c1ccccc1)CCP(c1ccccc1)c1ccccc1,3,4,0.0,0.0,0.9827586206896552,1.0,0.9655172413793104,0.96875,3,1,28,0
[C]#CCN1C(=O)[C@@H]2[C@H](C1=O)[C@@H]1C=C[C@H]2O1,1,3,0.0,0.0,0.9285714285714286,1.0,0.8571428571428571,0.8666666666666667,1,2,12,0
Fc1c(F)c(F)c(-c2c3nc(c(-c4c(F)c(F)c(F)c(F)c4F)c4[n-]c(c(Cl)c4Cl)c4[n-]c(c(Cl)c4Cl)c(-c4c(F)c(F)c(F)c(F)c4F)c4cc(I)c2[n-]4)C=C3I)c(F)c1F,4,4,1.0,1.0,1.0,1.0,1.0,1.0,4,0,58,0
C(=N/c1ccc2c(c1)OCCOCCOCCOCCO2)\c1ccccn1,2,5,0.0,0.0,0.94,1.0,0.88,0.8888888888888888,2,3,22,0
CC(C)c1cc(C2c3ccccc3-c3ccccc32)cc(C(C)C)c1/N=C1\CCCc2cccnc21,2,2,1.0,1.0,1.0,1.0,1.0,1.0,2,0,34,0
CC(C)(C)/C(CP(c1ccccc1)c1ccccc1)=N/N=C/c1[c]c(F)c(F)c(F)c1F,3,3,1.0,1.0,1.0,1.0,1.0,1.0,3,0,29,0
Cn1ccn(-c2ncccn2)c1=S,2,3,0.0,0.0,0.9545454545454546,1.0,0.9090909090909091,0.9230769230769231,2,1,10,0
COC(=O)[CH][C@H](O)C(=O)OC,1,2,0.0,0.0,0.95,1.0,0.9,0.9090909090909091,1,1,9,0
CC1([N+](=O)[O-])CNCC[N-]C(=O)CC(=O)[N-]CCNC1,4,4,1.0,1.0,1.0,1.0,1.0,1.0,4,0,16,0
O=C(Cc1[c]cccc1Cl)[N-]c1cccc2c1nnn2Cc1ccccc1,3,3,1.0,1.0,1.0,1.0,1.0,1.0,3,0,24,0
[O-]c1ccccc1/C=N/CCSSCC/N=C/c1ccccc1[O-],4,4,1.0,1.0,1.0,1.0,1.0,1.0,4,0,20,0
Fc1ccc(/C=N/c2ccccc2[S-])cc1,2,2,1.0,1.0,1.0,1.0,1.0,1.0,2,0,14,0
Cc1cc(C)c(/N=C/c2ccccn2)c(C(c2ccccc2)c2ccccc2)c1,2,2,1.0,1.0,1.0,1.0,1.0,1.0,2,0,27,0
CCOC(=O)/C=C/c1ccc([N+](=O)[O-])cc1,2,2,1.0,1.0,1.0,1.0,1.0,1.0,2,0,14,0
O=C(/C=C/c1ccc(Cl)cc1)Oc1ccc([N+](=O)[O-])cc1,2,2,1.0,1.0,1.0,1.0,1.0,1.0,2,0,19,0
CN([C](~[S-2])~[N-3]~[C](~[O-2])C(C)(C)C)c1ccccc1,2,2,1.0,1.0,1.0,1.0,1.0,1.0,2,0,15,0
Cc1ccc([O-])c(N)c1,2,2,1.0,1.0,1.0,1.0,1.0,1.0,2,0,7,0
ClC1=C(Cl)[N-](Cc2ccccc2)~[C]~[N-]1Cc1ccccc1,1,1,1.0,1.0,1.0,1.0,1.0,1.0,1,0,20,0
C[P+](C)(C)C1C=CC=C1,2,4,0.0,0.0,0.8571428571428572,1.0,0.7142857142857143,0.7777777777777778,2,2,5,0
CC(C)(C)c1cc(CN(CCC[O-])Cc2cc(C(C)(C)C)cc(C(C)(C)C)c2[O-])c([O-])c(C(C)(C)C)c1,4,4,1.0,1.0,1.0,1.0,1.0,1.0,4,0,33,0
C[P+](Cc1cccc([S-])c1[S-])(c1ccccc1)c1ccccc1,2,2,1.0,1.0,1.0,1.0,1.0,1.0,2,0,21,0
CN1C[C@@H]2c3nc(c(-c4c(F)c(F)c(F)c(F)c4F)c4[n-]c(c(-c5c(F)c(F)c(F)c(F)c5F)c5nc(c(-c6c(F)c(F)c(F)c(F)c6F)c6ccc([n-]6)c3-c3c(F)c(F)c(F)c(F)c3F)[C@@H]3CN(C)C[C@H]53)[C@H]3CN(C)C[C@@H]43)[C@@H]2C1,4,4,1.0,1.0,1.0,1.0,1.0,1.0,4,0,76,0
[C]=C=C(c1ccccc1)N(C)c1ccccc1,1,1,1.0,1.0,1.0,1.0,1.0,1.0,1,0,16,0
C[C@H](/N=C1\C[C@@H]2CC[C@@]1(C)C2(C)C)c1ccccc1,1,1,1.0,1.0,1.0,1.0,1.0,1.0,1,0,18,0
c1ccc(CSc2ccccc2NCCNc2ccccc2SCc2ccccc2)cc1,4,4,1.0,1.0,1.0,1.0,1.0,1.0,4,0,28,0
Cc1cc(/C=N/NC(N)=S)c([O-])c(C[N@@H+]2CCC[C@H]2C(=O)[O-])c1,3,5,0.0,0.0,0.95,1.0,0.9,0.9130434782608695,3,2,18,0
Cc1cc(/C=N/NC(=S)N2CCCC2)c([O-])c(C[N@@H+]2CCC[C@H]2C(=O)[O-])c1,3,5,0.0,0.0,0.9583333333333333,1.0,0.9166666666666666,0.9259259259259259,3,2,22,0
Cc1cc(/C=N/NC(=S)Nc2ccccc2)c([O-])c(C[N@@H+]2CCC[C@H]2C(=O)[O-])c1,3,5,0.0,0.0,0.9615384615384616,1.0,0.9230769230769231,0.9310344827586207,3,2,24,0
Cc1cc(C)c([N+]#P)c(C)c1,1,2,0.0,0.0,0.95,1.0,0.9,0.9090909090909091,1,1,9,0
NC1=CC(=O)[N-2]~[C]([S-])~[N-2]1,2,3,0.0,0.0,0.9285714285714286,1.0,0.8571428571428571,0.8888888888888888,2,1,6,0
COc1cc(-c2nc3ccccc3s2)cc(CN2CCN(C)CCN(C)CC2)c1[O-],4,4,1.0,1.0,1.0,1.0,1.0,1.0,4,0,26,0
Ic1cnn(-c2cncc(-n3cc(I)cn3)n2)c1,3,3,1.0,1.0,1.0,1.0,1.0,1.0,3,0,15,0
CC(=O)/N=c1\sc(S([NH-])(=O)=O)nn1C,1,3,0.0,0.0,0.9230769230769231,1.0,0.8461538461538461,0.8571428571428571,1,2,11,0
COc1c[c]c(C(=O)[CH][n+]2ccn(Cc3ccccc3)c2-c2ccccc2)cc1,2,2,1.0,1.0,1.0,1.0,1.0,1.0,2,0,27,0
CC(=N)C=N,2,2,1.0,1.0,1.0,1.0,1.0,1.0,2,0,3,0
Cc1cc(C)c(-c2c3c4ccccc4c(c4[n-]c(c(-c5c(C)cc(C)cc5C)c5c6ccccc6c(c6[n-]c2c2ccccc62)N=5)c2ccccc42)N=3)c(C)c1,4,4,1.0,1.0,1.0,1.0,1.0,1.0,4,0,52,0
C[Si](C)(C)C#Cc1ccc(-c2ccc(C3=C([Si](C)(C)C)C(c4ccc(-c5ccc(C#C[Si](C)(C)C)cc5)cc4)=C3[Si](C)(C)C)cc2)cc1,4,4,1.0,1.0,1.0,1.0,1.0,1.0,4,0,44,0
COc1ccc([S@@](=O)c2ccc(C)cc2)c(C2=NC(C)(C)CO2)c1,2,2,1.0,1.0,1.0,1.0,1.0,1.0,2,0,22,0
CCOC(=S)/C=C/c1ccccc1,1,3,0.0,0.0,0.9166666666666667,1.0,0.8333333333333334,0.8461538461538461,1,2,10,0
CN1CCN(C)C1=[N+]Cc1cc(C(C)(C)C)cc(C(C)(C)C)c1[O-],2,2,1.0,1.0,1.0,1.0,1.0,1.0,2,0,22,0
Ic1cc2nc(c1)CNCCNCCNC2,4,4,1.0,1.0,1.0,1.0,1.0,1.0,4,0,12,0
CC(C)(C)c1ccc([O-])c(-c2cccc(-c3cccc(-c4cc(C(C)(C)C)ccc4[O-])n3)n2)c1,4,4,1.0,1.0,1.0,1.0,1.0,1.0,4,0,30,0
NS(=O)(=O)c1ccc(/N=C/c2ccccn2)cc1,2,2,1.0,1.0,1.0,1.0,1.0,1.0,2,0,16,0
CC(C)(C)[Si](C)([C](~[N-2]C1CCCCC1)~[N-2]C1CCCCC1)C(C)(C)C,2,2,1.0,1.0,1.0,1.0,1.0,1.0,2,0,23,0
O=C(Nc1ccccc1P(c1ccccc1)c1ccccc1)[C@H]1[C@H]2c3ccccc3[C@H](c3ccccc32)[C@@H]1C(=O)Nc1ccccc1P(c1ccccc1)c1ccccc1,2,2,1.0,1.0,1.0,1.0,1.0,1.0,2,0,58,0
O/N=C1\N[C@@H]2CCCC[C@H]2N\C1=N/O,2,2,1.0,1.0,1.0,1.0,1.0,1.0,2,0,12,0
OCCCCc1ccccc1,6,6,1.0,1.0,1.0,1.0,1.0,1.0,6,0,5,0
Cc1nn(-c2ccccc2)c([O-])c1/C=N/c1ccccc1F,2,2,1.0,1.0,1.0,1.0,1.0,1.0,2,0,20,0
CCOC(=O)C(/C=N/CC[C@H](CC)/N=C/C(C(=O)OCC)=C(/C)[O-])=C(\C)[O-],4,4,1.0,1.0,1.0,1.0,1.0,1.0,4,0,23,0
Cc1nn(-c2ccccc2)c([O-])c1/C=N/c1ccccc1[O-],3,3,1.0,1.0,1.0,1.0,1.0,1.0,3,0,19,0
CC(C)c1cccc(C(C)C)c1[N-]C1=C(P(c2ccccc2)c2ccccc2)CCC1,2,2,1.0,1.0,1.0,1.0,1.0,1.0,2,0,29,0
CSc1nnc(SCC(=O)[O-])s1,1,4,0.0,0.0,0.8636363636363636,1.0,0.7272727272727273,0.75,1,3,8,0
c1ccc(P(CCP(CP(c2ccccc2)c2ccccc2)c2ccccc2)CP(c2ccccc2)c2ccccc2)cc1,2,4,0.0,0.0,0.9761904761904762,1.0,0.9523809523809523,0.9545454545454546,2,2,40,0
CC1(C)O[C]C=C1N(Cc1ccccc1)Cc1ccccc1,1,1,1.0,1.0,1.0,1.0,1.0,1.0,1,0,21,0
C=CC(=O)Nc1ccccc1,2,0,0.0,0.0,0.5,0.0,1.0,0.8181818181818182,0,0,9,2
Nn1c(-c2ccc(Br)cc2)nnc1-c1ccccn1,2,3,0.0,0.0,0.9705882352941176,1.0,0.9411764705882353,0.9473684210526315,2,1,16,0
[O-]c1ccc(Br)cc1/C=N/N=c1\[n-]nc(-c2cc(Br)ccc2O)n1/N=C/c1cc(Br)ccc1O,3,4,0.0,0.0,0.9838709677419355,1.0,0.967741935483871,0.9705882352941176,3,1,30,0
CC(C)[C@H](N)CO[P+](=O)OC[C@@H](N)C(C)C,3,3,1.0,1.0,1.0,1.0,1.0,1.0,3,0,13,0
C/[C]=C/c1ccccc1[S-],2,2,1.0,1.0,1.0,1.0,1.0,1.0,2,0,8,0
Cc1cccc2c1Oc1ccccc1N=C2c1[c]cccc1,2,2,1.0,1.0,1.0,1.0,1.0,1.0,2,0,20,0
COC(=O)[CH]P(/C=C(\[O-])OC)C(C)C,3,3,1.0,1.0,1.0,1.0,1.0,1.0,3,0,11,0
CCC1=C(CC)NC(C)(C)C=N1,4,1,0.0,0.0,0.625,0.25,1.0,0.75,1,0,8,3
CO[C]C1CC1,1,1,1.0,1.0,1.0,1.0,1.0,1.0,1,0,5,0
CC(C)(C)OP(OC(C)(C)C)OC(C)(C)C,1,1,1.0,1.0,1.0,1.0,1.0,1.0,1,0,15,0
[N-]=P(c1ccccc1-c1cccc(-c2ccccc2P(=[N-])([C@]23C[C@H]4C[C@H](C[C@H](C4)C2)C3)[C@]23C[C@H]4C[C@H](C[C@H](C4)C2)C3)c1)([C@]12C[C@H]3C[C@H](C[C@H](C3)C1)C2)[C@]12C[C@H]3C[C@H](C[C@H](C3)C1)C2,2,2,1.0,1.0,1.0,1.0,1.0,1.0,2,0,60,0
COC(=O)C(CCc1ccccn1)CCc1ccccn1,2,2,1.0,1.0,1.0,1.0,1.0,1.0,2,0,19,0
c1ccc(N2CCN(CP(CN3CCN(c4ccccn4)CC3)CN3CCN(c4ccccn4)CC3)CC2)nc1,1,1,1.0,1.0,1.0,1.0,1.0,1.0,1,0,39,0
C/C(=N\c1ccccc1-c1nc2ccccc2[nH]1)c1ccccn1,3,3,1.0,1.0,1.0,1.0,1.0,1.0,3,0,21,0
Cc1cnn(C(C)(n2ncc(C)c2C)n2ncc(C)c2C)c1C,3,3,1.0,1.0,1.0,1.0,1.0,1.0,3,0,20,0
Cc1cc(C)n(C(C)(n2nc(C)cc2C)n2nc(C)cc2C)n1,3,3,1.0,1.0,1.0,1.0,1.0,1.0,3,0,20,0
[O-][C]1CCCC[C]~1~[CH]c1ccccc1,4,4,1.0,1.0,1.0,1.0,1.0,1.0,4,0,10,0
O=C([O-])C1=C(C(=O)O)C2c3cccc(P(c4ccccc4)c4ccccc4)c3[C]1c1c2cccc1P(c1ccccc1)c1ccccc1,4,5,0.0,0.0,0.9886363636363636,1.0,0.9772727272727273,0.9791666666666666,4,1,43,0
C[C@@H](O)[C@@H](C(=O)[O-])N(C)C,2,4,0.0,0.0,0.875,1.0,0.75,0.8,2,2,6,0
[S-]/C(=N\c1ccccc1)[C@H]1CCCN1Cc1cccc(CN2CCC[C@@H]2/C([S-])=N/c2ccccc2)n1,5,5,1.0,1.0,1.0,1.0,1.0,1.0,5,0,31,0
OCCc1ccncc1,1,1,1.0,1.0,1.0,1.0,1.0,1.0,1,0,8,0
C[Si](n1ccc2cccnc21)(n1ccc2cccnc21)n1ccc2cccnc21,2,3,0.0,0.0,0.9814814814814814,1.0,0.9629629629629629,0.9655172413793104,2,1,26,0
C[Si](C)(n1ccc2cccnc21)n1ccc2cccnc21,2,2,1.0,1.0,1.0,1.0,1.0,1.0,2,0,19,0
[CH2]~[CH]~[CH]C(C)(C)c1ccccc1,3,3,1.0,1.0,1.0,1.0,1.0,1.0,3,0,9,0
C[Si](C)(C)[CH][P+](C)(C)C,1,1,1.0,1.0,1.0,1.0,1.0,1.0,1,0,8,0
COC(=O)c1ccc(C(=O)[N-]CCN(CC[N-]C(=O)c2ccc(C(=O)OC)cn2)CC[N-]C(=O)c2ccc(C(=O)OC)cn2)nc1,6,7,0.0,0.0,0.9875,1.0,0.975,0.9782608695652174,6,1,39,0
COC(=O)c1ccc(C(=O)[N-]CCN(CC[N-]C(=O)c2ccc(C(=O)OC)cn2)CCNC(=O)c2ccc(C(=O)OC)cn2)nc1,5,7,0.0,0.0,0.975609756097561,1.0,0.9512195121951219,0.9565217391304348,5,2,39,0
CN1CCN(N(P(c2ccccc2)c2ccccc2)P(c2ccccc2)c2ccccc2)CC1,2,2,1.0,1.0,1.0,1.0,1.0,1.0,2,0,32,0
C1#Cc2ccc(cc2)CCc2ccc1cc2,2,2,1.0,1.0,1.0,1.0,1.0,1.0,2,0,14,0
C[CH][C@]1(CC)c2cc(C)cc(n2)C(CC)(CC)c2ccc([n-]2)C(CC)(CC)c2ccc([n-]2)C(CC)(CC)c2ccc1[n-]2,5,5,1.0,1.0,1.0,1.0,1.0,1.0,5,0,37,0
[O-]c1cc(C#Cc2ccsc2)c(C#Cc2ccsc2)cc1[O-],2,2,1.0,1.0,1.0,1.0,1.0,1.0,2,0,20,0
Cc1cccc(C)c1/N=C1C(=N/c2c(C)cccc2C)/c2ccccc2-c2ccccc2/1,2,2,1.0,1.0,1.0,1.0,1.0,1.0,2,0,30,0
CNC(=O)CCP(c1ccccc1)c1ccccc1,1,1,1.0,1.0,1.0,1.0,1.0,1.0,1,0,18,0
Cn1[c]c([Si](C)(C)C)[n+](C)c1,1,1,1.0,1.0,1.0,1.0,1.0,1.0,1,0,10,0
[CH]=C(C/C(=[C]/Oc1cccc2cccnc12)[P+](c1ccccc1)(c1ccccc1)c1ccccc1)[P+](c1ccccc1)(c1ccccc1)c1ccccc1,3,3,1.0,1.0,1.0,1.0,1.0,1.0,3,0,51,0
C[n+]1nn(Cc2ccccc2)[c]c1-c1[c]cc(C(F)(F)F)cc1,2,2,1.0,1.0,1.0,1.0,1.0,1.0,2,0,21,0
COC(=O)c1ccc(SCc2cccc(C(=O)[O-])n2)cc1,3,4,0.0,0.0,0.9722222222222222,1.0,0.9444444444444444,0.9523809523809523,3,1,17,0
CN1[C]SC=C1,1,1,1.0,1.0,1.0,1.0,1.0,1.0,1,0,5,0
C=C[C@H]1CN2CC[C@H]1C[C@@H]2[C@@H]([O-])c1ccnc2ccccc12,2,3,0.0,0.0,0.975,1.0,0.95,0.9545454545454546,2,1,19,0
C/C([O-])=C(\C#N)c1nnnn1-c1ccccc1,2,2,1.0,1.0,1.0,1.0,1.0,1.0,2,0,15,0
CCCCn1c(Cc2cc(C)[nH]n2)nc2ccccc21,2,2,1.0,1.0,1.0,1.0,1.0,1.0,2,0,18,0
CC(=N)/C(=C(\C=C/CC(=O)c1ccccc1)[P+](c1ccccc1)(c1ccccc1)c1ccccc1)c1ccccc1,4,4,1.0,1.0,1.0,1.0,1.0,1.0,4,0,37,0
CCOC(=O)[N-][N+](=O)[O-],1,3,0.0,0.0,0.875,1.0,0.75,0.7777777777777778,1,2,6,0
COCCOCCOc1ccc(/C=C/c2ccc(-c3cc(-c4ccccn4)nc(-c4ccccn4)c3)cc2)cc1,3,3,1.0,1.0,1.0,1.0,1.0,1.0,3,0,37,0
N#CC(/N=C/c1ccccc1)=C(\C#N)[N-]Cc1ccccn1,3,3,1.0,1.0,1.0,1.0,1.0,1.0,3,0,19,0
C[C@@H]1CO[C@@]2(CC[C]O2)[C@H](C)C1,1,1,1.0,1.0,1.0,1.0,1.0,1.0,1,0,11,0
Nc1ncnc2c1ncn2CCNCCNCCn1cnc2c(N)ncnc21,4,6,0.0,0.0,0.9583333333333333,1.0,0.9166666666666666,0.9285714285714286,4,2,22,0
C1CCN2N=NC[C@H]2C1,1,1,1.0,1.0,1.0,1.0,1.0,1.0,1,0,8,0
CCc1cccc(CC)c1/N=C(\C)c1ccc[n-]1,2,2,1.0,1.0,1.0,1.0,1.0,1.0,2,0,16,0
C[C@@H](O[O-])C(=O)[O-],2,3,0.0,0.0,0.9,1.0,0.8,0.8571428571428571,2,1,4,0
NC(=O)N/N=C(\c1ccccc1)c1ccc([N+](=O)[O-])cc1,1,2,0.0,0.0,0.45,0.0,0.9,0.8571428571428571,0,2,18,1
COC(=O)CP(/C=C(\[O-])OC)C(C)(C)C,3,3,1.0,1.0,1.0,1.0,1.0,1.0,3,0,12,0
Cc1cc(C)cc(N=P(c2cccc3c2oc2c(P(=Nc4cc(C)cc(C)c4)(C(C)C)C(C)C)cccc23)(C(C)C)C(C)C)c1,3,3,1.0,1.0,1.0,1.0,1.0,1.0,3,0,42,0
C=C1C=CC=C[C@]12CCc1ccccc1C2,4,12,0.0,0.0,0.6666666666666666,1.0,0.3333333333333333,0.5,4,8,4,0
CC1=C[C@@]2(C)C(C)=CP(c3ccccc3)[C@H]2[C@H]2[C@@H]3C(C)=C(C)[C@@H](P3c3ccccc3)[C@@]12C,2,2,1.0,1.0,1.0,1.0,1.0,1.0,2,0,30,0
C=C[C@H]1C[N@@H+]2CC[C@H]1C[C@@H]2[C@@H]([O-])c1ccnc2ccc(OC)cc12,1,2,0.0,0.0,0.9782608695652174,1.0,0.9565217391304348,0.9583333333333334,1,1,22,0
Cc1ccc(N=P(c2ccccc2)(c2ccccc2)C(C)P(=Nc2ccc(C)cc2)(c2ccccc2)c2ccccc2)cc1,2,2,1.0,1.0,1.0,1.0,1.0,1.0,2,0,42,0
CCOC(=O)C[C@@H]1C=CC=CN1C(C)=O,2,2,1.0,1.0,1.0,1.0,1.0,1.0,2,0,13,0
c1ccc(Cn2cc(CN(CCn3cccn3)CCn3cccn3)nn2)cc1,4,4,1.0,1.0,1.0,1.0,1.0,1.0,4,0,24,0
Cc1cc(C)n(CCN(CCn2nc(C)cc2C)Cc2cn(Cc3ccccc3)nn2)n1,4,4,1.0,1.0,1.0,1.0,1.0,1.0,4,0,28,0
[CH2]~[C](C)~[C](C)CB1N(c2c(C(C)C)cccc2C(C)C)C=CN1c1c(C(C)C)cccc1C(C)C,3,3,1.0,1.0,1.0,1.0,1.0,1.0,3,0,32,0
O=[N+]([O-])c1ccc([N-2]~[N-3]~[N-2]c2ccc([N+](=O)[O-])c(C(F)(F)F)c2)cc1C(F)(F)F,2,2,1.0,1.0,1.0,1.0,1.0,1.0,2,0,27,0
[O-]c1ccc(Cl)cc1/C=N/c1ccccc1Sc1ccccc1,3,3,1.0,1.0,1.0,1.0,1.0,1.0,3,0,20,0
CO[C@@H]1[CH][C@H]2C=C[C@@H]1C2,3,4,0.0,0.0,0.9166666666666667,1.0,0.8333333333333334,0.8888888888888888,3,1,5,0
[S-]c1ccccc1/N=C/c1ccc(Cl)cc1,2,2,1.0,1.0,1.0,1.0,1.0,1.0,2,0,14,0
[CH]=Cc1cccnc1,1,2,0.0,0.0,0.9285714285714286,1.0,0.8571428571428571,0.875,1,1,6,0
